# position (i,j,k)
     40      40       5
     40      40       6
     40      40       7
     40      40       8
     40      40       9
     40      40      10
     40      40      11
     40      40      12
     40      40      13
     40      40      14
     40      40      15
     40      40      16
     40      40      17
     40      41       5
     40      41       6
     40      41       7
     40      41       8
     40      41       9
     40      41      10
     40      41      11
     40      41      12
     40      41      13
     40      41      14
     40      41      15
     40      41      16
     40      41      17
     40      42       5
     40      42       6
     40      42       7
     40      42       8
     40      42       9
     40      42      10
     40      42      11
     40      42      12
     40      42      13
     40      42      14
     40      42      15
     40      42      16
     40      42      17
     40      43       5
     40      43       6
     40      43       7
     40      43       8
     40      43       9
     40      43      10
     40      43      11
     40      43      12
     40      43      13
     40      43      14
     40      43      15
     40      43      16
     40      43      17
     40      44       5
     40      44       6
     40      44       7
     40      44       8
     40      44       9
     40      44      10
     40      44      11
     40      44      12
     40      44      13
     40      44      14
     40      44      15
     40      44      16
     40      44      17
     40      45       5
     40      45       6
     40      45       7
     40      45       8
     40      45       9
     40      45      10
     40      45      11
     40      45      12
     40      45      13
     40      45      14
     40      45      15
     40      45      16
     40      45      17
     40      46       5
     40      46       6
     40      46       7
     40      46       8
     40      46       9
     40      46      10
     40      46      11
     40      46      12
     40      46      13
     40      46      14
     40      46      15
     40      46      16
     40      46      17
     40      47       5
     40      47       6
     40      47       7
     40      47       8
     40      47       9
     40      47      10
     40      47      11
     40      47      12
     40      47      13
     40      47      14
     40      47      15
     40      47      16
     40      47      17
     40      48       5
     40      48       6
     40      48       7
     40      48       8
     40      48       9
     40      48      10
     40      48      11
     40      48      12
     40      48      13
     40      48      14
     40      48      15
     40      48      16
     40      48      17
     40      49       5
     40      49       6
     40      49       7
     40      49       8
     40      49       9
     40      49      10
     40      49      11
     40      49      12
     40      49      13
     40      49      14
     40      49      15
     40      49      16
     40      49      17
     40      50       5
     40      50       6
     40      50       7
     40      50       8
     40      50       9
     40      50      10
     40      50      11
     40      50      12
     40      50      13
     40      50      14
     40      50      15
     40      50      16
     40      50      17
     40      51       5
     40      51       6
     40      51       7
     40      51       8
     40      51       9
     40      51      10
     40      51      11
     40      51      12
     40      51      13
     40      51      14
     40      51      15
     40      51      16
     40      51      17
     40      52       5
     40      52       6
     40      52       7
     40      52       8
     40      52       9
     40      52      10
     40      52      11
     40      52      12
     40      52      13
     40      52      14
     40      52      15
     40      52      16
     40      52      17
     40      53       5
     40      53       6
     40      53       7
     40      53       8
     40      53       9
     40      53      10
     40      53      11
     40      53      12
     40      53      13
     40      53      14
     40      53      15
     40      53      16
     40      53      17
     40      54       5
     40      54       6
     40      54       7
     40      54       8
     40      54       9
     40      54      10
     40      54      11
     40      54      12
     40      54      13
     40      54      14
     40      54      15
     40      54      16
     40      54      17
     40      55       5
     40      55       6
     40      55       7
     40      55       8
     40      55       9
     40      55      10
     40      55      11
     40      55      12
     40      55      13
     40      55      14
     40      55      15
     40      55      16
     40      55      17
     40      56       5
     40      56       6
     40      56       7
     40      56       8
     40      56       9
     40      56      10
     40      56      11
     40      56      12
     40      56      13
     40      56      14
     40      56      15
     40      56      16
     40      56      17
     40      57       5
     40      57       6
     40      57       7
     40      57       8
     40      57       9
     40      57      10
     40      57      11
     40      57      12
     40      57      13
     40      57      14
     40      57      15
     40      57      16
     40      57      17
     40      58       5
     40      58       6
     40      58       7
     40      58       8
     40      58       9
     40      58      10
     40      58      11
     40      58      12
     40      58      13
     40      58      14
     40      58      15
     40      58      16
     40      58      17
     40      59       5
     40      59       6
     40      59       7
     40      59       8
     40      59       9
     40      59      10
     40      59      11
     40      59      12
     40      59      13
     40      59      14
     40      59      15
     40      59      16
     40      59      17
     40      60       5
     40      60       6
     40      60       7
     40      60       8
     40      60       9
     40      60      10
     40      60      11
     40      60      12
     40      60      13
     40      60      14
     40      60      15
     40      60      16
     40      60      17
     40      61       5
     40      61       6
     40      61       7
     40      61       8
     40      61       9
     40      61      10
     40      61      11
     40      61      12
     40      61      13
     40      61      14
     40      61      15
     40      61      16
     40      61      17
     40      62       5
     40      62       6
     40      62       7
     40      62       8
     40      62       9
     40      62      10
     40      62      11
     40      62      12
     40      62      13
     40      62      14
     40      62      15
     40      62      16
     40      62      17
     40      63       5
     40      63       6
     40      63       7
     40      63       8
     40      63       9
     40      63      10
     40      63      11
     40      63      12
     40      63      13
     40      63      14
     40      63      15
     40      63      16
     40      63      17
     40      64       5
     40      64       6
     40      64       7
     40      64       8
     40      64       9
     40      64      10
     40      64      11
     40      64      12
     40      64      13
     40      64      14
     40      64      15
     40      64      16
     40      64      17
     40      65       5
     40      65       6
     40      65       7
     40      65       8
     40      65       9
     40      65      10
     40      65      11
     40      65      12
     40      65      13
     40      65      14
     40      65      15
     40      65      16
     40      65      17
     40      66       5
     40      66       6
     40      66       7
     40      66       8
     40      66       9
     40      66      10
     40      66      11
     40      66      12
     40      66      13
     40      66      14
     40      66      15
     40      66      16
     40      66      17
     40      67       5
     40      67       6
     40      67       7
     40      67       8
     40      67       9
     40      67      10
     40      67      11
     40      67      12
     40      67      13
     40      67      14
     40      67      15
     40      67      16
     40      67      17
     40      68       5
     40      68       6
     40      68       7
     40      68       8
     40      68       9
     40      68      10
     40      68      11
     40      68      12
     40      68      13
     40      68      14
     40      68      15
     40      68      16
     40      68      17
     40      69       5
     40      69       6
     40      69       7
     40      69       8
     40      69       9
     40      69      10
     40      69      11
     40      69      12
     40      69      13
     40      69      14
     40      69      15
     40      69      16
     40      69      17
     40      70       5
     40      70       6
     40      70       7
     40      70       8
     40      70       9
     40      70      10
     40      70      11
     40      70      12
     40      70      13
     40      70      14
     40      70      15
     40      70      16
     40      70      17
     40      71       5
     40      71       6
     40      71       7
     40      71       8
     40      71       9
     40      71      10
     40      71      11
     40      71      12
     40      71      13
     40      71      14
     40      71      15
     40      71      16
     40      71      17
     40      72       5
     40      72       6
     40      72       7
     40      72       8
     40      72       9
     40      72      10
     40      72      11
     40      72      12
     40      72      13
     40      72      14
     40      72      15
     40      72      16
     40      72      17
     40      73       5
     40      73       6
     40      73       7
     40      73       8
     40      73       9
     40      73      10
     40      73      11
     40      73      12
     40      73      13
     40      73      14
     40      73      15
     40      73      16
     40      73      17
     40      74       5
     40      74       6
     40      74       7
     40      74       8
     40      74       9
     40      74      10
     40      74      11
     40      74      12
     40      74      13
     40      74      14
     40      74      15
     40      74      16
     40      74      17
     40      75       5
     40      75       6
     40      75       7
     40      75       8
     40      75       9
     40      75      10
     40      75      11
     40      75      12
     40      75      13
     40      75      14
     40      75      15
     40      75      16
     40      75      17
     40      76       5
     40      76       6
     40      76       7
     40      76       8
     40      76       9
     40      76      10
     40      76      11
     40      76      12
     40      76      13
     40      76      14
     40      76      15
     40      76      16
     40      76      17
     40      77       5
     40      77       6
     40      77       7
     40      77       8
     40      77       9
     40      77      10
     40      77      11
     40      77      12
     40      77      13
     40      77      14
     40      77      15
     40      77      16
     40      77      17
     40      78       5
     40      78       6
     40      78       7
     40      78       8
     40      78       9
     40      78      10
     40      78      11
     40      78      12
     40      78      13
     40      78      14
     40      78      15
     40      78      16
     40      78      17
     40      79       5
     40      79       6
     40      79       7
     40      79       8
     40      79       9
     40      79      10
     40      79      11
     40      79      12
     40      79      13
     40      79      14
     40      79      15
     40      79      16
     40      79      17
     40      80       5
     40      80       6
     40      80       7
     40      80       8
     40      80       9
     40      80      10
     40      80      11
     40      80      12
     40      80      13
     40      80      14
     40      80      15
     40      80      16
     40      80      17
     40      81       5
     40      81       6
     40      81       7
     40      81       8
     40      81       9
     40      81      10
     40      81      11
     40      81      12
     40      81      13
     40      81      14
     40      81      15
     40      81      16
     40      81      17
     40      82       5
     40      82       6
     40      82       7
     40      82       8
     40      82       9
     40      82      10
     40      82      11
     40      82      12
     40      82      13
     40      82      14
     40      82      15
     40      82      16
     40      82      17
     40      83       5
     40      83       6
     40      83       7
     40      83       8
     40      83       9
     40      83      10
     40      83      11
     40      83      12
     40      83      13
     40      83      14
     40      83      15
     40      83      16
     40      83      17
     40      84       5
     40      84       6
     40      84       7
     40      84       8
     40      84       9
     40      84      10
     40      84      11
     40      84      12
     40      84      13
     40      84      14
     40      84      15
     40      84      16
     40      84      17
     41      40       5
     41      40       6
     41      40       7
     41      40       8
     41      40       9
     41      40      10
     41      40      11
     41      40      12
     41      40      13
     41      40      14
     41      40      15
     41      40      16
     41      40      17
     41      41       5
     41      41       6
     41      41       7
     41      41       8
     41      41       9
     41      41      10
     41      41      11
     41      41      12
     41      41      13
     41      41      14
     41      41      15
     41      41      16
     41      41      17
     41      42       5
     41      42       6
     41      42       7
     41      42       8
     41      42       9
     41      42      10
     41      42      11
     41      42      12
     41      42      13
     41      42      14
     41      42      15
     41      42      16
     41      42      17
     41      43       5
     41      43       6
     41      43       7
     41      43       8
     41      43       9
     41      43      10
     41      43      11
     41      43      12
     41      43      13
     41      43      14
     41      43      15
     41      43      16
     41      43      17
     41      44       5
     41      44       6
     41      44       7
     41      44       8
     41      44       9
     41      44      10
     41      44      11
     41      44      12
     41      44      13
     41      44      14
     41      44      15
     41      44      16
     41      44      17
     41      45       5
     41      45       6
     41      45       7
     41      45       8
     41      45       9
     41      45      10
     41      45      11
     41      45      12
     41      45      13
     41      45      14
     41      45      15
     41      45      16
     41      45      17
     41      46       5
     41      46       6
     41      46       7
     41      46       8
     41      46       9
     41      46      10
     41      46      11
     41      46      12
     41      46      13
     41      46      14
     41      46      15
     41      46      16
     41      46      17
     41      47       5
     41      47       6
     41      47       7
     41      47       8
     41      47       9
     41      47      10
     41      47      11
     41      47      12
     41      47      13
     41      47      14
     41      47      15
     41      47      16
     41      47      17
     41      48       5
     41      48       6
     41      48       7
     41      48       8
     41      48       9
     41      48      10
     41      48      11
     41      48      12
     41      48      13
     41      48      14
     41      48      15
     41      48      16
     41      48      17
     41      49       5
     41      49       6
     41      49       7
     41      49       8
     41      49       9
     41      49      10
     41      49      11
     41      49      12
     41      49      13
     41      49      14
     41      49      15
     41      49      16
     41      49      17
     41      50       5
     41      50       6
     41      50       7
     41      50       8
     41      50       9
     41      50      10
     41      50      11
     41      50      12
     41      50      13
     41      50      14
     41      50      15
     41      50      16
     41      50      17
     41      51       5
     41      51       6
     41      51       7
     41      51       8
     41      51       9
     41      51      10
     41      51      11
     41      51      12
     41      51      13
     41      51      14
     41      51      15
     41      51      16
     41      51      17
     41      52       5
     41      52       6
     41      52       7
     41      52       8
     41      52       9
     41      52      10
     41      52      11
     41      52      12
     41      52      13
     41      52      14
     41      52      15
     41      52      16
     41      52      17
     41      53       5
     41      53       6
     41      53       7
     41      53       8
     41      53       9
     41      53      10
     41      53      11
     41      53      12
     41      53      13
     41      53      14
     41      53      15
     41      53      16
     41      53      17
     41      54       5
     41      54       6
     41      54       7
     41      54       8
     41      54       9
     41      54      10
     41      54      11
     41      54      12
     41      54      13
     41      54      14
     41      54      15
     41      54      16
     41      54      17
     41      55       5
     41      55       6
     41      55       7
     41      55       8
     41      55       9
     41      55      10
     41      55      11
     41      55      12
     41      55      13
     41      55      14
     41      55      15
     41      55      16
     41      55      17
     41      56       5
     41      56       6
     41      56       7
     41      56       8
     41      56       9
     41      56      10
     41      56      11
     41      56      12
     41      56      13
     41      56      14
     41      56      15
     41      56      16
     41      56      17
     41      57       5
     41      57       6
     41      57       7
     41      57       8
     41      57       9
     41      57      10
     41      57      11
     41      57      12
     41      57      13
     41      57      14
     41      57      15
     41      57      16
     41      57      17
     41      58       5
     41      58       6
     41      58       7
     41      58       8
     41      58       9
     41      58      10
     41      58      11
     41      58      12
     41      58      13
     41      58      14
     41      58      15
     41      58      16
     41      58      17
     41      59       5
     41      59       6
     41      59       7
     41      59       8
     41      59       9
     41      59      10
     41      59      11
     41      59      12
     41      59      13
     41      59      14
     41      59      15
     41      59      16
     41      59      17
     41      60       5
     41      60       6
     41      60       7
     41      60       8
     41      60       9
     41      60      10
     41      60      11
     41      60      12
     41      60      13
     41      60      14
     41      60      15
     41      60      16
     41      60      17
     41      61       5
     41      61       6
     41      61       7
     41      61       8
     41      61       9
     41      61      10
     41      61      11
     41      61      12
     41      61      13
     41      61      14
     41      61      15
     41      61      16
     41      61      17
     41      62       5
     41      62       6
     41      62       7
     41      62       8
     41      62       9
     41      62      10
     41      62      11
     41      62      12
     41      62      13
     41      62      14
     41      62      15
     41      62      16
     41      62      17
     41      63       5
     41      63       6
     41      63       7
     41      63       8
     41      63       9
     41      63      10
     41      63      11
     41      63      12
     41      63      13
     41      63      14
     41      63      15
     41      63      16
     41      63      17
     41      64       5
     41      64       6
     41      64       7
     41      64       8
     41      64       9
     41      64      10
     41      64      11
     41      64      12
     41      64      13
     41      64      14
     41      64      15
     41      64      16
     41      64      17
     41      65       5
     41      65       6
     41      65       7
     41      65       8
     41      65       9
     41      65      10
     41      65      11
     41      65      12
     41      65      13
     41      65      14
     41      65      15
     41      65      16
     41      65      17
     41      66       5
     41      66       6
     41      66       7
     41      66       8
     41      66       9
     41      66      10
     41      66      11
     41      66      12
     41      66      13
     41      66      14
     41      66      15
     41      66      16
     41      66      17
     41      67       5
     41      67       6
     41      67       7
     41      67       8
     41      67       9
     41      67      10
     41      67      11
     41      67      12
     41      67      13
     41      67      14
     41      67      15
     41      67      16
     41      67      17
     41      68       5
     41      68       6
     41      68       7
     41      68       8
     41      68       9
     41      68      10
     41      68      11
     41      68      12
     41      68      13
     41      68      14
     41      68      15
     41      68      16
     41      68      17
     41      69       5
     41      69       6
     41      69       7
     41      69       8
     41      69       9
     41      69      10
     41      69      11
     41      69      12
     41      69      13
     41      69      14
     41      69      15
     41      69      16
     41      69      17
     41      70       5
     41      70       6
     41      70       7
     41      70       8
     41      70       9
     41      70      10
     41      70      11
     41      70      12
     41      70      13
     41      70      14
     41      70      15
     41      70      16
     41      70      17
     41      71       5
     41      71       6
     41      71       7
     41      71       8
     41      71       9
     41      71      10
     41      71      11
     41      71      12
     41      71      13
     41      71      14
     41      71      15
     41      71      16
     41      71      17
     41      72       5
     41      72       6
     41      72       7
     41      72       8
     41      72       9
     41      72      10
     41      72      11
     41      72      12
     41      72      13
     41      72      14
     41      72      15
     41      72      16
     41      72      17
     41      73       5
     41      73       6
     41      73       7
     41      73       8
     41      73       9
     41      73      10
     41      73      11
     41      73      12
     41      73      13
     41      73      14
     41      73      15
     41      73      16
     41      73      17
     41      74       5
     41      74       6
     41      74       7
     41      74       8
     41      74       9
     41      74      10
     41      74      11
     41      74      12
     41      74      13
     41      74      14
     41      74      15
     41      74      16
     41      74      17
     41      75       5
     41      75       6
     41      75       7
     41      75       8
     41      75       9
     41      75      10
     41      75      11
     41      75      12
     41      75      13
     41      75      14
     41      75      15
     41      75      16
     41      75      17
     41      76       5
     41      76       6
     41      76       7
     41      76       8
     41      76       9
     41      76      10
     41      76      11
     41      76      12
     41      76      13
     41      76      14
     41      76      15
     41      76      16
     41      76      17
     41      77       5
     41      77       6
     41      77       7
     41      77       8
     41      77       9
     41      77      10
     41      77      11
     41      77      12
     41      77      13
     41      77      14
     41      77      15
     41      77      16
     41      77      17
     41      78       5
     41      78       6
     41      78       7
     41      78       8
     41      78       9
     41      78      10
     41      78      11
     41      78      12
     41      78      13
     41      78      14
     41      78      15
     41      78      16
     41      78      17
     41      79       5
     41      79       6
     41      79       7
     41      79       8
     41      79       9
     41      79      10
     41      79      11
     41      79      12
     41      79      13
     41      79      14
     41      79      15
     41      79      16
     41      79      17
     41      80       5
     41      80       6
     41      80       7
     41      80       8
     41      80       9
     41      80      10
     41      80      11
     41      80      12
     41      80      13
     41      80      14
     41      80      15
     41      80      16
     41      80      17
     41      81       5
     41      81       6
     41      81       7
     41      81       8
     41      81       9
     41      81      10
     41      81      11
     41      81      12
     41      81      13
     41      81      14
     41      81      15
     41      81      16
     41      81      17
     41      82       5
     41      82       6
     41      82       7
     41      82       8
     41      82       9
     41      82      10
     41      82      11
     41      82      12
     41      82      13
     41      82      14
     41      82      15
     41      82      16
     41      82      17
     41      83       5
     41      83       6
     41      83       7
     41      83       8
     41      83       9
     41      83      10
     41      83      11
     41      83      12
     41      83      13
     41      83      14
     41      83      15
     41      83      16
     41      83      17
     41      84       5
     41      84       6
     41      84       7
     41      84       8
     41      84       9
     41      84      10
     41      84      11
     41      84      12
     41      84      13
     41      84      14
     41      84      15
     41      84      16
     41      84      17
     42      40       5
     42      40       6
     42      40       7
     42      40       8
     42      40       9
     42      40      10
     42      40      11
     42      40      12
     42      40      13
     42      40      14
     42      40      15
     42      40      16
     42      40      17
     42      41       5
     42      41       6
     42      41       7
     42      41       8
     42      41       9
     42      41      10
     42      41      11
     42      41      12
     42      41      13
     42      41      14
     42      41      15
     42      41      16
     42      41      17
     42      42       5
     42      42       6
     42      42       7
     42      42       8
     42      42       9
     42      42      10
     42      42      11
     42      42      12
     42      42      13
     42      42      14
     42      42      15
     42      42      16
     42      42      17
     42      43       5
     42      43       6
     42      43       7
     42      43       8
     42      43       9
     42      43      10
     42      43      11
     42      43      12
     42      43      13
     42      43      14
     42      43      15
     42      43      16
     42      43      17
     42      44       5
     42      44       6
     42      44       7
     42      44       8
     42      44       9
     42      44      10
     42      44      11
     42      44      12
     42      44      13
     42      44      14
     42      44      15
     42      44      16
     42      44      17
     42      45       5
     42      45       6
     42      45       7
     42      45       8
     42      45       9
     42      45      10
     42      45      11
     42      45      12
     42      45      13
     42      45      14
     42      45      15
     42      45      16
     42      45      17
     42      46       5
     42      46       6
     42      46       7
     42      46       8
     42      46       9
     42      46      10
     42      46      11
     42      46      12
     42      46      13
     42      46      14
     42      46      15
     42      46      16
     42      46      17
     42      47       5
     42      47       6
     42      47       7
     42      47       8
     42      47       9
     42      47      10
     42      47      11
     42      47      12
     42      47      13
     42      47      14
     42      47      15
     42      47      16
     42      47      17
     42      48       5
     42      48       6
     42      48       7
     42      48       8
     42      48       9
     42      48      10
     42      48      11
     42      48      12
     42      48      13
     42      48      14
     42      48      15
     42      48      16
     42      48      17
     42      49       5
     42      49       6
     42      49       7
     42      49       8
     42      49       9
     42      49      10
     42      49      11
     42      49      12
     42      49      13
     42      49      14
     42      49      15
     42      49      16
     42      49      17
     42      50       5
     42      50       6
     42      50       7
     42      50       8
     42      50       9
     42      50      10
     42      50      11
     42      50      12
     42      50      13
     42      50      14
     42      50      15
     42      50      16
     42      50      17
     42      51       5
     42      51       6
     42      51       7
     42      51       8
     42      51       9
     42      51      10
     42      51      11
     42      51      12
     42      51      13
     42      51      14
     42      51      15
     42      51      16
     42      51      17
     42      52       5
     42      52       6
     42      52       7
     42      52       8
     42      52       9
     42      52      10
     42      52      11
     42      52      12
     42      52      13
     42      52      14
     42      52      15
     42      52      16
     42      52      17
     42      53       5
     42      53       6
     42      53       7
     42      53       8
     42      53       9
     42      53      10
     42      53      11
     42      53      12
     42      53      13
     42      53      14
     42      53      15
     42      53      16
     42      53      17
     42      54       5
     42      54       6
     42      54       7
     42      54       8
     42      54       9
     42      54      10
     42      54      11
     42      54      12
     42      54      13
     42      54      14
     42      54      15
     42      54      16
     42      54      17
     42      55       5
     42      55       6
     42      55       7
     42      55       8
     42      55       9
     42      55      10
     42      55      11
     42      55      12
     42      55      13
     42      55      14
     42      55      15
     42      55      16
     42      55      17
     42      56       5
     42      56       6
     42      56       7
     42      56       8
     42      56       9
     42      56      10
     42      56      11
     42      56      12
     42      56      13
     42      56      14
     42      56      15
     42      56      16
     42      56      17
     42      57       5
     42      57       6
     42      57       7
     42      57       8
     42      57       9
     42      57      10
     42      57      11
     42      57      12
     42      57      13
     42      57      14
     42      57      15
     42      57      16
     42      57      17
     42      58       5
     42      58       6
     42      58       7
     42      58       8
     42      58       9
     42      58      10
     42      58      11
     42      58      12
     42      58      13
     42      58      14
     42      58      15
     42      58      16
     42      58      17
     42      59       5
     42      59       6
     42      59       7
     42      59       8
     42      59       9
     42      59      10
     42      59      11
     42      59      12
     42      59      13
     42      59      14
     42      59      15
     42      59      16
     42      59      17
     42      60       5
     42      60       6
     42      60       7
     42      60       8
     42      60       9
     42      60      10
     42      60      11
     42      60      12
     42      60      13
     42      60      14
     42      60      15
     42      60      16
     42      60      17
     42      61       5
     42      61       6
     42      61       7
     42      61       8
     42      61       9
     42      61      10
     42      61      11
     42      61      12
     42      61      13
     42      61      14
     42      61      15
     42      61      16
     42      61      17
     42      62       5
     42      62       6
     42      62       7
     42      62       8
     42      62       9
     42      62      10
     42      62      11
     42      62      12
     42      62      13
     42      62      14
     42      62      15
     42      62      16
     42      62      17
     42      63       5
     42      63       6
     42      63       7
     42      63       8
     42      63       9
     42      63      10
     42      63      11
     42      63      12
     42      63      13
     42      63      14
     42      63      15
     42      63      16
     42      63      17
     42      64       5
     42      64       6
     42      64       7
     42      64       8
     42      64       9
     42      64      10
     42      64      11
     42      64      12
     42      64      13
     42      64      14
     42      64      15
     42      64      16
     42      64      17
     42      65       5
     42      65       6
     42      65       7
     42      65       8
     42      65       9
     42      65      10
     42      65      11
     42      65      12
     42      65      13
     42      65      14
     42      65      15
     42      65      16
     42      65      17
     42      66       5
     42      66       6
     42      66       7
     42      66       8
     42      66       9
     42      66      10
     42      66      11
     42      66      12
     42      66      13
     42      66      14
     42      66      15
     42      66      16
     42      66      17
     42      67       5
     42      67       6
     42      67       7
     42      67       8
     42      67       9
     42      67      10
     42      67      11
     42      67      12
     42      67      13
     42      67      14
     42      67      15
     42      67      16
     42      67      17
     42      68       5
     42      68       6
     42      68       7
     42      68       8
     42      68       9
     42      68      10
     42      68      11
     42      68      12
     42      68      13
     42      68      14
     42      68      15
     42      68      16
     42      68      17
     42      69       5
     42      69       6
     42      69       7
     42      69       8
     42      69       9
     42      69      10
     42      69      11
     42      69      12
     42      69      13
     42      69      14
     42      69      15
     42      69      16
     42      69      17
     42      70       5
     42      70       6
     42      70       7
     42      70       8
     42      70       9
     42      70      10
     42      70      11
     42      70      12
     42      70      13
     42      70      14
     42      70      15
     42      70      16
     42      70      17
     42      71       5
     42      71       6
     42      71       7
     42      71       8
     42      71       9
     42      71      10
     42      71      11
     42      71      12
     42      71      13
     42      71      14
     42      71      15
     42      71      16
     42      71      17
     42      72       5
     42      72       6
     42      72       7
     42      72       8
     42      72       9
     42      72      10
     42      72      11
     42      72      12
     42      72      13
     42      72      14
     42      72      15
     42      72      16
     42      72      17
     42      73       5
     42      73       6
     42      73       7
     42      73       8
     42      73       9
     42      73      10
     42      73      11
     42      73      12
     42      73      13
     42      73      14
     42      73      15
     42      73      16
     42      73      17
     42      74       5
     42      74       6
     42      74       7
     42      74       8
     42      74       9
     42      74      10
     42      74      11
     42      74      12
     42      74      13
     42      74      14
     42      74      15
     42      74      16
     42      74      17
     42      75       5
     42      75       6
     42      75       7
     42      75       8
     42      75       9
     42      75      10
     42      75      11
     42      75      12
     42      75      13
     42      75      14
     42      75      15
     42      75      16
     42      75      17
     42      76       5
     42      76       6
     42      76       7
     42      76       8
     42      76       9
     42      76      10
     42      76      11
     42      76      12
     42      76      13
     42      76      14
     42      76      15
     42      76      16
     42      76      17
     42      77       5
     42      77       6
     42      77       7
     42      77       8
     42      77       9
     42      77      10
     42      77      11
     42      77      12
     42      77      13
     42      77      14
     42      77      15
     42      77      16
     42      77      17
     42      78       5
     42      78       6
     42      78       7
     42      78       8
     42      78       9
     42      78      10
     42      78      11
     42      78      12
     42      78      13
     42      78      14
     42      78      15
     42      78      16
     42      78      17
     42      79       5
     42      79       6
     42      79       7
     42      79       8
     42      79       9
     42      79      10
     42      79      11
     42      79      12
     42      79      13
     42      79      14
     42      79      15
     42      79      16
     42      79      17
     42      80       5
     42      80       6
     42      80       7
     42      80       8
     42      80       9
     42      80      10
     42      80      11
     42      80      12
     42      80      13
     42      80      14
     42      80      15
     42      80      16
     42      80      17
     42      81       5
     42      81       6
     42      81       7
     42      81       8
     42      81       9
     42      81      10
     42      81      11
     42      81      12
     42      81      13
     42      81      14
     42      81      15
     42      81      16
     42      81      17
     42      82       5
     42      82       6
     42      82       7
     42      82       8
     42      82       9
     42      82      10
     42      82      11
     42      82      12
     42      82      13
     42      82      14
     42      82      15
     42      82      16
     42      82      17
     42      83       5
     42      83       6
     42      83       7
     42      83       8
     42      83       9
     42      83      10
     42      83      11
     42      83      12
     42      83      13
     42      83      14
     42      83      15
     42      83      16
     42      83      17
     42      84       5
     42      84       6
     42      84       7
     42      84       8
     42      84       9
     42      84      10
     42      84      11
     42      84      12
     42      84      13
     42      84      14
     42      84      15
     42      84      16
     42      84      17
     43      40       5
     43      40       6
     43      40       7
     43      40       8
     43      40       9
     43      40      10
     43      40      11
     43      40      12
     43      40      13
     43      40      14
     43      40      15
     43      40      16
     43      40      17
     43      41       5
     43      41       6
     43      41       7
     43      41       8
     43      41       9
     43      41      10
     43      41      11
     43      41      12
     43      41      13
     43      41      14
     43      41      15
     43      41      16
     43      41      17
     43      42       5
     43      42       6
     43      42       7
     43      42       8
     43      42       9
     43      42      10
     43      42      11
     43      42      12
     43      42      13
     43      42      14
     43      42      15
     43      42      16
     43      42      17
     43      43       5
     43      43       6
     43      43       7
     43      43       8
     43      43       9
     43      43      10
     43      43      11
     43      43      12
     43      43      13
     43      43      14
     43      43      15
     43      43      16
     43      43      17
     43      44       5
     43      44       6
     43      44       7
     43      44       8
     43      44       9
     43      44      10
     43      44      11
     43      44      12
     43      44      13
     43      44      14
     43      44      15
     43      44      16
     43      44      17
     43      45       5
     43      45       6
     43      45       7
     43      45       8
     43      45       9
     43      45      10
     43      45      11
     43      45      12
     43      45      13
     43      45      14
     43      45      15
     43      45      16
     43      45      17
     43      46       5
     43      46       6
     43      46       7
     43      46       8
     43      46       9
     43      46      10
     43      46      11
     43      46      12
     43      46      13
     43      46      14
     43      46      15
     43      46      16
     43      46      17
     43      47       5
     43      47       6
     43      47       7
     43      47       8
     43      47       9
     43      47      10
     43      47      11
     43      47      12
     43      47      13
     43      47      14
     43      47      15
     43      47      16
     43      47      17
     43      48       5
     43      48       6
     43      48       7
     43      48       8
     43      48       9
     43      48      10
     43      48      11
     43      48      12
     43      48      13
     43      48      14
     43      48      15
     43      48      16
     43      48      17
     43      49       5
     43      49       6
     43      49       7
     43      49       8
     43      49       9
     43      49      10
     43      49      11
     43      49      12
     43      49      13
     43      49      14
     43      49      15
     43      49      16
     43      49      17
     43      50       5
     43      50       6
     43      50       7
     43      50       8
     43      50       9
     43      50      10
     43      50      11
     43      50      12
     43      50      13
     43      50      14
     43      50      15
     43      50      16
     43      50      17
     43      51       5
     43      51       6
     43      51       7
     43      51       8
     43      51       9
     43      51      10
     43      51      11
     43      51      12
     43      51      13
     43      51      14
     43      51      15
     43      51      16
     43      51      17
     43      52       5
     43      52       6
     43      52       7
     43      52       8
     43      52       9
     43      52      10
     43      52      11
     43      52      12
     43      52      13
     43      52      14
     43      52      15
     43      52      16
     43      52      17
     43      53       5
     43      53       6
     43      53       7
     43      53       8
     43      53       9
     43      53      10
     43      53      11
     43      53      12
     43      53      13
     43      53      14
     43      53      15
     43      53      16
     43      53      17
     43      54       5
     43      54       6
     43      54       7
     43      54       8
     43      54       9
     43      54      10
     43      54      11
     43      54      12
     43      54      13
     43      54      14
     43      54      15
     43      54      16
     43      54      17
     43      55       5
     43      55       6
     43      55       7
     43      55       8
     43      55       9
     43      55      10
     43      55      11
     43      55      12
     43      55      13
     43      55      14
     43      55      15
     43      55      16
     43      55      17
     43      56       5
     43      56       6
     43      56       7
     43      56       8
     43      56       9
     43      56      10
     43      56      11
     43      56      12
     43      56      13
     43      56      14
     43      56      15
     43      56      16
     43      56      17
     43      57       5
     43      57       6
     43      57       7
     43      57       8
     43      57       9
     43      57      10
     43      57      11
     43      57      12
     43      57      13
     43      57      14
     43      57      15
     43      57      16
     43      57      17
     43      58       5
     43      58       6
     43      58       7
     43      58       8
     43      58       9
     43      58      10
     43      58      11
     43      58      12
     43      58      13
     43      58      14
     43      58      15
     43      58      16
     43      58      17
     43      59       5
     43      59       6
     43      59       7
     43      59       8
     43      59       9
     43      59      10
     43      59      11
     43      59      12
     43      59      13
     43      59      14
     43      59      15
     43      59      16
     43      59      17
     43      60       5
     43      60       6
     43      60       7
     43      60       8
     43      60       9
     43      60      10
     43      60      11
     43      60      12
     43      60      13
     43      60      14
     43      60      15
     43      60      16
     43      60      17
     43      61       5
     43      61       6
     43      61       7
     43      61       8
     43      61       9
     43      61      10
     43      61      11
     43      61      12
     43      61      13
     43      61      14
     43      61      15
     43      61      16
     43      61      17
     43      62       5
     43      62       6
     43      62       7
     43      62       8
     43      62       9
     43      62      10
     43      62      11
     43      62      12
     43      62      13
     43      62      14
     43      62      15
     43      62      16
     43      62      17
     43      63       5
     43      63       6
     43      63       7
     43      63       8
     43      63       9
     43      63      10
     43      63      11
     43      63      12
     43      63      13
     43      63      14
     43      63      15
     43      63      16
     43      63      17
     43      64       5
     43      64       6
     43      64       7
     43      64       8
     43      64       9
     43      64      10
     43      64      11
     43      64      12
     43      64      13
     43      64      14
     43      64      15
     43      64      16
     43      64      17
     43      65       5
     43      65       6
     43      65       7
     43      65       8
     43      65       9
     43      65      10
     43      65      11
     43      65      12
     43      65      13
     43      65      14
     43      65      15
     43      65      16
     43      65      17
     43      66       5
     43      66       6
     43      66       7
     43      66       8
     43      66       9
     43      66      10
     43      66      11
     43      66      12
     43      66      13
     43      66      14
     43      66      15
     43      66      16
     43      66      17
     43      67       5
     43      67       6
     43      67       7
     43      67       8
     43      67       9
     43      67      10
     43      67      11
     43      67      12
     43      67      13
     43      67      14
     43      67      15
     43      67      16
     43      67      17
     43      68       5
     43      68       6
     43      68       7
     43      68       8
     43      68       9
     43      68      10
     43      68      11
     43      68      12
     43      68      13
     43      68      14
     43      68      15
     43      68      16
     43      68      17
     43      69       5
     43      69       6
     43      69       7
     43      69       8
     43      69       9
     43      69      10
     43      69      11
     43      69      12
     43      69      13
     43      69      14
     43      69      15
     43      69      16
     43      69      17
     43      70       5
     43      70       6
     43      70       7
     43      70       8
     43      70       9
     43      70      10
     43      70      11
     43      70      12
     43      70      13
     43      70      14
     43      70      15
     43      70      16
     43      70      17
     43      71       5
     43      71       6
     43      71       7
     43      71       8
     43      71       9
     43      71      10
     43      71      11
     43      71      12
     43      71      13
     43      71      14
     43      71      15
     43      71      16
     43      71      17
     43      72       5
     43      72       6
     43      72       7
     43      72       8
     43      72       9
     43      72      10
     43      72      11
     43      72      12
     43      72      13
     43      72      14
     43      72      15
     43      72      16
     43      72      17
     43      73       5
     43      73       6
     43      73       7
     43      73       8
     43      73       9
     43      73      10
     43      73      11
     43      73      12
     43      73      13
     43      73      14
     43      73      15
     43      73      16
     43      73      17
     43      74       5
     43      74       6
     43      74       7
     43      74       8
     43      74       9
     43      74      10
     43      74      11
     43      74      12
     43      74      13
     43      74      14
     43      74      15
     43      74      16
     43      74      17
     43      75       5
     43      75       6
     43      75       7
     43      75       8
     43      75       9
     43      75      10
     43      75      11
     43      75      12
     43      75      13
     43      75      14
     43      75      15
     43      75      16
     43      75      17
     43      76       5
     43      76       6
     43      76       7
     43      76       8
     43      76       9
     43      76      10
     43      76      11
     43      76      12
     43      76      13
     43      76      14
     43      76      15
     43      76      16
     43      76      17
     43      77       5
     43      77       6
     43      77       7
     43      77       8
     43      77       9
     43      77      10
     43      77      11
     43      77      12
     43      77      13
     43      77      14
     43      77      15
     43      77      16
     43      77      17
     43      78       5
     43      78       6
     43      78       7
     43      78       8
     43      78       9
     43      78      10
     43      78      11
     43      78      12
     43      78      13
     43      78      14
     43      78      15
     43      78      16
     43      78      17
     43      79       5
     43      79       6
     43      79       7
     43      79       8
     43      79       9
     43      79      10
     43      79      11
     43      79      12
     43      79      13
     43      79      14
     43      79      15
     43      79      16
     43      79      17
     43      80       5
     43      80       6
     43      80       7
     43      80       8
     43      80       9
     43      80      10
     43      80      11
     43      80      12
     43      80      13
     43      80      14
     43      80      15
     43      80      16
     43      80      17
     43      81       5
     43      81       6
     43      81       7
     43      81       8
     43      81       9
     43      81      10
     43      81      11
     43      81      12
     43      81      13
     43      81      14
     43      81      15
     43      81      16
     43      81      17
     43      82       5
     43      82       6
     43      82       7
     43      82       8
     43      82       9
     43      82      10
     43      82      11
     43      82      12
     43      82      13
     43      82      14
     43      82      15
     43      82      16
     43      82      17
     43      83       5
     43      83       6
     43      83       7
     43      83       8
     43      83       9
     43      83      10
     43      83      11
     43      83      12
     43      83      13
     43      83      14
     43      83      15
     43      83      16
     43      83      17
     43      84       5
     43      84       6
     43      84       7
     43      84       8
     43      84       9
     43      84      10
     43      84      11
     43      84      12
     43      84      13
     43      84      14
     43      84      15
     43      84      16
     43      84      17
     44      40       5
     44      40       6
     44      40       7
     44      40       8
     44      40       9
     44      40      10
     44      40      11
     44      40      12
     44      40      13
     44      40      14
     44      40      15
     44      40      16
     44      40      17
     44      41       5
     44      41       6
     44      41       7
     44      41       8
     44      41       9
     44      41      10
     44      41      11
     44      41      12
     44      41      13
     44      41      14
     44      41      15
     44      41      16
     44      41      17
     44      42       5
     44      42       6
     44      42       7
     44      42       8
     44      42       9
     44      42      10
     44      42      11
     44      42      12
     44      42      13
     44      42      14
     44      42      15
     44      42      16
     44      42      17
     44      43       5
     44      43       6
     44      43       7
     44      43       8
     44      43       9
     44      43      10
     44      43      11
     44      43      12
     44      43      13
     44      43      14
     44      43      15
     44      43      16
     44      43      17
     44      44       5
     44      44       6
     44      44       7
     44      44       8
     44      44       9
     44      44      10
     44      44      11
     44      44      12
     44      44      13
     44      44      14
     44      44      15
     44      44      16
     44      44      17
     44      45       5
     44      45       6
     44      45       7
     44      45       8
     44      45       9
     44      45      10
     44      45      11
     44      45      12
     44      45      13
     44      45      14
     44      45      15
     44      45      16
     44      45      17
     44      46       5
     44      46       6
     44      46       7
     44      46       8
     44      46       9
     44      46      10
     44      46      11
     44      46      12
     44      46      13
     44      46      14
     44      46      15
     44      46      16
     44      46      17
     44      47       5
     44      47       6
     44      47       7
     44      47       8
     44      47       9
     44      47      10
     44      47      11
     44      47      12
     44      47      13
     44      47      14
     44      47      15
     44      47      16
     44      47      17
     44      48       5
     44      48       6
     44      48       7
     44      48       8
     44      48       9
     44      48      10
     44      48      11
     44      48      12
     44      48      13
     44      48      14
     44      48      15
     44      48      16
     44      48      17
     44      49       5
     44      49       6
     44      49       7
     44      49       8
     44      49       9
     44      49      10
     44      49      11
     44      49      12
     44      49      13
     44      49      14
     44      49      15
     44      49      16
     44      49      17
     44      50       5
     44      50       6
     44      50       7
     44      50       8
     44      50       9
     44      50      10
     44      50      11
     44      50      12
     44      50      13
     44      50      14
     44      50      15
     44      50      16
     44      50      17
     44      51       5
     44      51       6
     44      51       7
     44      51       8
     44      51       9
     44      51      10
     44      51      11
     44      51      12
     44      51      13
     44      51      14
     44      51      15
     44      51      16
     44      51      17
     44      52       5
     44      52       6
     44      52       7
     44      52       8
     44      52       9
     44      52      10
     44      52      11
     44      52      12
     44      52      13
     44      52      14
     44      52      15
     44      52      16
     44      52      17
     44      53       5
     44      53       6
     44      53       7
     44      53       8
     44      53       9
     44      53      10
     44      53      11
     44      53      12
     44      53      13
     44      53      14
     44      53      15
     44      53      16
     44      53      17
     44      54       5
     44      54       6
     44      54       7
     44      54       8
     44      54       9
     44      54      10
     44      54      11
     44      54      12
     44      54      13
     44      54      14
     44      54      15
     44      54      16
     44      54      17
     44      55       5
     44      55       6
     44      55       7
     44      55       8
     44      55       9
     44      55      10
     44      55      11
     44      55      12
     44      55      13
     44      55      14
     44      55      15
     44      55      16
     44      55      17
     44      56       5
     44      56       6
     44      56       7
     44      56       8
     44      56       9
     44      56      10
     44      56      11
     44      56      12
     44      56      13
     44      56      14
     44      56      15
     44      56      16
     44      56      17
     44      57       5
     44      57       6
     44      57       7
     44      57       8
     44      57       9
     44      57      10
     44      57      11
     44      57      12
     44      57      13
     44      57      14
     44      57      15
     44      57      16
     44      57      17
     44      58       5
     44      58       6
     44      58       7
     44      58       8
     44      58       9
     44      58      10
     44      58      11
     44      58      12
     44      58      13
     44      58      14
     44      58      15
     44      58      16
     44      58      17
     44      59       5
     44      59       6
     44      59       7
     44      59       8
     44      59       9
     44      59      10
     44      59      11
     44      59      12
     44      59      13
     44      59      14
     44      59      15
     44      59      16
     44      59      17
     44      60       5
     44      60       6
     44      60       7
     44      60       8
     44      60       9
     44      60      10
     44      60      11
     44      60      12
     44      60      13
     44      60      14
     44      60      15
     44      60      16
     44      60      17
     44      61       5
     44      61       6
     44      61       7
     44      61       8
     44      61       9
     44      61      10
     44      61      11
     44      61      12
     44      61      13
     44      61      14
     44      61      15
     44      61      16
     44      61      17
     44      62       5
     44      62       6
     44      62       7
     44      62       8
     44      62       9
     44      62      10
     44      62      11
     44      62      12
     44      62      13
     44      62      14
     44      62      15
     44      62      16
     44      62      17
     44      63       5
     44      63       6
     44      63       7
     44      63       8
     44      63       9
     44      63      10
     44      63      11
     44      63      12
     44      63      13
     44      63      14
     44      63      15
     44      63      16
     44      63      17
     44      64       5
     44      64       6
     44      64       7
     44      64       8
     44      64       9
     44      64      10
     44      64      11
     44      64      12
     44      64      13
     44      64      14
     44      64      15
     44      64      16
     44      64      17
     44      65       5
     44      65       6
     44      65       7
     44      65       8
     44      65       9
     44      65      10
     44      65      11
     44      65      12
     44      65      13
     44      65      14
     44      65      15
     44      65      16
     44      65      17
     44      66       5
     44      66       6
     44      66       7
     44      66       8
     44      66       9
     44      66      10
     44      66      11
     44      66      12
     44      66      13
     44      66      14
     44      66      15
     44      66      16
     44      66      17
     44      67       5
     44      67       6
     44      67       7
     44      67       8
     44      67       9
     44      67      10
     44      67      11
     44      67      12
     44      67      13
     44      67      14
     44      67      15
     44      67      16
     44      67      17
     44      68       5
     44      68       6
     44      68       7
     44      68       8
     44      68       9
     44      68      10
     44      68      11
     44      68      12
     44      68      13
     44      68      14
     44      68      15
     44      68      16
     44      68      17
     44      69       5
     44      69       6
     44      69       7
     44      69       8
     44      69       9
     44      69      10
     44      69      11
     44      69      12
     44      69      13
     44      69      14
     44      69      15
     44      69      16
     44      69      17
     44      70       5
     44      70       6
     44      70       7
     44      70       8
     44      70       9
     44      70      10
     44      70      11
     44      70      12
     44      70      13
     44      70      14
     44      70      15
     44      70      16
     44      70      17
     44      71       5
     44      71       6
     44      71       7
     44      71       8
     44      71       9
     44      71      10
     44      71      11
     44      71      12
     44      71      13
     44      71      14
     44      71      15
     44      71      16
     44      71      17
     44      72       5
     44      72       6
     44      72       7
     44      72       8
     44      72       9
     44      72      10
     44      72      11
     44      72      12
     44      72      13
     44      72      14
     44      72      15
     44      72      16
     44      72      17
     44      73       5
     44      73       6
     44      73       7
     44      73       8
     44      73       9
     44      73      10
     44      73      11
     44      73      12
     44      73      13
     44      73      14
     44      73      15
     44      73      16
     44      73      17
     44      74       5
     44      74       6
     44      74       7
     44      74       8
     44      74       9
     44      74      10
     44      74      11
     44      74      12
     44      74      13
     44      74      14
     44      74      15
     44      74      16
     44      74      17
     44      75       5
     44      75       6
     44      75       7
     44      75       8
     44      75       9
     44      75      10
     44      75      11
     44      75      12
     44      75      13
     44      75      14
     44      75      15
     44      75      16
     44      75      17
     44      76       5
     44      76       6
     44      76       7
     44      76       8
     44      76       9
     44      76      10
     44      76      11
     44      76      12
     44      76      13
     44      76      14
     44      76      15
     44      76      16
     44      76      17
     44      77       5
     44      77       6
     44      77       7
     44      77       8
     44      77       9
     44      77      10
     44      77      11
     44      77      12
     44      77      13
     44      77      14
     44      77      15
     44      77      16
     44      77      17
     44      78       5
     44      78       6
     44      78       7
     44      78       8
     44      78       9
     44      78      10
     44      78      11
     44      78      12
     44      78      13
     44      78      14
     44      78      15
     44      78      16
     44      78      17
     44      79       5
     44      79       6
     44      79       7
     44      79       8
     44      79       9
     44      79      10
     44      79      11
     44      79      12
     44      79      13
     44      79      14
     44      79      15
     44      79      16
     44      79      17
     44      80       5
     44      80       6
     44      80       7
     44      80       8
     44      80       9
     44      80      10
     44      80      11
     44      80      12
     44      80      13
     44      80      14
     44      80      15
     44      80      16
     44      80      17
     44      81       5
     44      81       6
     44      81       7
     44      81       8
     44      81       9
     44      81      10
     44      81      11
     44      81      12
     44      81      13
     44      81      14
     44      81      15
     44      81      16
     44      81      17
     44      82       5
     44      82       6
     44      82       7
     44      82       8
     44      82       9
     44      82      10
     44      82      11
     44      82      12
     44      82      13
     44      82      14
     44      82      15
     44      82      16
     44      82      17
     44      83       5
     44      83       6
     44      83       7
     44      83       8
     44      83       9
     44      83      10
     44      83      11
     44      83      12
     44      83      13
     44      83      14
     44      83      15
     44      83      16
     44      83      17
     44      84       5
     44      84       6
     44      84       7
     44      84       8
     44      84       9
     44      84      10
     44      84      11
     44      84      12
     44      84      13
     44      84      14
     44      84      15
     44      84      16
     44      84      17
     45      40       5
     45      40       6
     45      40       7
     45      40       8
     45      40       9
     45      40      10
     45      40      11
     45      40      12
     45      40      13
     45      40      14
     45      40      15
     45      40      16
     45      40      17
     45      41       5
     45      41       6
     45      41       7
     45      41       8
     45      41       9
     45      41      10
     45      41      11
     45      41      12
     45      41      13
     45      41      14
     45      41      15
     45      41      16
     45      41      17
     45      42       5
     45      42       6
     45      42       7
     45      42       8
     45      42       9
     45      42      10
     45      42      11
     45      42      12
     45      42      13
     45      42      14
     45      42      15
     45      42      16
     45      42      17
     45      43       5
     45      43       6
     45      43       7
     45      43       8
     45      43       9
     45      43      10
     45      43      11
     45      43      12
     45      43      13
     45      43      14
     45      43      15
     45      43      16
     45      43      17
     45      44       5
     45      44       6
     45      44       7
     45      44       8
     45      44       9
     45      44      10
     45      44      11
     45      44      12
     45      44      13
     45      44      14
     45      44      15
     45      44      16
     45      44      17
     45      45       5
     45      45       6
     45      45       7
     45      45       8
     45      45       9
     45      45      10
     45      45      11
     45      45      12
     45      45      13
     45      45      14
     45      45      15
     45      45      16
     45      45      17
     45      46       5
     45      46       6
     45      46       7
     45      46       8
     45      46       9
     45      46      10
     45      46      11
     45      46      12
     45      46      13
     45      46      14
     45      46      15
     45      46      16
     45      46      17
     45      47       5
     45      47       6
     45      47       7
     45      47       8
     45      47       9
     45      47      10
     45      47      11
     45      47      12
     45      47      13
     45      47      14
     45      47      15
     45      47      16
     45      47      17
     45      48       5
     45      48       6
     45      48       7
     45      48       8
     45      48       9
     45      48      10
     45      48      11
     45      48      12
     45      48      13
     45      48      14
     45      48      15
     45      48      16
     45      48      17
     45      49       5
     45      49       6
     45      49       7
     45      49       8
     45      49       9
     45      49      10
     45      49      11
     45      49      12
     45      49      13
     45      49      14
     45      49      15
     45      49      16
     45      49      17
     45      50       5
     45      50       6
     45      50       7
     45      50       8
     45      50       9
     45      50      10
     45      50      11
     45      50      12
     45      50      13
     45      50      14
     45      50      15
     45      50      16
     45      50      17
     45      51       5
     45      51       6
     45      51       7
     45      51       8
     45      51       9
     45      51      10
     45      51      11
     45      51      12
     45      51      13
     45      51      14
     45      51      15
     45      51      16
     45      51      17
     45      52       5
     45      52       6
     45      52       7
     45      52       8
     45      52       9
     45      52      10
     45      52      11
     45      52      12
     45      52      13
     45      52      14
     45      52      15
     45      52      16
     45      52      17
     45      53       5
     45      53       6
     45      53       7
     45      53       8
     45      53       9
     45      53      10
     45      53      11
     45      53      12
     45      53      13
     45      53      14
     45      53      15
     45      53      16
     45      53      17
     45      54       5
     45      54       6
     45      54       7
     45      54       8
     45      54       9
     45      54      10
     45      54      11
     45      54      12
     45      54      13
     45      54      14
     45      54      15
     45      54      16
     45      54      17
     45      55       5
     45      55       6
     45      55       7
     45      55       8
     45      55       9
     45      55      10
     45      55      11
     45      55      12
     45      55      13
     45      55      14
     45      55      15
     45      55      16
     45      55      17
     45      56       5
     45      56       6
     45      56       7
     45      56       8
     45      56       9
     45      56      10
     45      56      11
     45      56      12
     45      56      13
     45      56      14
     45      56      15
     45      56      16
     45      56      17
     45      57       5
     45      57       6
     45      57       7
     45      57       8
     45      57       9
     45      57      10
     45      57      11
     45      57      12
     45      57      13
     45      57      14
     45      57      15
     45      57      16
     45      57      17
     45      58       5
     45      58       6
     45      58       7
     45      58       8
     45      58       9
     45      58      10
     45      58      11
     45      58      12
     45      58      13
     45      58      14
     45      58      15
     45      58      16
     45      58      17
     45      59       5
     45      59       6
     45      59       7
     45      59       8
     45      59       9
     45      59      10
     45      59      11
     45      59      12
     45      59      13
     45      59      14
     45      59      15
     45      59      16
     45      59      17
     45      60       5
     45      60       6
     45      60       7
     45      60       8
     45      60       9
     45      60      10
     45      60      11
     45      60      12
     45      60      13
     45      60      14
     45      60      15
     45      60      16
     45      60      17
     45      61       5
     45      61       6
     45      61       7
     45      61       8
     45      61       9
     45      61      10
     45      61      11
     45      61      12
     45      61      13
     45      61      14
     45      61      15
     45      61      16
     45      61      17
     45      62       5
     45      62       6
     45      62       7
     45      62       8
     45      62       9
     45      62      10
     45      62      11
     45      62      12
     45      62      13
     45      62      14
     45      62      15
     45      62      16
     45      62      17
     45      63       5
     45      63       6
     45      63       7
     45      63       8
     45      63       9
     45      63      10
     45      63      11
     45      63      12
     45      63      13
     45      63      14
     45      63      15
     45      63      16
     45      63      17
     45      64       5
     45      64       6
     45      64       7
     45      64       8
     45      64       9
     45      64      10
     45      64      11
     45      64      12
     45      64      13
     45      64      14
     45      64      15
     45      64      16
     45      64      17
     45      65       5
     45      65       6
     45      65       7
     45      65       8
     45      65       9
     45      65      10
     45      65      11
     45      65      12
     45      65      13
     45      65      14
     45      65      15
     45      65      16
     45      65      17
     45      66       5
     45      66       6
     45      66       7
     45      66       8
     45      66       9
     45      66      10
     45      66      11
     45      66      12
     45      66      13
     45      66      14
     45      66      15
     45      66      16
     45      66      17
     45      67       5
     45      67       6
     45      67       7
     45      67       8
     45      67       9
     45      67      10
     45      67      11
     45      67      12
     45      67      13
     45      67      14
     45      67      15
     45      67      16
     45      67      17
     45      68       5
     45      68       6
     45      68       7
     45      68       8
     45      68       9
     45      68      10
     45      68      11
     45      68      12
     45      68      13
     45      68      14
     45      68      15
     45      68      16
     45      68      17
     45      69       5
     45      69       6
     45      69       7
     45      69       8
     45      69       9
     45      69      10
     45      69      11
     45      69      12
     45      69      13
     45      69      14
     45      69      15
     45      69      16
     45      69      17
     45      70       5
     45      70       6
     45      70       7
     45      70       8
     45      70       9
     45      70      10
     45      70      11
     45      70      12
     45      70      13
     45      70      14
     45      70      15
     45      70      16
     45      70      17
     45      71       5
     45      71       6
     45      71       7
     45      71       8
     45      71       9
     45      71      10
     45      71      11
     45      71      12
     45      71      13
     45      71      14
     45      71      15
     45      71      16
     45      71      17
     45      72       5
     45      72       6
     45      72       7
     45      72       8
     45      72       9
     45      72      10
     45      72      11
     45      72      12
     45      72      13
     45      72      14
     45      72      15
     45      72      16
     45      72      17
     45      73       5
     45      73       6
     45      73       7
     45      73       8
     45      73       9
     45      73      10
     45      73      11
     45      73      12
     45      73      13
     45      73      14
     45      73      15
     45      73      16
     45      73      17
     45      74       5
     45      74       6
     45      74       7
     45      74       8
     45      74       9
     45      74      10
     45      74      11
     45      74      12
     45      74      13
     45      74      14
     45      74      15
     45      74      16
     45      74      17
     45      75       5
     45      75       6
     45      75       7
     45      75       8
     45      75       9
     45      75      10
     45      75      11
     45      75      12
     45      75      13
     45      75      14
     45      75      15
     45      75      16
     45      75      17
     45      76       5
     45      76       6
     45      76       7
     45      76       8
     45      76       9
     45      76      10
     45      76      11
     45      76      12
     45      76      13
     45      76      14
     45      76      15
     45      76      16
     45      76      17
     45      77       5
     45      77       6
     45      77       7
     45      77       8
     45      77       9
     45      77      10
     45      77      11
     45      77      12
     45      77      13
     45      77      14
     45      77      15
     45      77      16
     45      77      17
     45      78       5
     45      78       6
     45      78       7
     45      78       8
     45      78       9
     45      78      10
     45      78      11
     45      78      12
     45      78      13
     45      78      14
     45      78      15
     45      78      16
     45      78      17
     45      79       5
     45      79       6
     45      79       7
     45      79       8
     45      79       9
     45      79      10
     45      79      11
     45      79      12
     45      79      13
     45      79      14
     45      79      15
     45      79      16
     45      79      17
     45      80       5
     45      80       6
     45      80       7
     45      80       8
     45      80       9
     45      80      10
     45      80      11
     45      80      12
     45      80      13
     45      80      14
     45      80      15
     45      80      16
     45      80      17
     45      81       5
     45      81       6
     45      81       7
     45      81       8
     45      81       9
     45      81      10
     45      81      11
     45      81      12
     45      81      13
     45      81      14
     45      81      15
     45      81      16
     45      81      17
     45      82       5
     45      82       6
     45      82       7
     45      82       8
     45      82       9
     45      82      10
     45      82      11
     45      82      12
     45      82      13
     45      82      14
     45      82      15
     45      82      16
     45      82      17
     45      83       5
     45      83       6
     45      83       7
     45      83       8
     45      83       9
     45      83      10
     45      83      11
     45      83      12
     45      83      13
     45      83      14
     45      83      15
     45      83      16
     45      83      17
     45      84       5
     45      84       6
     45      84       7
     45      84       8
     45      84       9
     45      84      10
     45      84      11
     45      84      12
     45      84      13
     45      84      14
     45      84      15
     45      84      16
     45      84      17
     46      40       5
     46      40       6
     46      40       7
     46      40       8
     46      40       9
     46      40      10
     46      40      11
     46      40      12
     46      40      13
     46      40      14
     46      40      15
     46      40      16
     46      40      17
     46      41       5
     46      41       6
     46      41       7
     46      41       8
     46      41       9
     46      41      10
     46      41      11
     46      41      12
     46      41      13
     46      41      14
     46      41      15
     46      41      16
     46      41      17
     46      42       5
     46      42       6
     46      42       7
     46      42       8
     46      42       9
     46      42      10
     46      42      11
     46      42      12
     46      42      13
     46      42      14
     46      42      15
     46      42      16
     46      42      17
     46      43       5
     46      43       6
     46      43       7
     46      43       8
     46      43       9
     46      43      10
     46      43      11
     46      43      12
     46      43      13
     46      43      14
     46      43      15
     46      43      16
     46      43      17
     46      44       5
     46      44       6
     46      44       7
     46      44       8
     46      44       9
     46      44      10
     46      44      11
     46      44      12
     46      44      13
     46      44      14
     46      44      15
     46      44      16
     46      44      17
     46      45       5
     46      45       6
     46      45       7
     46      45       8
     46      45       9
     46      45      10
     46      45      11
     46      45      12
     46      45      13
     46      45      14
     46      45      15
     46      45      16
     46      45      17
     46      46       5
     46      46       6
     46      46       7
     46      46       8
     46      46       9
     46      46      10
     46      46      11
     46      46      12
     46      46      13
     46      46      14
     46      46      15
     46      46      16
     46      46      17
     46      47       5
     46      47       6
     46      47       7
     46      47       8
     46      47       9
     46      47      10
     46      47      11
     46      47      12
     46      47      13
     46      47      14
     46      47      15
     46      47      16
     46      47      17
     46      48       5
     46      48       6
     46      48       7
     46      48       8
     46      48       9
     46      48      10
     46      48      11
     46      48      12
     46      48      13
     46      48      14
     46      48      15
     46      48      16
     46      48      17
     46      49       5
     46      49       6
     46      49       7
     46      49       8
     46      49       9
     46      49      10
     46      49      11
     46      49      12
     46      49      13
     46      49      14
     46      49      15
     46      49      16
     46      49      17
     46      50       5
     46      50       6
     46      50       7
     46      50       8
     46      50       9
     46      50      10
     46      50      11
     46      50      12
     46      50      13
     46      50      14
     46      50      15
     46      50      16
     46      50      17
     46      51       5
     46      51       6
     46      51       7
     46      51       8
     46      51       9
     46      51      10
     46      51      11
     46      51      12
     46      51      13
     46      51      14
     46      51      15
     46      51      16
     46      51      17
     46      52       5
     46      52       6
     46      52       7
     46      52       8
     46      52       9
     46      52      10
     46      52      11
     46      52      12
     46      52      13
     46      52      14
     46      52      15
     46      52      16
     46      52      17
     46      53       5
     46      53       6
     46      53       7
     46      53       8
     46      53       9
     46      53      10
     46      53      11
     46      53      12
     46      53      13
     46      53      14
     46      53      15
     46      53      16
     46      53      17
     46      54       5
     46      54       6
     46      54       7
     46      54       8
     46      54       9
     46      54      10
     46      54      11
     46      54      12
     46      54      13
     46      54      14
     46      54      15
     46      54      16
     46      54      17
     46      55       5
     46      55       6
     46      55       7
     46      55       8
     46      55       9
     46      55      10
     46      55      11
     46      55      12
     46      55      13
     46      55      14
     46      55      15
     46      55      16
     46      55      17
     46      56       5
     46      56       6
     46      56       7
     46      56       8
     46      56       9
     46      56      10
     46      56      11
     46      56      12
     46      56      13
     46      56      14
     46      56      15
     46      56      16
     46      56      17
     46      57       5
     46      57       6
     46      57       7
     46      57       8
     46      57       9
     46      57      10
     46      57      11
     46      57      12
     46      57      13
     46      57      14
     46      57      15
     46      57      16
     46      57      17
     46      58       5
     46      58       6
     46      58       7
     46      58       8
     46      58       9
     46      58      10
     46      58      11
     46      58      12
     46      58      13
     46      58      14
     46      58      15
     46      58      16
     46      58      17
     46      59       5
     46      59       6
     46      59       7
     46      59       8
     46      59       9
     46      59      10
     46      59      11
     46      59      12
     46      59      13
     46      59      14
     46      59      15
     46      59      16
     46      59      17
     46      60       5
     46      60       6
     46      60       7
     46      60       8
     46      60       9
     46      60      10
     46      60      11
     46      60      12
     46      60      13
     46      60      14
     46      60      15
     46      60      16
     46      60      17
     46      61       5
     46      61       6
     46      61       7
     46      61       8
     46      61       9
     46      61      10
     46      61      11
     46      61      12
     46      61      13
     46      61      14
     46      61      15
     46      61      16
     46      61      17
     46      62       5
     46      62       6
     46      62       7
     46      62       8
     46      62       9
     46      62      10
     46      62      11
     46      62      12
     46      62      13
     46      62      14
     46      62      15
     46      62      16
     46      62      17
     46      63       5
     46      63       6
     46      63       7
     46      63       8
     46      63       9
     46      63      10
     46      63      11
     46      63      12
     46      63      13
     46      63      14
     46      63      15
     46      63      16
     46      63      17
     46      64       5
     46      64       6
     46      64       7
     46      64       8
     46      64       9
     46      64      10
     46      64      11
     46      64      12
     46      64      13
     46      64      14
     46      64      15
     46      64      16
     46      64      17
     46      65       5
     46      65       6
     46      65       7
     46      65       8
     46      65       9
     46      65      10
     46      65      11
     46      65      12
     46      65      13
     46      65      14
     46      65      15
     46      65      16
     46      65      17
     46      66       5
     46      66       6
     46      66       7
     46      66       8
     46      66       9
     46      66      10
     46      66      11
     46      66      12
     46      66      13
     46      66      14
     46      66      15
     46      66      16
     46      66      17
     46      67       5
     46      67       6
     46      67       7
     46      67       8
     46      67       9
     46      67      10
     46      67      11
     46      67      12
     46      67      13
     46      67      14
     46      67      15
     46      67      16
     46      67      17
     46      68       5
     46      68       6
     46      68       7
     46      68       8
     46      68       9
     46      68      10
     46      68      11
     46      68      12
     46      68      13
     46      68      14
     46      68      15
     46      68      16
     46      68      17
     46      69       5
     46      69       6
     46      69       7
     46      69       8
     46      69       9
     46      69      10
     46      69      11
     46      69      12
     46      69      13
     46      69      14
     46      69      15
     46      69      16
     46      69      17
     46      70       5
     46      70       6
     46      70       7
     46      70       8
     46      70       9
     46      70      10
     46      70      11
     46      70      12
     46      70      13
     46      70      14
     46      70      15
     46      70      16
     46      70      17
     46      71       5
     46      71       6
     46      71       7
     46      71       8
     46      71       9
     46      71      10
     46      71      11
     46      71      12
     46      71      13
     46      71      14
     46      71      15
     46      71      16
     46      71      17
     46      72       5
     46      72       6
     46      72       7
     46      72       8
     46      72       9
     46      72      10
     46      72      11
     46      72      12
     46      72      13
     46      72      14
     46      72      15
     46      72      16
     46      72      17
     46      73       5
     46      73       6
     46      73       7
     46      73       8
     46      73       9
     46      73      10
     46      73      11
     46      73      12
     46      73      13
     46      73      14
     46      73      15
     46      73      16
     46      73      17
     46      74       5
     46      74       6
     46      74       7
     46      74       8
     46      74       9
     46      74      10
     46      74      11
     46      74      12
     46      74      13
     46      74      14
     46      74      15
     46      74      16
     46      74      17
     46      75       5
     46      75       6
     46      75       7
     46      75       8
     46      75       9
     46      75      10
     46      75      11
     46      75      12
     46      75      13
     46      75      14
     46      75      15
     46      75      16
     46      75      17
     46      76       5
     46      76       6
     46      76       7
     46      76       8
     46      76       9
     46      76      10
     46      76      11
     46      76      12
     46      76      13
     46      76      14
     46      76      15
     46      76      16
     46      76      17
     46      77       5
     46      77       6
     46      77       7
     46      77       8
     46      77       9
     46      77      10
     46      77      11
     46      77      12
     46      77      13
     46      77      14
     46      77      15
     46      77      16
     46      77      17
     46      78       5
     46      78       6
     46      78       7
     46      78       8
     46      78       9
     46      78      10
     46      78      11
     46      78      12
     46      78      13
     46      78      14
     46      78      15
     46      78      16
     46      78      17
     46      79       5
     46      79       6
     46      79       7
     46      79       8
     46      79       9
     46      79      10
     46      79      11
     46      79      12
     46      79      13
     46      79      14
     46      79      15
     46      79      16
     46      79      17
     46      80       5
     46      80       6
     46      80       7
     46      80       8
     46      80       9
     46      80      10
     46      80      11
     46      80      12
     46      80      13
     46      80      14
     46      80      15
     46      80      16
     46      80      17
     46      81       5
     46      81       6
     46      81       7
     46      81       8
     46      81       9
     46      81      10
     46      81      11
     46      81      12
     46      81      13
     46      81      14
     46      81      15
     46      81      16
     46      81      17
     46      82       5
     46      82       6
     46      82       7
     46      82       8
     46      82       9
     46      82      10
     46      82      11
     46      82      12
     46      82      13
     46      82      14
     46      82      15
     46      82      16
     46      82      17
     46      83       5
     46      83       6
     46      83       7
     46      83       8
     46      83       9
     46      83      10
     46      83      11
     46      83      12
     46      83      13
     46      83      14
     46      83      15
     46      83      16
     46      83      17
     46      84       5
     46      84       6
     46      84       7
     46      84       8
     46      84       9
     46      84      10
     46      84      11
     46      84      12
     46      84      13
     46      84      14
     46      84      15
     46      84      16
     46      84      17
     47      40       5
     47      40       6
     47      40       7
     47      40       8
     47      40       9
     47      40      10
     47      40      11
     47      40      12
     47      40      13
     47      40      14
     47      40      15
     47      40      16
     47      40      17
     47      41       5
     47      41       6
     47      41       7
     47      41       8
     47      41       9
     47      41      10
     47      41      11
     47      41      12
     47      41      13
     47      41      14
     47      41      15
     47      41      16
     47      41      17
     47      42       5
     47      42       6
     47      42       7
     47      42       8
     47      42       9
     47      42      10
     47      42      11
     47      42      12
     47      42      13
     47      42      14
     47      42      15
     47      42      16
     47      42      17
     47      43       5
     47      43       6
     47      43       7
     47      43       8
     47      43       9
     47      43      10
     47      43      11
     47      43      12
     47      43      13
     47      43      14
     47      43      15
     47      43      16
     47      43      17
     47      44       5
     47      44       6
     47      44       7
     47      44       8
     47      44       9
     47      44      10
     47      44      11
     47      44      12
     47      44      13
     47      44      14
     47      44      15
     47      44      16
     47      44      17
     47      45       5
     47      45       6
     47      45       7
     47      45       8
     47      45       9
     47      45      10
     47      45      11
     47      45      12
     47      45      13
     47      45      14
     47      45      15
     47      45      16
     47      45      17
     47      46       5
     47      46       6
     47      46       7
     47      46       8
     47      46       9
     47      46      10
     47      46      11
     47      46      12
     47      46      13
     47      46      14
     47      46      15
     47      46      16
     47      46      17
     47      47       5
     47      47       6
     47      47       7
     47      47       8
     47      47       9
     47      47      10
     47      47      11
     47      47      12
     47      47      13
     47      47      14
     47      47      15
     47      47      16
     47      47      17
     47      48       5
     47      48       6
     47      48       7
     47      48       8
     47      48       9
     47      48      10
     47      48      11
     47      48      12
     47      48      13
     47      48      14
     47      48      15
     47      48      16
     47      48      17
     47      49       5
     47      49       6
     47      49       7
     47      49       8
     47      49       9
     47      49      10
     47      49      11
     47      49      12
     47      49      13
     47      49      14
     47      49      15
     47      49      16
     47      49      17
     47      50       5
     47      50       6
     47      50       7
     47      50       8
     47      50       9
     47      50      10
     47      50      11
     47      50      12
     47      50      13
     47      50      14
     47      50      15
     47      50      16
     47      50      17
     47      51       5
     47      51       6
     47      51       7
     47      51       8
     47      51       9
     47      51      10
     47      51      11
     47      51      12
     47      51      13
     47      51      14
     47      51      15
     47      51      16
     47      51      17
     47      52       5
     47      52       6
     47      52       7
     47      52       8
     47      52       9
     47      52      10
     47      52      11
     47      52      12
     47      52      13
     47      52      14
     47      52      15
     47      52      16
     47      52      17
     47      53       5
     47      53       6
     47      53       7
     47      53       8
     47      53       9
     47      53      10
     47      53      11
     47      53      12
     47      53      13
     47      53      14
     47      53      15
     47      53      16
     47      53      17
     47      54       5
     47      54       6
     47      54       7
     47      54       8
     47      54       9
     47      54      10
     47      54      11
     47      54      12
     47      54      13
     47      54      14
     47      54      15
     47      54      16
     47      54      17
     47      55       5
     47      55       6
     47      55       7
     47      55       8
     47      55       9
     47      55      10
     47      55      11
     47      55      12
     47      55      13
     47      55      14
     47      55      15
     47      55      16
     47      55      17
     47      56       5
     47      56       6
     47      56       7
     47      56       8
     47      56       9
     47      56      10
     47      56      11
     47      56      12
     47      56      13
     47      56      14
     47      56      15
     47      56      16
     47      56      17
     47      57       5
     47      57       6
     47      57       7
     47      57       8
     47      57       9
     47      57      10
     47      57      11
     47      57      12
     47      57      13
     47      57      14
     47      57      15
     47      57      16
     47      57      17
     47      58       5
     47      58       6
     47      58       7
     47      58       8
     47      58       9
     47      58      10
     47      58      11
     47      58      12
     47      58      13
     47      58      14
     47      58      15
     47      58      16
     47      58      17
     47      59       5
     47      59       6
     47      59       7
     47      59       8
     47      59       9
     47      59      10
     47      59      11
     47      59      12
     47      59      13
     47      59      14
     47      59      15
     47      59      16
     47      59      17
     47      60       5
     47      60       6
     47      60       7
     47      60       8
     47      60       9
     47      60      10
     47      60      11
     47      60      12
     47      60      13
     47      60      14
     47      60      15
     47      60      16
     47      60      17
     47      61       5
     47      61       6
     47      61       7
     47      61       8
     47      61       9
     47      61      10
     47      61      11
     47      61      12
     47      61      13
     47      61      14
     47      61      15
     47      61      16
     47      61      17
     47      62       5
     47      62       6
     47      62       7
     47      62       8
     47      62       9
     47      62      10
     47      62      11
     47      62      12
     47      62      13
     47      62      14
     47      62      15
     47      62      16
     47      62      17
     47      63       5
     47      63       6
     47      63       7
     47      63       8
     47      63       9
     47      63      10
     47      63      11
     47      63      12
     47      63      13
     47      63      14
     47      63      15
     47      63      16
     47      63      17
     47      64       5
     47      64       6
     47      64       7
     47      64       8
     47      64       9
     47      64      10
     47      64      11
     47      64      12
     47      64      13
     47      64      14
     47      64      15
     47      64      16
     47      64      17
     47      65       5
     47      65       6
     47      65       7
     47      65       8
     47      65       9
     47      65      10
     47      65      11
     47      65      12
     47      65      13
     47      65      14
     47      65      15
     47      65      16
     47      65      17
     47      66       5
     47      66       6
     47      66       7
     47      66       8
     47      66       9
     47      66      10
     47      66      11
     47      66      12
     47      66      13
     47      66      14
     47      66      15
     47      66      16
     47      66      17
     47      67       5
     47      67       6
     47      67       7
     47      67       8
     47      67       9
     47      67      10
     47      67      11
     47      67      12
     47      67      13
     47      67      14
     47      67      15
     47      67      16
     47      67      17
     47      68       5
     47      68       6
     47      68       7
     47      68       8
     47      68       9
     47      68      10
     47      68      11
     47      68      12
     47      68      13
     47      68      14
     47      68      15
     47      68      16
     47      68      17
     47      69       5
     47      69       6
     47      69       7
     47      69       8
     47      69       9
     47      69      10
     47      69      11
     47      69      12
     47      69      13
     47      69      14
     47      69      15
     47      69      16
     47      69      17
     47      70       5
     47      70       6
     47      70       7
     47      70       8
     47      70       9
     47      70      10
     47      70      11
     47      70      12
     47      70      13
     47      70      14
     47      70      15
     47      70      16
     47      70      17
     47      71       5
     47      71       6
     47      71       7
     47      71       8
     47      71       9
     47      71      10
     47      71      11
     47      71      12
     47      71      13
     47      71      14
     47      71      15
     47      71      16
     47      71      17
     47      72       5
     47      72       6
     47      72       7
     47      72       8
     47      72       9
     47      72      10
     47      72      11
     47      72      12
     47      72      13
     47      72      14
     47      72      15
     47      72      16
     47      72      17
     47      73       5
     47      73       6
     47      73       7
     47      73       8
     47      73       9
     47      73      10
     47      73      11
     47      73      12
     47      73      13
     47      73      14
     47      73      15
     47      73      16
     47      73      17
     47      74       5
     47      74       6
     47      74       7
     47      74       8
     47      74       9
     47      74      10
     47      74      11
     47      74      12
     47      74      13
     47      74      14
     47      74      15
     47      74      16
     47      74      17
     47      75       5
     47      75       6
     47      75       7
     47      75       8
     47      75       9
     47      75      10
     47      75      11
     47      75      12
     47      75      13
     47      75      14
     47      75      15
     47      75      16
     47      75      17
     47      76       5
     47      76       6
     47      76       7
     47      76       8
     47      76       9
     47      76      10
     47      76      11
     47      76      12
     47      76      13
     47      76      14
     47      76      15
     47      76      16
     47      76      17
     47      77       5
     47      77       6
     47      77       7
     47      77       8
     47      77       9
     47      77      10
     47      77      11
     47      77      12
     47      77      13
     47      77      14
     47      77      15
     47      77      16
     47      77      17
     47      78       5
     47      78       6
     47      78       7
     47      78       8
     47      78       9
     47      78      10
     47      78      11
     47      78      12
     47      78      13
     47      78      14
     47      78      15
     47      78      16
     47      78      17
     47      79       5
     47      79       6
     47      79       7
     47      79       8
     47      79       9
     47      79      10
     47      79      11
     47      79      12
     47      79      13
     47      79      14
     47      79      15
     47      79      16
     47      79      17
     47      80       5
     47      80       6
     47      80       7
     47      80       8
     47      80       9
     47      80      10
     47      80      11
     47      80      12
     47      80      13
     47      80      14
     47      80      15
     47      80      16
     47      80      17
     47      81       5
     47      81       6
     47      81       7
     47      81       8
     47      81       9
     47      81      10
     47      81      11
     47      81      12
     47      81      13
     47      81      14
     47      81      15
     47      81      16
     47      81      17
     47      82       5
     47      82       6
     47      82       7
     47      82       8
     47      82       9
     47      82      10
     47      82      11
     47      82      12
     47      82      13
     47      82      14
     47      82      15
     47      82      16
     47      82      17
     47      83       5
     47      83       6
     47      83       7
     47      83       8
     47      83       9
     47      83      10
     47      83      11
     47      83      12
     47      83      13
     47      83      14
     47      83      15
     47      83      16
     47      83      17
     47      84       5
     47      84       6
     47      84       7
     47      84       8
     47      84       9
     47      84      10
     47      84      11
     47      84      12
     47      84      13
     47      84      14
     47      84      15
     47      84      16
     47      84      17
     48      40       5
     48      40       6
     48      40       7
     48      40       8
     48      40       9
     48      40      10
     48      40      11
     48      40      12
     48      40      13
     48      40      14
     48      40      15
     48      40      16
     48      40      17
     48      41       5
     48      41       6
     48      41       7
     48      41       8
     48      41       9
     48      41      10
     48      41      11
     48      41      12
     48      41      13
     48      41      14
     48      41      15
     48      41      16
     48      41      17
     48      42       5
     48      42       6
     48      42       7
     48      42       8
     48      42       9
     48      42      10
     48      42      11
     48      42      12
     48      42      13
     48      42      14
     48      42      15
     48      42      16
     48      42      17
     48      43       5
     48      43       6
     48      43       7
     48      43       8
     48      43       9
     48      43      10
     48      43      11
     48      43      12
     48      43      13
     48      43      14
     48      43      15
     48      43      16
     48      43      17
     48      44       5
     48      44       6
     48      44       7
     48      44       8
     48      44       9
     48      44      10
     48      44      11
     48      44      12
     48      44      13
     48      44      14
     48      44      15
     48      44      16
     48      44      17
     48      45       5
     48      45       6
     48      45       7
     48      45       8
     48      45       9
     48      45      10
     48      45      11
     48      45      12
     48      45      13
     48      45      14
     48      45      15
     48      45      16
     48      45      17
     48      46       5
     48      46       6
     48      46       7
     48      46       8
     48      46       9
     48      46      10
     48      46      11
     48      46      12
     48      46      13
     48      46      14
     48      46      15
     48      46      16
     48      46      17
     48      47       5
     48      47       6
     48      47       7
     48      47       8
     48      47       9
     48      47      10
     48      47      11
     48      47      12
     48      47      13
     48      47      14
     48      47      15
     48      47      16
     48      47      17
     48      48       5
     48      48       6
     48      48       7
     48      48       8
     48      48       9
     48      48      10
     48      48      11
     48      48      12
     48      48      13
     48      48      14
     48      48      15
     48      48      16
     48      48      17
     48      49       5
     48      49       6
     48      49       7
     48      49       8
     48      49       9
     48      49      10
     48      49      11
     48      49      12
     48      49      13
     48      49      14
     48      49      15
     48      49      16
     48      49      17
     48      50       5
     48      50       6
     48      50       7
     48      50       8
     48      50       9
     48      50      10
     48      50      11
     48      50      12
     48      50      13
     48      50      14
     48      50      15
     48      50      16
     48      50      17
     48      51       5
     48      51       6
     48      51       7
     48      51       8
     48      51       9
     48      51      10
     48      51      11
     48      51      12
     48      51      13
     48      51      14
     48      51      15
     48      51      16
     48      51      17
     48      52       5
     48      52       6
     48      52       7
     48      52       8
     48      52       9
     48      52      10
     48      52      11
     48      52      12
     48      52      13
     48      52      14
     48      52      15
     48      52      16
     48      52      17
     48      53       5
     48      53       6
     48      53       7
     48      53       8
     48      53       9
     48      53      10
     48      53      11
     48      53      12
     48      53      13
     48      53      14
     48      53      15
     48      53      16
     48      53      17
     48      54       5
     48      54       6
     48      54       7
     48      54       8
     48      54       9
     48      54      10
     48      54      11
     48      54      12
     48      54      13
     48      54      14
     48      54      15
     48      54      16
     48      54      17
     48      55       5
     48      55       6
     48      55       7
     48      55       8
     48      55       9
     48      55      10
     48      55      11
     48      55      12
     48      55      13
     48      55      14
     48      55      15
     48      55      16
     48      55      17
     48      56       5
     48      56       6
     48      56       7
     48      56       8
     48      56       9
     48      56      10
     48      56      11
     48      56      12
     48      56      13
     48      56      14
     48      56      15
     48      56      16
     48      56      17
     48      57       5
     48      57       6
     48      57       7
     48      57       8
     48      57       9
     48      57      10
     48      57      11
     48      57      12
     48      57      13
     48      57      14
     48      57      15
     48      57      16
     48      57      17
     48      58       5
     48      58       6
     48      58       7
     48      58       8
     48      58       9
     48      58      10
     48      58      11
     48      58      12
     48      58      13
     48      58      14
     48      58      15
     48      58      16
     48      58      17
     48      59       5
     48      59       6
     48      59       7
     48      59       8
     48      59       9
     48      59      10
     48      59      11
     48      59      12
     48      59      13
     48      59      14
     48      59      15
     48      59      16
     48      59      17
     48      60       5
     48      60       6
     48      60       7
     48      60       8
     48      60       9
     48      60      10
     48      60      11
     48      60      12
     48      60      13
     48      60      14
     48      60      15
     48      60      16
     48      60      17
     48      61       5
     48      61       6
     48      61       7
     48      61       8
     48      61       9
     48      61      10
     48      61      11
     48      61      12
     48      61      13
     48      61      14
     48      61      15
     48      61      16
     48      61      17
     48      62       5
     48      62       6
     48      62       7
     48      62       8
     48      62       9
     48      62      10
     48      62      11
     48      62      12
     48      62      13
     48      62      14
     48      62      15
     48      62      16
     48      62      17
     48      63       5
     48      63       6
     48      63       7
     48      63       8
     48      63       9
     48      63      10
     48      63      11
     48      63      12
     48      63      13
     48      63      14
     48      63      15
     48      63      16
     48      63      17
     48      64       5
     48      64       6
     48      64       7
     48      64       8
     48      64       9
     48      64      10
     48      64      11
     48      64      12
     48      64      13
     48      64      14
     48      64      15
     48      64      16
     48      64      17
     48      65       5
     48      65       6
     48      65       7
     48      65       8
     48      65       9
     48      65      10
     48      65      11
     48      65      12
     48      65      13
     48      65      14
     48      65      15
     48      65      16
     48      65      17
     48      66       5
     48      66       6
     48      66       7
     48      66       8
     48      66       9
     48      66      10
     48      66      11
     48      66      12
     48      66      13
     48      66      14
     48      66      15
     48      66      16
     48      66      17
     48      67       5
     48      67       6
     48      67       7
     48      67       8
     48      67       9
     48      67      10
     48      67      11
     48      67      12
     48      67      13
     48      67      14
     48      67      15
     48      67      16
     48      67      17
     48      68       5
     48      68       6
     48      68       7
     48      68       8
     48      68       9
     48      68      10
     48      68      11
     48      68      12
     48      68      13
     48      68      14
     48      68      15
     48      68      16
     48      68      17
     48      69       5
     48      69       6
     48      69       7
     48      69       8
     48      69       9
     48      69      10
     48      69      11
     48      69      12
     48      69      13
     48      69      14
     48      69      15
     48      69      16
     48      69      17
     48      70       5
     48      70       6
     48      70       7
     48      70       8
     48      70       9
     48      70      10
     48      70      11
     48      70      12
     48      70      13
     48      70      14
     48      70      15
     48      70      16
     48      70      17
     48      71       5
     48      71       6
     48      71       7
     48      71       8
     48      71       9
     48      71      10
     48      71      11
     48      71      12
     48      71      13
     48      71      14
     48      71      15
     48      71      16
     48      71      17
     48      72       5
     48      72       6
     48      72       7
     48      72       8
     48      72       9
     48      72      10
     48      72      11
     48      72      12
     48      72      13
     48      72      14
     48      72      15
     48      72      16
     48      72      17
     48      73       5
     48      73       6
     48      73       7
     48      73       8
     48      73       9
     48      73      10
     48      73      11
     48      73      12
     48      73      13
     48      73      14
     48      73      15
     48      73      16
     48      73      17
     48      74       5
     48      74       6
     48      74       7
     48      74       8
     48      74       9
     48      74      10
     48      74      11
     48      74      12
     48      74      13
     48      74      14
     48      74      15
     48      74      16
     48      74      17
     48      75       5
     48      75       6
     48      75       7
     48      75       8
     48      75       9
     48      75      10
     48      75      11
     48      75      12
     48      75      13
     48      75      14
     48      75      15
     48      75      16
     48      75      17
     48      76       5
     48      76       6
     48      76       7
     48      76       8
     48      76       9
     48      76      10
     48      76      11
     48      76      12
     48      76      13
     48      76      14
     48      76      15
     48      76      16
     48      76      17
     48      77       5
     48      77       6
     48      77       7
     48      77       8
     48      77       9
     48      77      10
     48      77      11
     48      77      12
     48      77      13
     48      77      14
     48      77      15
     48      77      16
     48      77      17
     48      78       5
     48      78       6
     48      78       7
     48      78       8
     48      78       9
     48      78      10
     48      78      11
     48      78      12
     48      78      13
     48      78      14
     48      78      15
     48      78      16
     48      78      17
     48      79       5
     48      79       6
     48      79       7
     48      79       8
     48      79       9
     48      79      10
     48      79      11
     48      79      12
     48      79      13
     48      79      14
     48      79      15
     48      79      16
     48      79      17
     48      80       5
     48      80       6
     48      80       7
     48      80       8
     48      80       9
     48      80      10
     48      80      11
     48      80      12
     48      80      13
     48      80      14
     48      80      15
     48      80      16
     48      80      17
     48      81       5
     48      81       6
     48      81       7
     48      81       8
     48      81       9
     48      81      10
     48      81      11
     48      81      12
     48      81      13
     48      81      14
     48      81      15
     48      81      16
     48      81      17
     48      82       5
     48      82       6
     48      82       7
     48      82       8
     48      82       9
     48      82      10
     48      82      11
     48      82      12
     48      82      13
     48      82      14
     48      82      15
     48      82      16
     48      82      17
     48      83       5
     48      83       6
     48      83       7
     48      83       8
     48      83       9
     48      83      10
     48      83      11
     48      83      12
     48      83      13
     48      83      14
     48      83      15
     48      83      16
     48      83      17
     48      84       5
     48      84       6
     48      84       7
     48      84       8
     48      84       9
     48      84      10
     48      84      11
     48      84      12
     48      84      13
     48      84      14
     48      84      15
     48      84      16
     48      84      17
     49      40       5
     49      40       6
     49      40       7
     49      40       8
     49      40       9
     49      40      10
     49      40      11
     49      40      12
     49      40      13
     49      40      14
     49      40      15
     49      40      16
     49      40      17
     49      41       5
     49      41       6
     49      41       7
     49      41       8
     49      41       9
     49      41      10
     49      41      11
     49      41      12
     49      41      13
     49      41      14
     49      41      15
     49      41      16
     49      41      17
     49      42       5
     49      42       6
     49      42       7
     49      42       8
     49      42       9
     49      42      10
     49      42      11
     49      42      12
     49      42      13
     49      42      14
     49      42      15
     49      42      16
     49      42      17
     49      43       5
     49      43       6
     49      43       7
     49      43       8
     49      43       9
     49      43      10
     49      43      11
     49      43      12
     49      43      13
     49      43      14
     49      43      15
     49      43      16
     49      43      17
     49      44       5
     49      44       6
     49      44       7
     49      44       8
     49      44       9
     49      44      10
     49      44      11
     49      44      12
     49      44      13
     49      44      14
     49      44      15
     49      44      16
     49      44      17
     49      45       5
     49      45       6
     49      45       7
     49      45       8
     49      45       9
     49      45      10
     49      45      11
     49      45      12
     49      45      13
     49      45      14
     49      45      15
     49      45      16
     49      45      17
     49      46       5
     49      46       6
     49      46       7
     49      46       8
     49      46       9
     49      46      10
     49      46      11
     49      46      12
     49      46      13
     49      46      14
     49      46      15
     49      46      16
     49      46      17
     49      47       5
     49      47       6
     49      47       7
     49      47       8
     49      47       9
     49      47      10
     49      47      11
     49      47      12
     49      47      13
     49      47      14
     49      47      15
     49      47      16
     49      47      17
     49      48       5
     49      48       6
     49      48       7
     49      48       8
     49      48       9
     49      48      10
     49      48      11
     49      48      12
     49      48      13
     49      48      14
     49      48      15
     49      48      16
     49      48      17
     49      49       5
     49      49       6
     49      49       7
     49      49       8
     49      49       9
     49      49      10
     49      49      11
     49      49      12
     49      49      13
     49      49      14
     49      49      15
     49      49      16
     49      49      17
     49      50       5
     49      50       6
     49      50       7
     49      50       8
     49      50       9
     49      50      10
     49      50      11
     49      50      12
     49      50      13
     49      50      14
     49      50      15
     49      50      16
     49      50      17
     49      51       5
     49      51       6
     49      51       7
     49      51       8
     49      51       9
     49      51      10
     49      51      11
     49      51      12
     49      51      13
     49      51      14
     49      51      15
     49      51      16
     49      51      17
     49      52       5
     49      52       6
     49      52       7
     49      52       8
     49      52       9
     49      52      10
     49      52      11
     49      52      12
     49      52      13
     49      52      14
     49      52      15
     49      52      16
     49      52      17
     49      53       5
     49      53       6
     49      53       7
     49      53       8
     49      53       9
     49      53      10
     49      53      11
     49      53      12
     49      53      13
     49      53      14
     49      53      15
     49      53      16
     49      53      17
     49      54       5
     49      54       6
     49      54       7
     49      54       8
     49      54       9
     49      54      10
     49      54      11
     49      54      12
     49      54      13
     49      54      14
     49      54      15
     49      54      16
     49      54      17
     49      55       5
     49      55       6
     49      55       7
     49      55       8
     49      55       9
     49      55      10
     49      55      11
     49      55      12
     49      55      13
     49      55      14
     49      55      15
     49      55      16
     49      55      17
     49      56       5
     49      56       6
     49      56       7
     49      56       8
     49      56       9
     49      56      10
     49      56      11
     49      56      12
     49      56      13
     49      56      14
     49      56      15
     49      56      16
     49      56      17
     49      57       5
     49      57       6
     49      57       7
     49      57       8
     49      57       9
     49      57      10
     49      57      11
     49      57      12
     49      57      13
     49      57      14
     49      57      15
     49      57      16
     49      57      17
     49      58       5
     49      58       6
     49      58       7
     49      58       8
     49      58       9
     49      58      10
     49      58      11
     49      58      12
     49      58      13
     49      58      14
     49      58      15
     49      58      16
     49      58      17
     49      59       5
     49      59       6
     49      59       7
     49      59       8
     49      59       9
     49      59      10
     49      59      11
     49      59      12
     49      59      13
     49      59      14
     49      59      15
     49      59      16
     49      59      17
     49      60       5
     49      60       6
     49      60       7
     49      60       8
     49      60       9
     49      60      10
     49      60      11
     49      60      12
     49      60      13
     49      60      14
     49      60      15
     49      60      16
     49      60      17
     49      61       5
     49      61       6
     49      61       7
     49      61       8
     49      61       9
     49      61      10
     49      61      11
     49      61      12
     49      61      13
     49      61      14
     49      61      15
     49      61      16
     49      61      17
     49      62       5
     49      62       6
     49      62       7
     49      62       8
     49      62       9
     49      62      10
     49      62      11
     49      62      12
     49      62      13
     49      62      14
     49      62      15
     49      62      16
     49      62      17
     49      63       5
     49      63       6
     49      63       7
     49      63       8
     49      63       9
     49      63      10
     49      63      11
     49      63      12
     49      63      13
     49      63      14
     49      63      15
     49      63      16
     49      63      17
     49      64       5
     49      64       6
     49      64       7
     49      64       8
     49      64       9
     49      64      10
     49      64      11
     49      64      12
     49      64      13
     49      64      14
     49      64      15
     49      64      16
     49      64      17
     49      65       5
     49      65       6
     49      65       7
     49      65       8
     49      65       9
     49      65      10
     49      65      11
     49      65      12
     49      65      13
     49      65      14
     49      65      15
     49      65      16
     49      65      17
     49      66       5
     49      66       6
     49      66       7
     49      66       8
     49      66       9
     49      66      10
     49      66      11
     49      66      12
     49      66      13
     49      66      14
     49      66      15
     49      66      16
     49      66      17
     49      67       5
     49      67       6
     49      67       7
     49      67       8
     49      67       9
     49      67      10
     49      67      11
     49      67      12
     49      67      13
     49      67      14
     49      67      15
     49      67      16
     49      67      17
     49      68       5
     49      68       6
     49      68       7
     49      68       8
     49      68       9
     49      68      10
     49      68      11
     49      68      12
     49      68      13
     49      68      14
     49      68      15
     49      68      16
     49      68      17
     49      69       5
     49      69       6
     49      69       7
     49      69       8
     49      69       9
     49      69      10
     49      69      11
     49      69      12
     49      69      13
     49      69      14
     49      69      15
     49      69      16
     49      69      17
     49      70       5
     49      70       6
     49      70       7
     49      70       8
     49      70       9
     49      70      10
     49      70      11
     49      70      12
     49      70      13
     49      70      14
     49      70      15
     49      70      16
     49      70      17
     49      71       5
     49      71       6
     49      71       7
     49      71       8
     49      71       9
     49      71      10
     49      71      11
     49      71      12
     49      71      13
     49      71      14
     49      71      15
     49      71      16
     49      71      17
     49      72       5
     49      72       6
     49      72       7
     49      72       8
     49      72       9
     49      72      10
     49      72      11
     49      72      12
     49      72      13
     49      72      14
     49      72      15
     49      72      16
     49      72      17
     49      73       5
     49      73       6
     49      73       7
     49      73       8
     49      73       9
     49      73      10
     49      73      11
     49      73      12
     49      73      13
     49      73      14
     49      73      15
     49      73      16
     49      73      17
     49      74       5
     49      74       6
     49      74       7
     49      74       8
     49      74       9
     49      74      10
     49      74      11
     49      74      12
     49      74      13
     49      74      14
     49      74      15
     49      74      16
     49      74      17
     49      75       5
     49      75       6
     49      75       7
     49      75       8
     49      75       9
     49      75      10
     49      75      11
     49      75      12
     49      75      13
     49      75      14
     49      75      15
     49      75      16
     49      75      17
     49      76       5
     49      76       6
     49      76       7
     49      76       8
     49      76       9
     49      76      10
     49      76      11
     49      76      12
     49      76      13
     49      76      14
     49      76      15
     49      76      16
     49      76      17
     49      77       5
     49      77       6
     49      77       7
     49      77       8
     49      77       9
     49      77      10
     49      77      11
     49      77      12
     49      77      13
     49      77      14
     49      77      15
     49      77      16
     49      77      17
     49      78       5
     49      78       6
     49      78       7
     49      78       8
     49      78       9
     49      78      10
     49      78      11
     49      78      12
     49      78      13
     49      78      14
     49      78      15
     49      78      16
     49      78      17
     49      79       5
     49      79       6
     49      79       7
     49      79       8
     49      79       9
     49      79      10
     49      79      11
     49      79      12
     49      79      13
     49      79      14
     49      79      15
     49      79      16
     49      79      17
     49      80       5
     49      80       6
     49      80       7
     49      80       8
     49      80       9
     49      80      10
     49      80      11
     49      80      12
     49      80      13
     49      80      14
     49      80      15
     49      80      16
     49      80      17
     49      81       5
     49      81       6
     49      81       7
     49      81       8
     49      81       9
     49      81      10
     49      81      11
     49      81      12
     49      81      13
     49      81      14
     49      81      15
     49      81      16
     49      81      17
     49      82       5
     49      82       6
     49      82       7
     49      82       8
     49      82       9
     49      82      10
     49      82      11
     49      82      12
     49      82      13
     49      82      14
     49      82      15
     49      82      16
     49      82      17
     49      83       5
     49      83       6
     49      83       7
     49      83       8
     49      83       9
     49      83      10
     49      83      11
     49      83      12
     49      83      13
     49      83      14
     49      83      15
     49      83      16
     49      83      17
     49      84       5
     49      84       6
     49      84       7
     49      84       8
     49      84       9
     49      84      10
     49      84      11
     49      84      12
     49      84      13
     49      84      14
     49      84      15
     49      84      16
     49      84      17
     50      40       5
     50      40       6
     50      40       7
     50      40       8
     50      40       9
     50      40      10
     50      40      11
     50      40      12
     50      40      13
     50      40      14
     50      40      15
     50      40      16
     50      40      17
     50      41       5
     50      41       6
     50      41       7
     50      41       8
     50      41       9
     50      41      10
     50      41      11
     50      41      12
     50      41      13
     50      41      14
     50      41      15
     50      41      16
     50      41      17
     50      42       5
     50      42       6
     50      42       7
     50      42       8
     50      42       9
     50      42      10
     50      42      11
     50      42      12
     50      42      13
     50      42      14
     50      42      15
     50      42      16
     50      42      17
     50      43       5
     50      43       6
     50      43       7
     50      43       8
     50      43       9
     50      43      10
     50      43      11
     50      43      12
     50      43      13
     50      43      14
     50      43      15
     50      43      16
     50      43      17
     50      44       5
     50      44       6
     50      44       7
     50      44       8
     50      44       9
     50      44      10
     50      44      11
     50      44      12
     50      44      13
     50      44      14
     50      44      15
     50      44      16
     50      44      17
     50      45       5
     50      45       6
     50      45       7
     50      45       8
     50      45       9
     50      45      10
     50      45      11
     50      45      12
     50      45      13
     50      45      14
     50      45      15
     50      45      16
     50      45      17
     50      46       5
     50      46       6
     50      46       7
     50      46       8
     50      46       9
     50      46      10
     50      46      11
     50      46      12
     50      46      13
     50      46      14
     50      46      15
     50      46      16
     50      46      17
     50      47       5
     50      47       6
     50      47       7
     50      47       8
     50      47       9
     50      47      10
     50      47      11
     50      47      12
     50      47      13
     50      47      14
     50      47      15
     50      47      16
     50      47      17
     50      48       5
     50      48       6
     50      48       7
     50      48       8
     50      48       9
     50      48      10
     50      48      11
     50      48      12
     50      48      13
     50      48      14
     50      48      15
     50      48      16
     50      48      17
     50      49       5
     50      49       6
     50      49       7
     50      49       8
     50      49       9
     50      49      10
     50      49      11
     50      49      12
     50      49      13
     50      49      14
     50      49      15
     50      49      16
     50      49      17
     50      50       5
     50      50       6
     50      50       7
     50      50       8
     50      50       9
     50      50      10
     50      50      11
     50      50      12
     50      50      13
     50      50      14
     50      50      15
     50      50      16
     50      50      17
     50      51       5
     50      51       6
     50      51       7
     50      51       8
     50      51       9
     50      51      10
     50      51      11
     50      51      12
     50      51      13
     50      51      14
     50      51      15
     50      51      16
     50      51      17
     50      52       5
     50      52       6
     50      52       7
     50      52       8
     50      52       9
     50      52      10
     50      52      11
     50      52      12
     50      52      13
     50      52      14
     50      52      15
     50      52      16
     50      52      17
     50      53       5
     50      53       6
     50      53       7
     50      53       8
     50      53       9
     50      53      10
     50      53      11
     50      53      12
     50      53      13
     50      53      14
     50      53      15
     50      53      16
     50      53      17
     50      54       5
     50      54       6
     50      54       7
     50      54       8
     50      54       9
     50      54      10
     50      54      11
     50      54      12
     50      54      13
     50      54      14
     50      54      15
     50      54      16
     50      54      17
     50      55       5
     50      55       6
     50      55       7
     50      55       8
     50      55       9
     50      55      10
     50      55      11
     50      55      12
     50      55      13
     50      55      14
     50      55      15
     50      55      16
     50      55      17
     50      56       5
     50      56       6
     50      56       7
     50      56       8
     50      56       9
     50      56      10
     50      56      11
     50      56      12
     50      56      13
     50      56      14
     50      56      15
     50      56      16
     50      56      17
     50      57       5
     50      57       6
     50      57       7
     50      57       8
     50      57       9
     50      57      10
     50      57      11
     50      57      12
     50      57      13
     50      57      14
     50      57      15
     50      57      16
     50      57      17
     50      58       5
     50      58       6
     50      58       7
     50      58       8
     50      58       9
     50      58      10
     50      58      11
     50      58      12
     50      58      13
     50      58      14
     50      58      15
     50      58      16
     50      58      17
     50      59       5
     50      59       6
     50      59       7
     50      59       8
     50      59       9
     50      59      10
     50      59      11
     50      59      12
     50      59      13
     50      59      14
     50      59      15
     50      59      16
     50      59      17
     50      60       5
     50      60       6
     50      60       7
     50      60       8
     50      60       9
     50      60      10
     50      60      11
     50      60      12
     50      60      13
     50      60      14
     50      60      15
     50      60      16
     50      60      17
     50      61       5
     50      61       6
     50      61       7
     50      61       8
     50      61       9
     50      61      10
     50      61      11
     50      61      12
     50      61      13
     50      61      14
     50      61      15
     50      61      16
     50      61      17
     50      62       5
     50      62       6
     50      62       7
     50      62       8
     50      62       9
     50      62      10
     50      62      11
     50      62      12
     50      62      13
     50      62      14
     50      62      15
     50      62      16
     50      62      17
     50      63       5
     50      63       6
     50      63       7
     50      63       8
     50      63       9
     50      63      10
     50      63      11
     50      63      12
     50      63      13
     50      63      14
     50      63      15
     50      63      16
     50      63      17
     50      64       5
     50      64       6
     50      64       7
     50      64       8
     50      64       9
     50      64      10
     50      64      11
     50      64      12
     50      64      13
     50      64      14
     50      64      15
     50      64      16
     50      64      17
     50      65       5
     50      65       6
     50      65       7
     50      65       8
     50      65       9
     50      65      10
     50      65      11
     50      65      12
     50      65      13
     50      65      14
     50      65      15
     50      65      16
     50      65      17
     50      66       5
     50      66       6
     50      66       7
     50      66       8
     50      66       9
     50      66      10
     50      66      11
     50      66      12
     50      66      13
     50      66      14
     50      66      15
     50      66      16
     50      66      17
     50      67       5
     50      67       6
     50      67       7
     50      67       8
     50      67       9
     50      67      10
     50      67      11
     50      67      12
     50      67      13
     50      67      14
     50      67      15
     50      67      16
     50      67      17
     50      68       5
     50      68       6
     50      68       7
     50      68       8
     50      68       9
     50      68      10
     50      68      11
     50      68      12
     50      68      13
     50      68      14
     50      68      15
     50      68      16
     50      68      17
     50      69       5
     50      69       6
     50      69       7
     50      69       8
     50      69       9
     50      69      10
     50      69      11
     50      69      12
     50      69      13
     50      69      14
     50      69      15
     50      69      16
     50      69      17
     50      70       5
     50      70       6
     50      70       7
     50      70       8
     50      70       9
     50      70      10
     50      70      11
     50      70      12
     50      70      13
     50      70      14
     50      70      15
     50      70      16
     50      70      17
     50      71       5
     50      71       6
     50      71       7
     50      71       8
     50      71       9
     50      71      10
     50      71      11
     50      71      12
     50      71      13
     50      71      14
     50      71      15
     50      71      16
     50      71      17
     50      72       5
     50      72       6
     50      72       7
     50      72       8
     50      72       9
     50      72      10
     50      72      11
     50      72      12
     50      72      13
     50      72      14
     50      72      15
     50      72      16
     50      72      17
     50      73       5
     50      73       6
     50      73       7
     50      73       8
     50      73       9
     50      73      10
     50      73      11
     50      73      12
     50      73      13
     50      73      14
     50      73      15
     50      73      16
     50      73      17
     50      74       5
     50      74       6
     50      74       7
     50      74       8
     50      74       9
     50      74      10
     50      74      11
     50      74      12
     50      74      13
     50      74      14
     50      74      15
     50      74      16
     50      74      17
     50      75       5
     50      75       6
     50      75       7
     50      75       8
     50      75       9
     50      75      10
     50      75      11
     50      75      12
     50      75      13
     50      75      14
     50      75      15
     50      75      16
     50      75      17
     50      76       5
     50      76       6
     50      76       7
     50      76       8
     50      76       9
     50      76      10
     50      76      11
     50      76      12
     50      76      13
     50      76      14
     50      76      15
     50      76      16
     50      76      17
     50      77       5
     50      77       6
     50      77       7
     50      77       8
     50      77       9
     50      77      10
     50      77      11
     50      77      12
     50      77      13
     50      77      14
     50      77      15
     50      77      16
     50      77      17
     50      78       5
     50      78       6
     50      78       7
     50      78       8
     50      78       9
     50      78      10
     50      78      11
     50      78      12
     50      78      13
     50      78      14
     50      78      15
     50      78      16
     50      78      17
     50      79       5
     50      79       6
     50      79       7
     50      79       8
     50      79       9
     50      79      10
     50      79      11
     50      79      12
     50      79      13
     50      79      14
     50      79      15
     50      79      16
     50      79      17
     50      80       5
     50      80       6
     50      80       7
     50      80       8
     50      80       9
     50      80      10
     50      80      11
     50      80      12
     50      80      13
     50      80      14
     50      80      15
     50      80      16
     50      80      17
     50      81       5
     50      81       6
     50      81       7
     50      81       8
     50      81       9
     50      81      10
     50      81      11
     50      81      12
     50      81      13
     50      81      14
     50      81      15
     50      81      16
     50      81      17
     50      82       5
     50      82       6
     50      82       7
     50      82       8
     50      82       9
     50      82      10
     50      82      11
     50      82      12
     50      82      13
     50      82      14
     50      82      15
     50      82      16
     50      82      17
     50      83       5
     50      83       6
     50      83       7
     50      83       8
     50      83       9
     50      83      10
     50      83      11
     50      83      12
     50      83      13
     50      83      14
     50      83      15
     50      83      16
     50      83      17
     50      84       5
     50      84       6
     50      84       7
     50      84       8
     50      84       9
     50      84      10
     50      84      11
     50      84      12
     50      84      13
     50      84      14
     50      84      15
     50      84      16
     50      84      17
     51      40       5
     51      40       6
     51      40       7
     51      40       8
     51      40       9
     51      40      10
     51      40      11
     51      40      12
     51      40      13
     51      40      14
     51      40      15
     51      40      16
     51      40      17
     51      41       5
     51      41       6
     51      41       7
     51      41       8
     51      41       9
     51      41      10
     51      41      11
     51      41      12
     51      41      13
     51      41      14
     51      41      15
     51      41      16
     51      41      17
     51      42       5
     51      42       6
     51      42       7
     51      42       8
     51      42       9
     51      42      10
     51      42      11
     51      42      12
     51      42      13
     51      42      14
     51      42      15
     51      42      16
     51      42      17
     51      43       5
     51      43       6
     51      43       7
     51      43       8
     51      43       9
     51      43      10
     51      43      11
     51      43      12
     51      43      13
     51      43      14
     51      43      15
     51      43      16
     51      43      17
     51      44       5
     51      44       6
     51      44       7
     51      44       8
     51      44       9
     51      44      10
     51      44      11
     51      44      12
     51      44      13
     51      44      14
     51      44      15
     51      44      16
     51      44      17
     51      45       5
     51      45       6
     51      45       7
     51      45       8
     51      45       9
     51      45      10
     51      45      11
     51      45      12
     51      45      13
     51      45      14
     51      45      15
     51      45      16
     51      45      17
     51      46       5
     51      46       6
     51      46       7
     51      46       8
     51      46       9
     51      46      10
     51      46      11
     51      46      12
     51      46      13
     51      46      14
     51      46      15
     51      46      16
     51      46      17
     51      47       5
     51      47       6
     51      47       7
     51      47       8
     51      47       9
     51      47      10
     51      47      11
     51      47      12
     51      47      13
     51      47      14
     51      47      15
     51      47      16
     51      47      17
     51      48       5
     51      48       6
     51      48       7
     51      48       8
     51      48       9
     51      48      10
     51      48      11
     51      48      12
     51      48      13
     51      48      14
     51      48      15
     51      48      16
     51      48      17
     51      49       5
     51      49       6
     51      49       7
     51      49       8
     51      49       9
     51      49      10
     51      49      11
     51      49      12
     51      49      13
     51      49      14
     51      49      15
     51      49      16
     51      49      17
     51      50       5
     51      50       6
     51      50       7
     51      50       8
     51      50       9
     51      50      10
     51      50      11
     51      50      12
     51      50      13
     51      50      14
     51      50      15
     51      50      16
     51      50      17
     51      51       5
     51      51       6
     51      51       7
     51      51       8
     51      51       9
     51      51      10
     51      51      11
     51      51      12
     51      51      13
     51      51      14
     51      51      15
     51      51      16
     51      51      17
     51      52       5
     51      52       6
     51      52       7
     51      52       8
     51      52       9
     51      52      10
     51      52      11
     51      52      12
     51      52      13
     51      52      14
     51      52      15
     51      52      16
     51      52      17
     51      53       5
     51      53       6
     51      53       7
     51      53       8
     51      53       9
     51      53      10
     51      53      11
     51      53      12
     51      53      13
     51      53      14
     51      53      15
     51      53      16
     51      53      17
     51      54       5
     51      54       6
     51      54       7
     51      54       8
     51      54       9
     51      54      10
     51      54      11
     51      54      12
     51      54      13
     51      54      14
     51      54      15
     51      54      16
     51      54      17
     51      55       5
     51      55       6
     51      55       7
     51      55       8
     51      55       9
     51      55      10
     51      55      11
     51      55      12
     51      55      13
     51      55      14
     51      55      15
     51      55      16
     51      55      17
     51      56       5
     51      56       6
     51      56       7
     51      56       8
     51      56       9
     51      56      10
     51      56      11
     51      56      12
     51      56      13
     51      56      14
     51      56      15
     51      56      16
     51      56      17
     51      57       5
     51      57       6
     51      57       7
     51      57       8
     51      57       9
     51      57      10
     51      57      11
     51      57      12
     51      57      13
     51      57      14
     51      57      15
     51      57      16
     51      57      17
     51      58       5
     51      58       6
     51      58       7
     51      58       8
     51      58       9
     51      58      10
     51      58      11
     51      58      12
     51      58      13
     51      58      14
     51      58      15
     51      58      16
     51      58      17
     51      59       5
     51      59       6
     51      59       7
     51      59       8
     51      59       9
     51      59      10
     51      59      11
     51      59      12
     51      59      13
     51      59      14
     51      59      15
     51      59      16
     51      59      17
     51      60       5
     51      60       6
     51      60       7
     51      60       8
     51      60       9
     51      60      10
     51      60      11
     51      60      12
     51      60      13
     51      60      14
     51      60      15
     51      60      16
     51      60      17
     51      61       5
     51      61       6
     51      61       7
     51      61       8
     51      61       9
     51      61      10
     51      61      11
     51      61      12
     51      61      13
     51      61      14
     51      61      15
     51      61      16
     51      61      17
     51      62       5
     51      62       6
     51      62       7
     51      62       8
     51      62       9
     51      62      10
     51      62      11
     51      62      12
     51      62      13
     51      62      14
     51      62      15
     51      62      16
     51      62      17
     51      63       5
     51      63       6
     51      63       7
     51      63       8
     51      63       9
     51      63      10
     51      63      11
     51      63      12
     51      63      13
     51      63      14
     51      63      15
     51      63      16
     51      63      17
     51      64       5
     51      64       6
     51      64       7
     51      64       8
     51      64       9
     51      64      10
     51      64      11
     51      64      12
     51      64      13
     51      64      14
     51      64      15
     51      64      16
     51      64      17
     51      65       5
     51      65       6
     51      65       7
     51      65       8
     51      65       9
     51      65      10
     51      65      11
     51      65      12
     51      65      13
     51      65      14
     51      65      15
     51      65      16
     51      65      17
     51      66       5
     51      66       6
     51      66       7
     51      66       8
     51      66       9
     51      66      10
     51      66      11
     51      66      12
     51      66      13
     51      66      14
     51      66      15
     51      66      16
     51      66      17
     51      67       5
     51      67       6
     51      67       7
     51      67       8
     51      67       9
     51      67      10
     51      67      11
     51      67      12
     51      67      13
     51      67      14
     51      67      15
     51      67      16
     51      67      17
     51      68       5
     51      68       6
     51      68       7
     51      68       8
     51      68       9
     51      68      10
     51      68      11
     51      68      12
     51      68      13
     51      68      14
     51      68      15
     51      68      16
     51      68      17
     51      69       5
     51      69       6
     51      69       7
     51      69       8
     51      69       9
     51      69      10
     51      69      11
     51      69      12
     51      69      13
     51      69      14
     51      69      15
     51      69      16
     51      69      17
     51      70       5
     51      70       6
     51      70       7
     51      70       8
     51      70       9
     51      70      10
     51      70      11
     51      70      12
     51      70      13
     51      70      14
     51      70      15
     51      70      16
     51      70      17
     51      71       5
     51      71       6
     51      71       7
     51      71       8
     51      71       9
     51      71      10
     51      71      11
     51      71      12
     51      71      13
     51      71      14
     51      71      15
     51      71      16
     51      71      17
     51      72       5
     51      72       6
     51      72       7
     51      72       8
     51      72       9
     51      72      10
     51      72      11
     51      72      12
     51      72      13
     51      72      14
     51      72      15
     51      72      16
     51      72      17
     51      73       5
     51      73       6
     51      73       7
     51      73       8
     51      73       9
     51      73      10
     51      73      11
     51      73      12
     51      73      13
     51      73      14
     51      73      15
     51      73      16
     51      73      17
     51      74       5
     51      74       6
     51      74       7
     51      74       8
     51      74       9
     51      74      10
     51      74      11
     51      74      12
     51      74      13
     51      74      14
     51      74      15
     51      74      16
     51      74      17
     51      75       5
     51      75       6
     51      75       7
     51      75       8
     51      75       9
     51      75      10
     51      75      11
     51      75      12
     51      75      13
     51      75      14
     51      75      15
     51      75      16
     51      75      17
     51      76       5
     51      76       6
     51      76       7
     51      76       8
     51      76       9
     51      76      10
     51      76      11
     51      76      12
     51      76      13
     51      76      14
     51      76      15
     51      76      16
     51      76      17
     51      77       5
     51      77       6
     51      77       7
     51      77       8
     51      77       9
     51      77      10
     51      77      11
     51      77      12
     51      77      13
     51      77      14
     51      77      15
     51      77      16
     51      77      17
     51      78       5
     51      78       6
     51      78       7
     51      78       8
     51      78       9
     51      78      10
     51      78      11
     51      78      12
     51      78      13
     51      78      14
     51      78      15
     51      78      16
     51      78      17
     51      79       5
     51      79       6
     51      79       7
     51      79       8
     51      79       9
     51      79      10
     51      79      11
     51      79      12
     51      79      13
     51      79      14
     51      79      15
     51      79      16
     51      79      17
     51      80       5
     51      80       6
     51      80       7
     51      80       8
     51      80       9
     51      80      10
     51      80      11
     51      80      12
     51      80      13
     51      80      14
     51      80      15
     51      80      16
     51      80      17
     51      81       5
     51      81       6
     51      81       7
     51      81       8
     51      81       9
     51      81      10
     51      81      11
     51      81      12
     51      81      13
     51      81      14
     51      81      15
     51      81      16
     51      81      17
     51      82       5
     51      82       6
     51      82       7
     51      82       8
     51      82       9
     51      82      10
     51      82      11
     51      82      12
     51      82      13
     51      82      14
     51      82      15
     51      82      16
     51      82      17
     51      83       5
     51      83       6
     51      83       7
     51      83       8
     51      83       9
     51      83      10
     51      83      11
     51      83      12
     51      83      13
     51      83      14
     51      83      15
     51      83      16
     51      83      17
     51      84       5
     51      84       6
     51      84       7
     51      84       8
     51      84       9
     51      84      10
     51      84      11
     51      84      12
     51      84      13
     51      84      14
     51      84      15
     51      84      16
     51      84      17
     52      40       5
     52      40       6
     52      40       7
     52      40       8
     52      40       9
     52      40      10
     52      40      11
     52      40      12
     52      40      13
     52      40      14
     52      40      15
     52      40      16
     52      40      17
     52      41       5
     52      41       6
     52      41       7
     52      41       8
     52      41       9
     52      41      10
     52      41      11
     52      41      12
     52      41      13
     52      41      14
     52      41      15
     52      41      16
     52      41      17
     52      42       5
     52      42       6
     52      42       7
     52      42       8
     52      42       9
     52      42      10
     52      42      11
     52      42      12
     52      42      13
     52      42      14
     52      42      15
     52      42      16
     52      42      17
     52      43       5
     52      43       6
     52      43       7
     52      43       8
     52      43       9
     52      43      10
     52      43      11
     52      43      12
     52      43      13
     52      43      14
     52      43      15
     52      43      16
     52      43      17
     52      44       5
     52      44       6
     52      44       7
     52      44       8
     52      44       9
     52      44      10
     52      44      11
     52      44      12
     52      44      13
     52      44      14
     52      44      15
     52      44      16
     52      44      17
     52      45       5
     52      45       6
     52      45       7
     52      45       8
     52      45       9
     52      45      10
     52      45      11
     52      45      12
     52      45      13
     52      45      14
     52      45      15
     52      45      16
     52      45      17
     52      46       5
     52      46       6
     52      46       7
     52      46       8
     52      46       9
     52      46      10
     52      46      11
     52      46      12
     52      46      13
     52      46      14
     52      46      15
     52      46      16
     52      46      17
     52      47       5
     52      47       6
     52      47       7
     52      47       8
     52      47       9
     52      47      10
     52      47      11
     52      47      12
     52      47      13
     52      47      14
     52      47      15
     52      47      16
     52      47      17
     52      48       5
     52      48       6
     52      48       7
     52      48       8
     52      48       9
     52      48      10
     52      48      11
     52      48      12
     52      48      13
     52      48      14
     52      48      15
     52      48      16
     52      48      17
     52      49       5
     52      49       6
     52      49       7
     52      49       8
     52      49       9
     52      49      10
     52      49      11
     52      49      12
     52      49      13
     52      49      14
     52      49      15
     52      49      16
     52      49      17
     52      50       5
     52      50       6
     52      50       7
     52      50       8
     52      50       9
     52      50      10
     52      50      11
     52      50      12
     52      50      13
     52      50      14
     52      50      15
     52      50      16
     52      50      17
     52      51       5
     52      51       6
     52      51       7
     52      51       8
     52      51       9
     52      51      10
     52      51      11
     52      51      12
     52      51      13
     52      51      14
     52      51      15
     52      51      16
     52      51      17
     52      52       5
     52      52       6
     52      52       7
     52      52       8
     52      52       9
     52      52      10
     52      52      11
     52      52      12
     52      52      13
     52      52      14
     52      52      15
     52      52      16
     52      52      17
     52      53       5
     52      53       6
     52      53       7
     52      53       8
     52      53       9
     52      53      10
     52      53      11
     52      53      12
     52      53      13
     52      53      14
     52      53      15
     52      53      16
     52      53      17
     52      54       5
     52      54       6
     52      54       7
     52      54       8
     52      54       9
     52      54      10
     52      54      11
     52      54      12
     52      54      13
     52      54      14
     52      54      15
     52      54      16
     52      54      17
     52      55       5
     52      55       6
     52      55       7
     52      55       8
     52      55       9
     52      55      10
     52      55      11
     52      55      12
     52      55      13
     52      55      14
     52      55      15
     52      55      16
     52      55      17
     52      56       5
     52      56       6
     52      56       7
     52      56       8
     52      56       9
     52      56      10
     52      56      11
     52      56      12
     52      56      13
     52      56      14
     52      56      15
     52      56      16
     52      56      17
     52      57       5
     52      57       6
     52      57       7
     52      57       8
     52      57       9
     52      57      10
     52      57      11
     52      57      12
     52      57      13
     52      57      14
     52      57      15
     52      57      16
     52      57      17
     52      58       5
     52      58       6
     52      58       7
     52      58       8
     52      58       9
     52      58      10
     52      58      11
     52      58      12
     52      58      13
     52      58      14
     52      58      15
     52      58      16
     52      58      17
     52      59       5
     52      59       6
     52      59       7
     52      59       8
     52      59       9
     52      59      10
     52      59      11
     52      59      12
     52      59      13
     52      59      14
     52      59      15
     52      59      16
     52      59      17
     52      60       5
     52      60       6
     52      60       7
     52      60       8
     52      60       9
     52      60      10
     52      60      11
     52      60      12
     52      60      13
     52      60      14
     52      60      15
     52      60      16
     52      60      17
     52      61       5
     52      61       6
     52      61       7
     52      61       8
     52      61       9
     52      61      10
     52      61      11
     52      61      12
     52      61      13
     52      61      14
     52      61      15
     52      61      16
     52      61      17
     52      62       5
     52      62       6
     52      62       7
     52      62       8
     52      62       9
     52      62      10
     52      62      11
     52      62      12
     52      62      13
     52      62      14
     52      62      15
     52      62      16
     52      62      17
     52      63       5
     52      63       6
     52      63       7
     52      63       8
     52      63       9
     52      63      10
     52      63      11
     52      63      12
     52      63      13
     52      63      14
     52      63      15
     52      63      16
     52      63      17
     52      64       5
     52      64       6
     52      64       7
     52      64       8
     52      64       9
     52      64      10
     52      64      11
     52      64      12
     52      64      13
     52      64      14
     52      64      15
     52      64      16
     52      64      17
     52      65       5
     52      65       6
     52      65       7
     52      65       8
     52      65       9
     52      65      10
     52      65      11
     52      65      12
     52      65      13
     52      65      14
     52      65      15
     52      65      16
     52      65      17
     52      66       5
     52      66       6
     52      66       7
     52      66       8
     52      66       9
     52      66      10
     52      66      11
     52      66      12
     52      66      13
     52      66      14
     52      66      15
     52      66      16
     52      66      17
     52      67       5
     52      67       6
     52      67       7
     52      67       8
     52      67       9
     52      67      10
     52      67      11
     52      67      12
     52      67      13
     52      67      14
     52      67      15
     52      67      16
     52      67      17
     52      68       5
     52      68       6
     52      68       7
     52      68       8
     52      68       9
     52      68      10
     52      68      11
     52      68      12
     52      68      13
     52      68      14
     52      68      15
     52      68      16
     52      68      17
     52      69       5
     52      69       6
     52      69       7
     52      69       8
     52      69       9
     52      69      10
     52      69      11
     52      69      12
     52      69      13
     52      69      14
     52      69      15
     52      69      16
     52      69      17
     52      70       5
     52      70       6
     52      70       7
     52      70       8
     52      70       9
     52      70      10
     52      70      11
     52      70      12
     52      70      13
     52      70      14
     52      70      15
     52      70      16
     52      70      17
     52      71       5
     52      71       6
     52      71       7
     52      71       8
     52      71       9
     52      71      10
     52      71      11
     52      71      12
     52      71      13
     52      71      14
     52      71      15
     52      71      16
     52      71      17
     52      72       5
     52      72       6
     52      72       7
     52      72       8
     52      72       9
     52      72      10
     52      72      11
     52      72      12
     52      72      13
     52      72      14
     52      72      15
     52      72      16
     52      72      17
     52      73       5
     52      73       6
     52      73       7
     52      73       8
     52      73       9
     52      73      10
     52      73      11
     52      73      12
     52      73      13
     52      73      14
     52      73      15
     52      73      16
     52      73      17
     52      74       5
     52      74       6
     52      74       7
     52      74       8
     52      74       9
     52      74      10
     52      74      11
     52      74      12
     52      74      13
     52      74      14
     52      74      15
     52      74      16
     52      74      17
     52      75       5
     52      75       6
     52      75       7
     52      75       8
     52      75       9
     52      75      10
     52      75      11
     52      75      12
     52      75      13
     52      75      14
     52      75      15
     52      75      16
     52      75      17
     52      76       5
     52      76       6
     52      76       7
     52      76       8
     52      76       9
     52      76      10
     52      76      11
     52      76      12
     52      76      13
     52      76      14
     52      76      15
     52      76      16
     52      76      17
     52      77       5
     52      77       6
     52      77       7
     52      77       8
     52      77       9
     52      77      10
     52      77      11
     52      77      12
     52      77      13
     52      77      14
     52      77      15
     52      77      16
     52      77      17
     52      78       5
     52      78       6
     52      78       7
     52      78       8
     52      78       9
     52      78      10
     52      78      11
     52      78      12
     52      78      13
     52      78      14
     52      78      15
     52      78      16
     52      78      17
     52      79       5
     52      79       6
     52      79       7
     52      79       8
     52      79       9
     52      79      10
     52      79      11
     52      79      12
     52      79      13
     52      79      14
     52      79      15
     52      79      16
     52      79      17
     52      80       5
     52      80       6
     52      80       7
     52      80       8
     52      80       9
     52      80      10
     52      80      11
     52      80      12
     52      80      13
     52      80      14
     52      80      15
     52      80      16
     52      80      17
     52      81       5
     52      81       6
     52      81       7
     52      81       8
     52      81       9
     52      81      10
     52      81      11
     52      81      12
     52      81      13
     52      81      14
     52      81      15
     52      81      16
     52      81      17
     52      82       5
     52      82       6
     52      82       7
     52      82       8
     52      82       9
     52      82      10
     52      82      11
     52      82      12
     52      82      13
     52      82      14
     52      82      15
     52      82      16
     52      82      17
     52      83       5
     52      83       6
     52      83       7
     52      83       8
     52      83       9
     52      83      10
     52      83      11
     52      83      12
     52      83      13
     52      83      14
     52      83      15
     52      83      16
     52      83      17
     52      84       5
     52      84       6
     52      84       7
     52      84       8
     52      84       9
     52      84      10
     52      84      11
     52      84      12
     52      84      13
     52      84      14
     52      84      15
     52      84      16
     52      84      17
     53      40       5
     53      40       6
     53      40       7
     53      40       8
     53      40       9
     53      40      10
     53      40      11
     53      40      12
     53      40      13
     53      40      14
     53      40      15
     53      40      16
     53      40      17
     53      41       5
     53      41       6
     53      41       7
     53      41       8
     53      41       9
     53      41      10
     53      41      11
     53      41      12
     53      41      13
     53      41      14
     53      41      15
     53      41      16
     53      41      17
     53      42       5
     53      42       6
     53      42       7
     53      42       8
     53      42       9
     53      42      10
     53      42      11
     53      42      12
     53      42      13
     53      42      14
     53      42      15
     53      42      16
     53      42      17
     53      43       5
     53      43       6
     53      43       7
     53      43       8
     53      43       9
     53      43      10
     53      43      11
     53      43      12
     53      43      13
     53      43      14
     53      43      15
     53      43      16
     53      43      17
     53      44       5
     53      44       6
     53      44       7
     53      44       8
     53      44       9
     53      44      10
     53      44      11
     53      44      12
     53      44      13
     53      44      14
     53      44      15
     53      44      16
     53      44      17
     53      45       5
     53      45       6
     53      45       7
     53      45       8
     53      45       9
     53      45      10
     53      45      11
     53      45      12
     53      45      13
     53      45      14
     53      45      15
     53      45      16
     53      45      17
     53      46       5
     53      46       6
     53      46       7
     53      46       8
     53      46       9
     53      46      10
     53      46      11
     53      46      12
     53      46      13
     53      46      14
     53      46      15
     53      46      16
     53      46      17
     53      47       5
     53      47       6
     53      47       7
     53      47       8
     53      47       9
     53      47      10
     53      47      11
     53      47      12
     53      47      13
     53      47      14
     53      47      15
     53      47      16
     53      47      17
     53      48       5
     53      48       6
     53      48       7
     53      48       8
     53      48       9
     53      48      10
     53      48      11
     53      48      12
     53      48      13
     53      48      14
     53      48      15
     53      48      16
     53      48      17
     53      49       5
     53      49       6
     53      49       7
     53      49       8
     53      49       9
     53      49      10
     53      49      11
     53      49      12
     53      49      13
     53      49      14
     53      49      15
     53      49      16
     53      49      17
     53      50       5
     53      50       6
     53      50       7
     53      50       8
     53      50       9
     53      50      10
     53      50      11
     53      50      12
     53      50      13
     53      50      14
     53      50      15
     53      50      16
     53      50      17
     53      51       5
     53      51       6
     53      51       7
     53      51       8
     53      51       9
     53      51      10
     53      51      11
     53      51      12
     53      51      13
     53      51      14
     53      51      15
     53      51      16
     53      51      17
     53      52       5
     53      52       6
     53      52       7
     53      52       8
     53      52       9
     53      52      10
     53      52      11
     53      52      12
     53      52      13
     53      52      14
     53      52      15
     53      52      16
     53      52      17
     53      53       5
     53      53       6
     53      53       7
     53      53       8
     53      53       9
     53      53      10
     53      53      11
     53      53      12
     53      53      13
     53      53      14
     53      53      15
     53      53      16
     53      53      17
     53      54       5
     53      54       6
     53      54       7
     53      54       8
     53      54       9
     53      54      10
     53      54      11
     53      54      12
     53      54      13
     53      54      14
     53      54      15
     53      54      16
     53      54      17
     53      55       5
     53      55       6
     53      55       7
     53      55       8
     53      55       9
     53      55      10
     53      55      11
     53      55      12
     53      55      13
     53      55      14
     53      55      15
     53      55      16
     53      55      17
     53      56       5
     53      56       6
     53      56       7
     53      56       8
     53      56       9
     53      56      10
     53      56      11
     53      56      12
     53      56      13
     53      56      14
     53      56      15
     53      56      16
     53      56      17
     53      57       5
     53      57       6
     53      57       7
     53      57       8
     53      57       9
     53      57      10
     53      57      11
     53      57      12
     53      57      13
     53      57      14
     53      57      15
     53      57      16
     53      57      17
     53      58       5
     53      58       6
     53      58       7
     53      58       8
     53      58       9
     53      58      10
     53      58      11
     53      58      12
     53      58      13
     53      58      14
     53      58      15
     53      58      16
     53      58      17
     53      59       5
     53      59       6
     53      59       7
     53      59       8
     53      59       9
     53      59      10
     53      59      11
     53      59      12
     53      59      13
     53      59      14
     53      59      15
     53      59      16
     53      59      17
     53      60       5
     53      60       6
     53      60       7
     53      60       8
     53      60       9
     53      60      10
     53      60      11
     53      60      12
     53      60      13
     53      60      14
     53      60      15
     53      60      16
     53      60      17
     53      61       5
     53      61       6
     53      61       7
     53      61       8
     53      61       9
     53      61      10
     53      61      11
     53      61      12
     53      61      13
     53      61      14
     53      61      15
     53      61      16
     53      61      17
     53      62       5
     53      62       6
     53      62       7
     53      62       8
     53      62       9
     53      62      10
     53      62      11
     53      62      12
     53      62      13
     53      62      14
     53      62      15
     53      62      16
     53      62      17
     53      63       5
     53      63       6
     53      63       7
     53      63       8
     53      63       9
     53      63      10
     53      63      11
     53      63      12
     53      63      13
     53      63      14
     53      63      15
     53      63      16
     53      63      17
     53      64       5
     53      64       6
     53      64       7
     53      64       8
     53      64       9
     53      64      10
     53      64      11
     53      64      12
     53      64      13
     53      64      14
     53      64      15
     53      64      16
     53      64      17
     53      65       5
     53      65       6
     53      65       7
     53      65       8
     53      65       9
     53      65      10
     53      65      11
     53      65      12
     53      65      13
     53      65      14
     53      65      15
     53      65      16
     53      65      17
     53      66       5
     53      66       6
     53      66       7
     53      66       8
     53      66       9
     53      66      10
     53      66      11
     53      66      12
     53      66      13
     53      66      14
     53      66      15
     53      66      16
     53      66      17
     53      67       5
     53      67       6
     53      67       7
     53      67       8
     53      67       9
     53      67      10
     53      67      11
     53      67      12
     53      67      13
     53      67      14
     53      67      15
     53      67      16
     53      67      17
     53      68       5
     53      68       6
     53      68       7
     53      68       8
     53      68       9
     53      68      10
     53      68      11
     53      68      12
     53      68      13
     53      68      14
     53      68      15
     53      68      16
     53      68      17
     53      69       5
     53      69       6
     53      69       7
     53      69       8
     53      69       9
     53      69      10
     53      69      11
     53      69      12
     53      69      13
     53      69      14
     53      69      15
     53      69      16
     53      69      17
     53      70       5
     53      70       6
     53      70       7
     53      70       8
     53      70       9
     53      70      10
     53      70      11
     53      70      12
     53      70      13
     53      70      14
     53      70      15
     53      70      16
     53      70      17
     53      71       5
     53      71       6
     53      71       7
     53      71       8
     53      71       9
     53      71      10
     53      71      11
     53      71      12
     53      71      13
     53      71      14
     53      71      15
     53      71      16
     53      71      17
     53      72       5
     53      72       6
     53      72       7
     53      72       8
     53      72       9
     53      72      10
     53      72      11
     53      72      12
     53      72      13
     53      72      14
     53      72      15
     53      72      16
     53      72      17
     53      73       5
     53      73       6
     53      73       7
     53      73       8
     53      73       9
     53      73      10
     53      73      11
     53      73      12
     53      73      13
     53      73      14
     53      73      15
     53      73      16
     53      73      17
     53      74       5
     53      74       6
     53      74       7
     53      74       8
     53      74       9
     53      74      10
     53      74      11
     53      74      12
     53      74      13
     53      74      14
     53      74      15
     53      74      16
     53      74      17
     53      75       5
     53      75       6
     53      75       7
     53      75       8
     53      75       9
     53      75      10
     53      75      11
     53      75      12
     53      75      13
     53      75      14
     53      75      15
     53      75      16
     53      75      17
     53      76       5
     53      76       6
     53      76       7
     53      76       8
     53      76       9
     53      76      10
     53      76      11
     53      76      12
     53      76      13
     53      76      14
     53      76      15
     53      76      16
     53      76      17
     53      77       5
     53      77       6
     53      77       7
     53      77       8
     53      77       9
     53      77      10
     53      77      11
     53      77      12
     53      77      13
     53      77      14
     53      77      15
     53      77      16
     53      77      17
     53      78       5
     53      78       6
     53      78       7
     53      78       8
     53      78       9
     53      78      10
     53      78      11
     53      78      12
     53      78      13
     53      78      14
     53      78      15
     53      78      16
     53      78      17
     53      79       5
     53      79       6
     53      79       7
     53      79       8
     53      79       9
     53      79      10
     53      79      11
     53      79      12
     53      79      13
     53      79      14
     53      79      15
     53      79      16
     53      79      17
     53      80       5
     53      80       6
     53      80       7
     53      80       8
     53      80       9
     53      80      10
     53      80      11
     53      80      12
     53      80      13
     53      80      14
     53      80      15
     53      80      16
     53      80      17
     53      81       5
     53      81       6
     53      81       7
     53      81       8
     53      81       9
     53      81      10
     53      81      11
     53      81      12
     53      81      13
     53      81      14
     53      81      15
     53      81      16
     53      81      17
     53      82       5
     53      82       6
     53      82       7
     53      82       8
     53      82       9
     53      82      10
     53      82      11
     53      82      12
     53      82      13
     53      82      14
     53      82      15
     53      82      16
     53      82      17
     53      83       5
     53      83       6
     53      83       7
     53      83       8
     53      83       9
     53      83      10
     53      83      11
     53      83      12
     53      83      13
     53      83      14
     53      83      15
     53      83      16
     53      83      17
     53      84       5
     53      84       6
     53      84       7
     53      84       8
     53      84       9
     53      84      10
     53      84      11
     53      84      12
     53      84      13
     53      84      14
     53      84      15
     53      84      16
     53      84      17
     54      40       5
     54      40       6
     54      40       7
     54      40       8
     54      40       9
     54      40      10
     54      40      11
     54      40      12
     54      40      13
     54      40      14
     54      40      15
     54      40      16
     54      40      17
     54      41       5
     54      41       6
     54      41       7
     54      41       8
     54      41       9
     54      41      10
     54      41      11
     54      41      12
     54      41      13
     54      41      14
     54      41      15
     54      41      16
     54      41      17
     54      42       5
     54      42       6
     54      42       7
     54      42       8
     54      42       9
     54      42      10
     54      42      11
     54      42      12
     54      42      13
     54      42      14
     54      42      15
     54      42      16
     54      42      17
     54      43       5
     54      43       6
     54      43       7
     54      43       8
     54      43       9
     54      43      10
     54      43      11
     54      43      12
     54      43      13
     54      43      14
     54      43      15
     54      43      16
     54      43      17
     54      44       5
     54      44       6
     54      44       7
     54      44       8
     54      44       9
     54      44      10
     54      44      11
     54      44      12
     54      44      13
     54      44      14
     54      44      15
     54      44      16
     54      44      17
     54      45       5
     54      45       6
     54      45       7
     54      45       8
     54      45       9
     54      45      10
     54      45      11
     54      45      12
     54      45      13
     54      45      14
     54      45      15
     54      45      16
     54      45      17
     54      46       5
     54      46       6
     54      46       7
     54      46       8
     54      46       9
     54      46      10
     54      46      11
     54      46      12
     54      46      13
     54      46      14
     54      46      15
     54      46      16
     54      46      17
     54      47       5
     54      47       6
     54      47       7
     54      47       8
     54      47       9
     54      47      10
     54      47      11
     54      47      12
     54      47      13
     54      47      14
     54      47      15
     54      47      16
     54      47      17
     54      48       5
     54      48       6
     54      48       7
     54      48       8
     54      48       9
     54      48      10
     54      48      11
     54      48      12
     54      48      13
     54      48      14
     54      48      15
     54      48      16
     54      48      17
     54      49       5
     54      49       6
     54      49       7
     54      49       8
     54      49       9
     54      49      10
     54      49      11
     54      49      12
     54      49      13
     54      49      14
     54      49      15
     54      49      16
     54      49      17
     54      50       5
     54      50       6
     54      50       7
     54      50       8
     54      50       9
     54      50      10
     54      50      11
     54      50      12
     54      50      13
     54      50      14
     54      50      15
     54      50      16
     54      50      17
     54      51       5
     54      51       6
     54      51       7
     54      51       8
     54      51       9
     54      51      10
     54      51      11
     54      51      12
     54      51      13
     54      51      14
     54      51      15
     54      51      16
     54      51      17
     54      52       5
     54      52       6
     54      52       7
     54      52       8
     54      52       9
     54      52      10
     54      52      11
     54      52      12
     54      52      13
     54      52      14
     54      52      15
     54      52      16
     54      52      17
     54      53       5
     54      53       6
     54      53       7
     54      53       8
     54      53       9
     54      53      10
     54      53      11
     54      53      12
     54      53      13
     54      53      14
     54      53      15
     54      53      16
     54      53      17
     54      54       5
     54      54       6
     54      54       7
     54      54       8
     54      54       9
     54      54      10
     54      54      11
     54      54      12
     54      54      13
     54      54      14
     54      54      15
     54      54      16
     54      54      17
     54      55       5
     54      55       6
     54      55       7
     54      55       8
     54      55       9
     54      55      10
     54      55      11
     54      55      12
     54      55      13
     54      55      14
     54      55      15
     54      55      16
     54      55      17
     54      56       5
     54      56       6
     54      56       7
     54      56       8
     54      56       9
     54      56      10
     54      56      11
     54      56      12
     54      56      13
     54      56      14
     54      56      15
     54      56      16
     54      56      17
     54      57       5
     54      57       6
     54      57       7
     54      57       8
     54      57       9
     54      57      10
     54      57      11
     54      57      12
     54      57      13
     54      57      14
     54      57      15
     54      57      16
     54      57      17
     54      58       5
     54      58       6
     54      58       7
     54      58       8
     54      58       9
     54      58      10
     54      58      11
     54      58      12
     54      58      13
     54      58      14
     54      58      15
     54      58      16
     54      58      17
     54      59       5
     54      59       6
     54      59       7
     54      59       8
     54      59       9
     54      59      10
     54      59      11
     54      59      12
     54      59      13
     54      59      14
     54      59      15
     54      59      16
     54      59      17
     54      60       5
     54      60       6
     54      60       7
     54      60       8
     54      60       9
     54      60      10
     54      60      11
     54      60      12
     54      60      13
     54      60      14
     54      60      15
     54      60      16
     54      60      17
     54      61       5
     54      61       6
     54      61       7
     54      61       8
     54      61       9
     54      61      10
     54      61      11
     54      61      12
     54      61      13
     54      61      14
     54      61      15
     54      61      16
     54      61      17
     54      62       5
     54      62       6
     54      62       7
     54      62       8
     54      62       9
     54      62      10
     54      62      11
     54      62      12
     54      62      13
     54      62      14
     54      62      15
     54      62      16
     54      62      17
     54      63       5
     54      63       6
     54      63       7
     54      63       8
     54      63       9
     54      63      10
     54      63      11
     54      63      12
     54      63      13
     54      63      14
     54      63      15
     54      63      16
     54      63      17
     54      64       5
     54      64       6
     54      64       7
     54      64       8
     54      64       9
     54      64      10
     54      64      11
     54      64      12
     54      64      13
     54      64      14
     54      64      15
     54      64      16
     54      64      17
     54      65       5
     54      65       6
     54      65       7
     54      65       8
     54      65       9
     54      65      10
     54      65      11
     54      65      12
     54      65      13
     54      65      14
     54      65      15
     54      65      16
     54      65      17
     54      66       5
     54      66       6
     54      66       7
     54      66       8
     54      66       9
     54      66      10
     54      66      11
     54      66      12
     54      66      13
     54      66      14
     54      66      15
     54      66      16
     54      66      17
     54      67       5
     54      67       6
     54      67       7
     54      67       8
     54      67       9
     54      67      10
     54      67      11
     54      67      12
     54      67      13
     54      67      14
     54      67      15
     54      67      16
     54      67      17
     54      68       5
     54      68       6
     54      68       7
     54      68       8
     54      68       9
     54      68      10
     54      68      11
     54      68      12
     54      68      13
     54      68      14
     54      68      15
     54      68      16
     54      68      17
     54      69       5
     54      69       6
     54      69       7
     54      69       8
     54      69       9
     54      69      10
     54      69      11
     54      69      12
     54      69      13
     54      69      14
     54      69      15
     54      69      16
     54      69      17
     54      70       5
     54      70       6
     54      70       7
     54      70       8
     54      70       9
     54      70      10
     54      70      11
     54      70      12
     54      70      13
     54      70      14
     54      70      15
     54      70      16
     54      70      17
     54      71       5
     54      71       6
     54      71       7
     54      71       8
     54      71       9
     54      71      10
     54      71      11
     54      71      12
     54      71      13
     54      71      14
     54      71      15
     54      71      16
     54      71      17
     54      72       5
     54      72       6
     54      72       7
     54      72       8
     54      72       9
     54      72      10
     54      72      11
     54      72      12
     54      72      13
     54      72      14
     54      72      15
     54      72      16
     54      72      17
     54      73       5
     54      73       6
     54      73       7
     54      73       8
     54      73       9
     54      73      10
     54      73      11
     54      73      12
     54      73      13
     54      73      14
     54      73      15
     54      73      16
     54      73      17
     54      74       5
     54      74       6
     54      74       7
     54      74       8
     54      74       9
     54      74      10
     54      74      11
     54      74      12
     54      74      13
     54      74      14
     54      74      15
     54      74      16
     54      74      17
     54      75       5
     54      75       6
     54      75       7
     54      75       8
     54      75       9
     54      75      10
     54      75      11
     54      75      12
     54      75      13
     54      75      14
     54      75      15
     54      75      16
     54      75      17
     54      76       5
     54      76       6
     54      76       7
     54      76       8
     54      76       9
     54      76      10
     54      76      11
     54      76      12
     54      76      13
     54      76      14
     54      76      15
     54      76      16
     54      76      17
     54      77       5
     54      77       6
     54      77       7
     54      77       8
     54      77       9
     54      77      10
     54      77      11
     54      77      12
     54      77      13
     54      77      14
     54      77      15
     54      77      16
     54      77      17
     54      78       5
     54      78       6
     54      78       7
     54      78       8
     54      78       9
     54      78      10
     54      78      11
     54      78      12
     54      78      13
     54      78      14
     54      78      15
     54      78      16
     54      78      17
     54      79       5
     54      79       6
     54      79       7
     54      79       8
     54      79       9
     54      79      10
     54      79      11
     54      79      12
     54      79      13
     54      79      14
     54      79      15
     54      79      16
     54      79      17
     54      80       5
     54      80       6
     54      80       7
     54      80       8
     54      80       9
     54      80      10
     54      80      11
     54      80      12
     54      80      13
     54      80      14
     54      80      15
     54      80      16
     54      80      17
     54      81       5
     54      81       6
     54      81       7
     54      81       8
     54      81       9
     54      81      10
     54      81      11
     54      81      12
     54      81      13
     54      81      14
     54      81      15
     54      81      16
     54      81      17
     54      82       5
     54      82       6
     54      82       7
     54      82       8
     54      82       9
     54      82      10
     54      82      11
     54      82      12
     54      82      13
     54      82      14
     54      82      15
     54      82      16
     54      82      17
     54      83       5
     54      83       6
     54      83       7
     54      83       8
     54      83       9
     54      83      10
     54      83      11
     54      83      12
     54      83      13
     54      83      14
     54      83      15
     54      83      16
     54      83      17
     54      84       5
     54      84       6
     54      84       7
     54      84       8
     54      84       9
     54      84      10
     54      84      11
     54      84      12
     54      84      13
     54      84      14
     54      84      15
     54      84      16
     54      84      17
     55      40       5
     55      40       6
     55      40       7
     55      40       8
     55      40       9
     55      40      10
     55      40      11
     55      40      12
     55      40      13
     55      40      14
     55      40      15
     55      40      16
     55      40      17
     55      41       5
     55      41       6
     55      41       7
     55      41       8
     55      41       9
     55      41      10
     55      41      11
     55      41      12
     55      41      13
     55      41      14
     55      41      15
     55      41      16
     55      41      17
     55      42       5
     55      42       6
     55      42       7
     55      42       8
     55      42       9
     55      42      10
     55      42      11
     55      42      12
     55      42      13
     55      42      14
     55      42      15
     55      42      16
     55      42      17
     55      43       5
     55      43       6
     55      43       7
     55      43       8
     55      43       9
     55      43      10
     55      43      11
     55      43      12
     55      43      13
     55      43      14
     55      43      15
     55      43      16
     55      43      17
     55      44       5
     55      44       6
     55      44       7
     55      44       8
     55      44       9
     55      44      10
     55      44      11
     55      44      12
     55      44      13
     55      44      14
     55      44      15
     55      44      16
     55      44      17
     55      45       5
     55      45       6
     55      45       7
     55      45       8
     55      45       9
     55      45      10
     55      45      11
     55      45      12
     55      45      13
     55      45      14
     55      45      15
     55      45      16
     55      45      17
     55      46       5
     55      46       6
     55      46       7
     55      46       8
     55      46       9
     55      46      10
     55      46      11
     55      46      12
     55      46      13
     55      46      14
     55      46      15
     55      46      16
     55      46      17
     55      47       5
     55      47       6
     55      47       7
     55      47       8
     55      47       9
     55      47      10
     55      47      11
     55      47      12
     55      47      13
     55      47      14
     55      47      15
     55      47      16
     55      47      17
     55      48       5
     55      48       6
     55      48       7
     55      48       8
     55      48       9
     55      48      10
     55      48      11
     55      48      12
     55      48      13
     55      48      14
     55      48      15
     55      48      16
     55      48      17
     55      49       5
     55      49       6
     55      49       7
     55      49       8
     55      49       9
     55      49      10
     55      49      11
     55      49      12
     55      49      13
     55      49      14
     55      49      15
     55      49      16
     55      49      17
     55      50       5
     55      50       6
     55      50       7
     55      50       8
     55      50       9
     55      50      10
     55      50      11
     55      50      12
     55      50      13
     55      50      14
     55      50      15
     55      50      16
     55      50      17
     55      51       5
     55      51       6
     55      51       7
     55      51       8
     55      51       9
     55      51      10
     55      51      11
     55      51      12
     55      51      13
     55      51      14
     55      51      15
     55      51      16
     55      51      17
     55      52       5
     55      52       6
     55      52       7
     55      52       8
     55      52       9
     55      52      10
     55      52      11
     55      52      12
     55      52      13
     55      52      14
     55      52      15
     55      52      16
     55      52      17
     55      53       5
     55      53       6
     55      53       7
     55      53       8
     55      53       9
     55      53      10
     55      53      11
     55      53      12
     55      53      13
     55      53      14
     55      53      15
     55      53      16
     55      53      17
     55      54       5
     55      54       6
     55      54       7
     55      54       8
     55      54       9
     55      54      10
     55      54      11
     55      54      12
     55      54      13
     55      54      14
     55      54      15
     55      54      16
     55      54      17
     55      55       5
     55      55       6
     55      55       7
     55      55       8
     55      55       9
     55      55      10
     55      55      11
     55      55      12
     55      55      13
     55      55      14
     55      55      15
     55      55      16
     55      55      17
     55      56       5
     55      56       6
     55      56       7
     55      56       8
     55      56       9
     55      56      10
     55      56      11
     55      56      12
     55      56      13
     55      56      14
     55      56      15
     55      56      16
     55      56      17
     55      57       5
     55      57       6
     55      57       7
     55      57       8
     55      57       9
     55      57      10
     55      57      11
     55      57      12
     55      57      13
     55      57      14
     55      57      15
     55      57      16
     55      57      17
     55      58       5
     55      58       6
     55      58       7
     55      58       8
     55      58       9
     55      58      10
     55      58      11
     55      58      12
     55      58      13
     55      58      14
     55      58      15
     55      58      16
     55      58      17
     55      59       5
     55      59       6
     55      59       7
     55      59       8
     55      59       9
     55      59      10
     55      59      11
     55      59      12
     55      59      13
     55      59      14
     55      59      15
     55      59      16
     55      59      17
     55      60       5
     55      60       6
     55      60       7
     55      60       8
     55      60       9
     55      60      10
     55      60      11
     55      60      12
     55      60      13
     55      60      14
     55      60      15
     55      60      16
     55      60      17
     55      61       5
     55      61       6
     55      61       7
     55      61       8
     55      61       9
     55      61      10
     55      61      11
     55      61      12
     55      61      13
     55      61      14
     55      61      15
     55      61      16
     55      61      17
     55      62       5
     55      62       6
     55      62       7
     55      62       8
     55      62       9
     55      62      10
     55      62      11
     55      62      12
     55      62      13
     55      62      14
     55      62      15
     55      62      16
     55      62      17
     55      63       5
     55      63       6
     55      63       7
     55      63       8
     55      63       9
     55      63      10
     55      63      11
     55      63      12
     55      63      13
     55      63      14
     55      63      15
     55      63      16
     55      63      17
     55      64       5
     55      64       6
     55      64       7
     55      64       8
     55      64       9
     55      64      10
     55      64      11
     55      64      12
     55      64      13
     55      64      14
     55      64      15
     55      64      16
     55      64      17
     55      65       5
     55      65       6
     55      65       7
     55      65       8
     55      65       9
     55      65      10
     55      65      11
     55      65      12
     55      65      13
     55      65      14
     55      65      15
     55      65      16
     55      65      17
     55      66       5
     55      66       6
     55      66       7
     55      66       8
     55      66       9
     55      66      10
     55      66      11
     55      66      12
     55      66      13
     55      66      14
     55      66      15
     55      66      16
     55      66      17
     55      67       5
     55      67       6
     55      67       7
     55      67       8
     55      67       9
     55      67      10
     55      67      11
     55      67      12
     55      67      13
     55      67      14
     55      67      15
     55      67      16
     55      67      17
     55      68       5
     55      68       6
     55      68       7
     55      68       8
     55      68       9
     55      68      10
     55      68      11
     55      68      12
     55      68      13
     55      68      14
     55      68      15
     55      68      16
     55      68      17
     55      69       5
     55      69       6
     55      69       7
     55      69       8
     55      69       9
     55      69      10
     55      69      11
     55      69      12
     55      69      13
     55      69      14
     55      69      15
     55      69      16
     55      69      17
     55      70       5
     55      70       6
     55      70       7
     55      70       8
     55      70       9
     55      70      10
     55      70      11
     55      70      12
     55      70      13
     55      70      14
     55      70      15
     55      70      16
     55      70      17
     55      71       5
     55      71       6
     55      71       7
     55      71       8
     55      71       9
     55      71      10
     55      71      11
     55      71      12
     55      71      13
     55      71      14
     55      71      15
     55      71      16
     55      71      17
     55      72       5
     55      72       6
     55      72       7
     55      72       8
     55      72       9
     55      72      10
     55      72      11
     55      72      12
     55      72      13
     55      72      14
     55      72      15
     55      72      16
     55      72      17
     55      73       5
     55      73       6
     55      73       7
     55      73       8
     55      73       9
     55      73      10
     55      73      11
     55      73      12
     55      73      13
     55      73      14
     55      73      15
     55      73      16
     55      73      17
     55      74       5
     55      74       6
     55      74       7
     55      74       8
     55      74       9
     55      74      10
     55      74      11
     55      74      12
     55      74      13
     55      74      14
     55      74      15
     55      74      16
     55      74      17
     55      75       5
     55      75       6
     55      75       7
     55      75       8
     55      75       9
     55      75      10
     55      75      11
     55      75      12
     55      75      13
     55      75      14
     55      75      15
     55      75      16
     55      75      17
     55      76       5
     55      76       6
     55      76       7
     55      76       8
     55      76       9
     55      76      10
     55      76      11
     55      76      12
     55      76      13
     55      76      14
     55      76      15
     55      76      16
     55      76      17
     55      77       5
     55      77       6
     55      77       7
     55      77       8
     55      77       9
     55      77      10
     55      77      11
     55      77      12
     55      77      13
     55      77      14
     55      77      15
     55      77      16
     55      77      17
     55      78       5
     55      78       6
     55      78       7
     55      78       8
     55      78       9
     55      78      10
     55      78      11
     55      78      12
     55      78      13
     55      78      14
     55      78      15
     55      78      16
     55      78      17
     55      79       5
     55      79       6
     55      79       7
     55      79       8
     55      79       9
     55      79      10
     55      79      11
     55      79      12
     55      79      13
     55      79      14
     55      79      15
     55      79      16
     55      79      17
     55      80       5
     55      80       6
     55      80       7
     55      80       8
     55      80       9
     55      80      10
     55      80      11
     55      80      12
     55      80      13
     55      80      14
     55      80      15
     55      80      16
     55      80      17
     55      81       5
     55      81       6
     55      81       7
     55      81       8
     55      81       9
     55      81      10
     55      81      11
     55      81      12
     55      81      13
     55      81      14
     55      81      15
     55      81      16
     55      81      17
     55      82       5
     55      82       6
     55      82       7
     55      82       8
     55      82       9
     55      82      10
     55      82      11
     55      82      12
     55      82      13
     55      82      14
     55      82      15
     55      82      16
     55      82      17
     55      83       5
     55      83       6
     55      83       7
     55      83       8
     55      83       9
     55      83      10
     55      83      11
     55      83      12
     55      83      13
     55      83      14
     55      83      15
     55      83      16
     55      83      17
     55      84       5
     55      84       6
     55      84       7
     55      84       8
     55      84       9
     55      84      10
     55      84      11
     55      84      12
     55      84      13
     55      84      14
     55      84      15
     55      84      16
     55      84      17
     56      40       5
     56      40       6
     56      40       7
     56      40       8
     56      40       9
     56      40      10
     56      40      11
     56      40      12
     56      40      13
     56      40      14
     56      40      15
     56      40      16
     56      40      17
     56      41       5
     56      41       6
     56      41       7
     56      41       8
     56      41       9
     56      41      10
     56      41      11
     56      41      12
     56      41      13
     56      41      14
     56      41      15
     56      41      16
     56      41      17
     56      42       5
     56      42       6
     56      42       7
     56      42       8
     56      42       9
     56      42      10
     56      42      11
     56      42      12
     56      42      13
     56      42      14
     56      42      15
     56      42      16
     56      42      17
     56      43       5
     56      43       6
     56      43       7
     56      43       8
     56      43       9
     56      43      10
     56      43      11
     56      43      12
     56      43      13
     56      43      14
     56      43      15
     56      43      16
     56      43      17
     56      44       5
     56      44       6
     56      44       7
     56      44       8
     56      44       9
     56      44      10
     56      44      11
     56      44      12
     56      44      13
     56      44      14
     56      44      15
     56      44      16
     56      44      17
     56      45       5
     56      45       6
     56      45       7
     56      45       8
     56      45       9
     56      45      10
     56      45      11
     56      45      12
     56      45      13
     56      45      14
     56      45      15
     56      45      16
     56      45      17
     56      46       5
     56      46       6
     56      46       7
     56      46       8
     56      46       9
     56      46      10
     56      46      11
     56      46      12
     56      46      13
     56      46      14
     56      46      15
     56      46      16
     56      46      17
     56      47       5
     56      47       6
     56      47       7
     56      47       8
     56      47       9
     56      47      10
     56      47      11
     56      47      12
     56      47      13
     56      47      14
     56      47      15
     56      47      16
     56      47      17
     56      48       5
     56      48       6
     56      48       7
     56      48       8
     56      48       9
     56      48      10
     56      48      11
     56      48      12
     56      48      13
     56      48      14
     56      48      15
     56      48      16
     56      48      17
     56      49       5
     56      49       6
     56      49       7
     56      49       8
     56      49       9
     56      49      10
     56      49      11
     56      49      12
     56      49      13
     56      49      14
     56      49      15
     56      49      16
     56      49      17
     56      50       5
     56      50       6
     56      50       7
     56      50       8
     56      50       9
     56      50      10
     56      50      11
     56      50      12
     56      50      13
     56      50      14
     56      50      15
     56      50      16
     56      50      17
     56      51       5
     56      51       6
     56      51       7
     56      51       8
     56      51       9
     56      51      10
     56      51      11
     56      51      12
     56      51      13
     56      51      14
     56      51      15
     56      51      16
     56      51      17
     56      52       5
     56      52       6
     56      52       7
     56      52       8
     56      52       9
     56      52      10
     56      52      11
     56      52      12
     56      52      13
     56      52      14
     56      52      15
     56      52      16
     56      52      17
     56      53       5
     56      53       6
     56      53       7
     56      53       8
     56      53       9
     56      53      10
     56      53      11
     56      53      12
     56      53      13
     56      53      14
     56      53      15
     56      53      16
     56      53      17
     56      54       5
     56      54       6
     56      54       7
     56      54       8
     56      54       9
     56      54      10
     56      54      11
     56      54      12
     56      54      13
     56      54      14
     56      54      15
     56      54      16
     56      54      17
     56      55       5
     56      55       6
     56      55       7
     56      55       8
     56      55       9
     56      55      10
     56      55      11
     56      55      12
     56      55      13
     56      55      14
     56      55      15
     56      55      16
     56      55      17
     56      56       5
     56      56       6
     56      56       7
     56      56       8
     56      56       9
     56      56      10
     56      56      11
     56      56      12
     56      56      13
     56      56      14
     56      56      15
     56      56      16
     56      56      17
     56      57       5
     56      57       6
     56      57       7
     56      57       8
     56      57       9
     56      57      10
     56      57      11
     56      57      12
     56      57      13
     56      57      14
     56      57      15
     56      57      16
     56      57      17
     56      58       5
     56      58       6
     56      58       7
     56      58       8
     56      58       9
     56      58      10
     56      58      11
     56      58      12
     56      58      13
     56      58      14
     56      58      15
     56      58      16
     56      58      17
     56      59       5
     56      59       6
     56      59       7
     56      59       8
     56      59       9
     56      59      10
     56      59      11
     56      59      12
     56      59      13
     56      59      14
     56      59      15
     56      59      16
     56      59      17
     56      60       5
     56      60       6
     56      60       7
     56      60       8
     56      60       9
     56      60      10
     56      60      11
     56      60      12
     56      60      13
     56      60      14
     56      60      15
     56      60      16
     56      60      17
     56      61       5
     56      61       6
     56      61       7
     56      61       8
     56      61       9
     56      61      10
     56      61      11
     56      61      12
     56      61      13
     56      61      14
     56      61      15
     56      61      16
     56      61      17
     56      62       5
     56      62       6
     56      62       7
     56      62       8
     56      62       9
     56      62      10
     56      62      11
     56      62      12
     56      62      13
     56      62      14
     56      62      15
     56      62      16
     56      62      17
     56      63       5
     56      63       6
     56      63       7
     56      63       8
     56      63       9
     56      63      10
     56      63      11
     56      63      12
     56      63      13
     56      63      14
     56      63      15
     56      63      16
     56      63      17
     56      64       5
     56      64       6
     56      64       7
     56      64       8
     56      64       9
     56      64      10
     56      64      11
     56      64      12
     56      64      13
     56      64      14
     56      64      15
     56      64      16
     56      64      17
     56      65       5
     56      65       6
     56      65       7
     56      65       8
     56      65       9
     56      65      10
     56      65      11
     56      65      12
     56      65      13
     56      65      14
     56      65      15
     56      65      16
     56      65      17
     56      66       5
     56      66       6
     56      66       7
     56      66       8
     56      66       9
     56      66      10
     56      66      11
     56      66      12
     56      66      13
     56      66      14
     56      66      15
     56      66      16
     56      66      17
     56      67       5
     56      67       6
     56      67       7
     56      67       8
     56      67       9
     56      67      10
     56      67      11
     56      67      12
     56      67      13
     56      67      14
     56      67      15
     56      67      16
     56      67      17
     56      68       5
     56      68       6
     56      68       7
     56      68       8
     56      68       9
     56      68      10
     56      68      11
     56      68      12
     56      68      13
     56      68      14
     56      68      15
     56      68      16
     56      68      17
     56      69       5
     56      69       6
     56      69       7
     56      69       8
     56      69       9
     56      69      10
     56      69      11
     56      69      12
     56      69      13
     56      69      14
     56      69      15
     56      69      16
     56      69      17
     56      70       5
     56      70       6
     56      70       7
     56      70       8
     56      70       9
     56      70      10
     56      70      11
     56      70      12
     56      70      13
     56      70      14
     56      70      15
     56      70      16
     56      70      17
     56      71       5
     56      71       6
     56      71       7
     56      71       8
     56      71       9
     56      71      10
     56      71      11
     56      71      12
     56      71      13
     56      71      14
     56      71      15
     56      71      16
     56      71      17
     56      72       5
     56      72       6
     56      72       7
     56      72       8
     56      72       9
     56      72      10
     56      72      11
     56      72      12
     56      72      13
     56      72      14
     56      72      15
     56      72      16
     56      72      17
     56      73       5
     56      73       6
     56      73       7
     56      73       8
     56      73       9
     56      73      10
     56      73      11
     56      73      12
     56      73      13
     56      73      14
     56      73      15
     56      73      16
     56      73      17
     56      74       5
     56      74       6
     56      74       7
     56      74       8
     56      74       9
     56      74      10
     56      74      11
     56      74      12
     56      74      13
     56      74      14
     56      74      15
     56      74      16
     56      74      17
     56      75       5
     56      75       6
     56      75       7
     56      75       8
     56      75       9
     56      75      10
     56      75      11
     56      75      12
     56      75      13
     56      75      14
     56      75      15
     56      75      16
     56      75      17
     56      76       5
     56      76       6
     56      76       7
     56      76       8
     56      76       9
     56      76      10
     56      76      11
     56      76      12
     56      76      13
     56      76      14
     56      76      15
     56      76      16
     56      76      17
     56      77       5
     56      77       6
     56      77       7
     56      77       8
     56      77       9
     56      77      10
     56      77      11
     56      77      12
     56      77      13
     56      77      14
     56      77      15
     56      77      16
     56      77      17
     56      78       5
     56      78       6
     56      78       7
     56      78       8
     56      78       9
     56      78      10
     56      78      11
     56      78      12
     56      78      13
     56      78      14
     56      78      15
     56      78      16
     56      78      17
     56      79       5
     56      79       6
     56      79       7
     56      79       8
     56      79       9
     56      79      10
     56      79      11
     56      79      12
     56      79      13
     56      79      14
     56      79      15
     56      79      16
     56      79      17
     56      80       5
     56      80       6
     56      80       7
     56      80       8
     56      80       9
     56      80      10
     56      80      11
     56      80      12
     56      80      13
     56      80      14
     56      80      15
     56      80      16
     56      80      17
     56      81       5
     56      81       6
     56      81       7
     56      81       8
     56      81       9
     56      81      10
     56      81      11
     56      81      12
     56      81      13
     56      81      14
     56      81      15
     56      81      16
     56      81      17
     56      82       5
     56      82       6
     56      82       7
     56      82       8
     56      82       9
     56      82      10
     56      82      11
     56      82      12
     56      82      13
     56      82      14
     56      82      15
     56      82      16
     56      82      17
     56      83       5
     56      83       6
     56      83       7
     56      83       8
     56      83       9
     56      83      10
     56      83      11
     56      83      12
     56      83      13
     56      83      14
     56      83      15
     56      83      16
     56      83      17
     56      84       5
     56      84       6
     56      84       7
     56      84       8
     56      84       9
     56      84      10
     56      84      11
     56      84      12
     56      84      13
     56      84      14
     56      84      15
     56      84      16
     56      84      17
     57      40       5
     57      40       6
     57      40       7
     57      40       8
     57      40       9
     57      40      10
     57      40      11
     57      40      12
     57      40      13
     57      40      14
     57      40      15
     57      40      16
     57      40      17
     57      41       5
     57      41       6
     57      41       7
     57      41       8
     57      41       9
     57      41      10
     57      41      11
     57      41      12
     57      41      13
     57      41      14
     57      41      15
     57      41      16
     57      41      17
     57      42       5
     57      42       6
     57      42       7
     57      42       8
     57      42       9
     57      42      10
     57      42      11
     57      42      12
     57      42      13
     57      42      14
     57      42      15
     57      42      16
     57      42      17
     57      43       5
     57      43       6
     57      43       7
     57      43       8
     57      43       9
     57      43      10
     57      43      11
     57      43      12
     57      43      13
     57      43      14
     57      43      15
     57      43      16
     57      43      17
     57      44       5
     57      44       6
     57      44       7
     57      44       8
     57      44       9
     57      44      10
     57      44      11
     57      44      12
     57      44      13
     57      44      14
     57      44      15
     57      44      16
     57      44      17
     57      45       5
     57      45       6
     57      45       7
     57      45       8
     57      45       9
     57      45      10
     57      45      11
     57      45      12
     57      45      13
     57      45      14
     57      45      15
     57      45      16
     57      45      17
     57      46       5
     57      46       6
     57      46       7
     57      46       8
     57      46       9
     57      46      10
     57      46      11
     57      46      12
     57      46      13
     57      46      14
     57      46      15
     57      46      16
     57      46      17
     57      47       5
     57      47       6
     57      47       7
     57      47       8
     57      47       9
     57      47      10
     57      47      11
     57      47      12
     57      47      13
     57      47      14
     57      47      15
     57      47      16
     57      47      17
     57      48       5
     57      48       6
     57      48       7
     57      48       8
     57      48       9
     57      48      10
     57      48      11
     57      48      12
     57      48      13
     57      48      14
     57      48      15
     57      48      16
     57      48      17
     57      49       5
     57      49       6
     57      49       7
     57      49       8
     57      49       9
     57      49      10
     57      49      11
     57      49      12
     57      49      13
     57      49      14
     57      49      15
     57      49      16
     57      49      17
     57      50       5
     57      50       6
     57      50       7
     57      50       8
     57      50       9
     57      50      10
     57      50      11
     57      50      12
     57      50      13
     57      50      14
     57      50      15
     57      50      16
     57      50      17
     57      51       5
     57      51       6
     57      51       7
     57      51       8
     57      51       9
     57      51      10
     57      51      11
     57      51      12
     57      51      13
     57      51      14
     57      51      15
     57      51      16
     57      51      17
     57      52       5
     57      52       6
     57      52       7
     57      52       8
     57      52       9
     57      52      10
     57      52      11
     57      52      12
     57      52      13
     57      52      14
     57      52      15
     57      52      16
     57      52      17
     57      53       5
     57      53       6
     57      53       7
     57      53       8
     57      53       9
     57      53      10
     57      53      11
     57      53      12
     57      53      13
     57      53      14
     57      53      15
     57      53      16
     57      53      17
     57      54       5
     57      54       6
     57      54       7
     57      54       8
     57      54       9
     57      54      10
     57      54      11
     57      54      12
     57      54      13
     57      54      14
     57      54      15
     57      54      16
     57      54      17
     57      55       5
     57      55       6
     57      55       7
     57      55       8
     57      55       9
     57      55      10
     57      55      11
     57      55      12
     57      55      13
     57      55      14
     57      55      15
     57      55      16
     57      55      17
     57      56       5
     57      56       6
     57      56       7
     57      56       8
     57      56       9
     57      56      10
     57      56      11
     57      56      12
     57      56      13
     57      56      14
     57      56      15
     57      56      16
     57      56      17
     57      57       5
     57      57       6
     57      57       7
     57      57       8
     57      57       9
     57      57      10
     57      57      11
     57      57      12
     57      57      13
     57      57      14
     57      57      15
     57      57      16
     57      57      17
     57      58       5
     57      58       6
     57      58       7
     57      58       8
     57      58       9
     57      58      10
     57      58      11
     57      58      12
     57      58      13
     57      58      14
     57      58      15
     57      58      16
     57      58      17
     57      59       5
     57      59       6
     57      59       7
     57      59       8
     57      59       9
     57      59      10
     57      59      11
     57      59      12
     57      59      13
     57      59      14
     57      59      15
     57      59      16
     57      59      17
     57      60       5
     57      60       6
     57      60       7
     57      60       8
     57      60       9
     57      60      10
     57      60      11
     57      60      12
     57      60      13
     57      60      14
     57      60      15
     57      60      16
     57      60      17
     57      61       5
     57      61       6
     57      61       7
     57      61       8
     57      61       9
     57      61      10
     57      61      11
     57      61      12
     57      61      13
     57      61      14
     57      61      15
     57      61      16
     57      61      17
     57      62       5
     57      62       6
     57      62       7
     57      62       8
     57      62       9
     57      62      10
     57      62      11
     57      62      12
     57      62      13
     57      62      14
     57      62      15
     57      62      16
     57      62      17
     57      63       5
     57      63       6
     57      63       7
     57      63       8
     57      63       9
     57      63      10
     57      63      11
     57      63      12
     57      63      13
     57      63      14
     57      63      15
     57      63      16
     57      63      17
     57      64       5
     57      64       6
     57      64       7
     57      64       8
     57      64       9
     57      64      10
     57      64      11
     57      64      12
     57      64      13
     57      64      14
     57      64      15
     57      64      16
     57      64      17
     57      65       5
     57      65       6
     57      65       7
     57      65       8
     57      65       9
     57      65      10
     57      65      11
     57      65      12
     57      65      13
     57      65      14
     57      65      15
     57      65      16
     57      65      17
     57      66       5
     57      66       6
     57      66       7
     57      66       8
     57      66       9
     57      66      10
     57      66      11
     57      66      12
     57      66      13
     57      66      14
     57      66      15
     57      66      16
     57      66      17
     57      67       5
     57      67       6
     57      67       7
     57      67       8
     57      67       9
     57      67      10
     57      67      11
     57      67      12
     57      67      13
     57      67      14
     57      67      15
     57      67      16
     57      67      17
     57      68       5
     57      68       6
     57      68       7
     57      68       8
     57      68       9
     57      68      10
     57      68      11
     57      68      12
     57      68      13
     57      68      14
     57      68      15
     57      68      16
     57      68      17
     57      69       5
     57      69       6
     57      69       7
     57      69       8
     57      69       9
     57      69      10
     57      69      11
     57      69      12
     57      69      13
     57      69      14
     57      69      15
     57      69      16
     57      69      17
     57      70       5
     57      70       6
     57      70       7
     57      70       8
     57      70       9
     57      70      10
     57      70      11
     57      70      12
     57      70      13
     57      70      14
     57      70      15
     57      70      16
     57      70      17
     57      71       5
     57      71       6
     57      71       7
     57      71       8
     57      71       9
     57      71      10
     57      71      11
     57      71      12
     57      71      13
     57      71      14
     57      71      15
     57      71      16
     57      71      17
     57      72       5
     57      72       6
     57      72       7
     57      72       8
     57      72       9
     57      72      10
     57      72      11
     57      72      12
     57      72      13
     57      72      14
     57      72      15
     57      72      16
     57      72      17
     57      73       5
     57      73       6
     57      73       7
     57      73       8
     57      73       9
     57      73      10
     57      73      11
     57      73      12
     57      73      13
     57      73      14
     57      73      15
     57      73      16
     57      73      17
     57      74       5
     57      74       6
     57      74       7
     57      74       8
     57      74       9
     57      74      10
     57      74      11
     57      74      12
     57      74      13
     57      74      14
     57      74      15
     57      74      16
     57      74      17
     57      75       5
     57      75       6
     57      75       7
     57      75       8
     57      75       9
     57      75      10
     57      75      11
     57      75      12
     57      75      13
     57      75      14
     57      75      15
     57      75      16
     57      75      17
     57      76       5
     57      76       6
     57      76       7
     57      76       8
     57      76       9
     57      76      10
     57      76      11
     57      76      12
     57      76      13
     57      76      14
     57      76      15
     57      76      16
     57      76      17
     57      77       5
     57      77       6
     57      77       7
     57      77       8
     57      77       9
     57      77      10
     57      77      11
     57      77      12
     57      77      13
     57      77      14
     57      77      15
     57      77      16
     57      77      17
     57      78       5
     57      78       6
     57      78       7
     57      78       8
     57      78       9
     57      78      10
     57      78      11
     57      78      12
     57      78      13
     57      78      14
     57      78      15
     57      78      16
     57      78      17
     57      79       5
     57      79       6
     57      79       7
     57      79       8
     57      79       9
     57      79      10
     57      79      11
     57      79      12
     57      79      13
     57      79      14
     57      79      15
     57      79      16
     57      79      17
     57      80       5
     57      80       6
     57      80       7
     57      80       8
     57      80       9
     57      80      10
     57      80      11
     57      80      12
     57      80      13
     57      80      14
     57      80      15
     57      80      16
     57      80      17
     57      81       5
     57      81       6
     57      81       7
     57      81       8
     57      81       9
     57      81      10
     57      81      11
     57      81      12
     57      81      13
     57      81      14
     57      81      15
     57      81      16
     57      81      17
     57      82       5
     57      82       6
     57      82       7
     57      82       8
     57      82       9
     57      82      10
     57      82      11
     57      82      12
     57      82      13
     57      82      14
     57      82      15
     57      82      16
     57      82      17
     57      83       5
     57      83       6
     57      83       7
     57      83       8
     57      83       9
     57      83      10
     57      83      11
     57      83      12
     57      83      13
     57      83      14
     57      83      15
     57      83      16
     57      83      17
     57      84       5
     57      84       6
     57      84       7
     57      84       8
     57      84       9
     57      84      10
     57      84      11
     57      84      12
     57      84      13
     57      84      14
     57      84      15
     57      84      16
     57      84      17
     58      40       5
     58      40       6
     58      40       7
     58      40       8
     58      40       9
     58      40      10
     58      40      11
     58      40      12
     58      40      13
     58      40      14
     58      40      15
     58      40      16
     58      40      17
     58      41       5
     58      41       6
     58      41       7
     58      41       8
     58      41       9
     58      41      10
     58      41      11
     58      41      12
     58      41      13
     58      41      14
     58      41      15
     58      41      16
     58      41      17
     58      42       5
     58      42       6
     58      42       7
     58      42       8
     58      42       9
     58      42      10
     58      42      11
     58      42      12
     58      42      13
     58      42      14
     58      42      15
     58      42      16
     58      42      17
     58      43       5
     58      43       6
     58      43       7
     58      43       8
     58      43       9
     58      43      10
     58      43      11
     58      43      12
     58      43      13
     58      43      14
     58      43      15
     58      43      16
     58      43      17
     58      44       5
     58      44       6
     58      44       7
     58      44       8
     58      44       9
     58      44      10
     58      44      11
     58      44      12
     58      44      13
     58      44      14
     58      44      15
     58      44      16
     58      44      17
     58      45       5
     58      45       6
     58      45       7
     58      45       8
     58      45       9
     58      45      10
     58      45      11
     58      45      12
     58      45      13
     58      45      14
     58      45      15
     58      45      16
     58      45      17
     58      46       5
     58      46       6
     58      46       7
     58      46       8
     58      46       9
     58      46      10
     58      46      11
     58      46      12
     58      46      13
     58      46      14
     58      46      15
     58      46      16
     58      46      17
     58      47       5
     58      47       6
     58      47       7
     58      47       8
     58      47       9
     58      47      10
     58      47      11
     58      47      12
     58      47      13
     58      47      14
     58      47      15
     58      47      16
     58      47      17
     58      48       5
     58      48       6
     58      48       7
     58      48       8
     58      48       9
     58      48      10
     58      48      11
     58      48      12
     58      48      13
     58      48      14
     58      48      15
     58      48      16
     58      48      17
     58      49       5
     58      49       6
     58      49       7
     58      49       8
     58      49       9
     58      49      10
     58      49      11
     58      49      12
     58      49      13
     58      49      14
     58      49      15
     58      49      16
     58      49      17
     58      50       5
     58      50       6
     58      50       7
     58      50       8
     58      50       9
     58      50      10
     58      50      11
     58      50      12
     58      50      13
     58      50      14
     58      50      15
     58      50      16
     58      50      17
     58      51       5
     58      51       6
     58      51       7
     58      51       8
     58      51       9
     58      51      10
     58      51      11
     58      51      12
     58      51      13
     58      51      14
     58      51      15
     58      51      16
     58      51      17
     58      52       5
     58      52       6
     58      52       7
     58      52       8
     58      52       9
     58      52      10
     58      52      11
     58      52      12
     58      52      13
     58      52      14
     58      52      15
     58      52      16
     58      52      17
     58      53       5
     58      53       6
     58      53       7
     58      53       8
     58      53       9
     58      53      10
     58      53      11
     58      53      12
     58      53      13
     58      53      14
     58      53      15
     58      53      16
     58      53      17
     58      54       5
     58      54       6
     58      54       7
     58      54       8
     58      54       9
     58      54      10
     58      54      11
     58      54      12
     58      54      13
     58      54      14
     58      54      15
     58      54      16
     58      54      17
     58      55       5
     58      55       6
     58      55       7
     58      55       8
     58      55       9
     58      55      10
     58      55      11
     58      55      12
     58      55      13
     58      55      14
     58      55      15
     58      55      16
     58      55      17
     58      56       5
     58      56       6
     58      56       7
     58      56       8
     58      56       9
     58      56      10
     58      56      11
     58      56      12
     58      56      13
     58      56      14
     58      56      15
     58      56      16
     58      56      17
     58      57       5
     58      57       6
     58      57       7
     58      57       8
     58      57       9
     58      57      10
     58      57      11
     58      57      12
     58      57      13
     58      57      14
     58      57      15
     58      57      16
     58      57      17
     58      58       5
     58      58       6
     58      58       7
     58      58       8
     58      58       9
     58      58      10
     58      58      11
     58      58      12
     58      58      13
     58      58      14
     58      58      15
     58      58      16
     58      58      17
     58      59       5
     58      59       6
     58      59       7
     58      59       8
     58      59       9
     58      59      10
     58      59      11
     58      59      12
     58      59      13
     58      59      14
     58      59      15
     58      59      16
     58      59      17
     58      60       5
     58      60       6
     58      60       7
     58      60       8
     58      60       9
     58      60      10
     58      60      11
     58      60      12
     58      60      13
     58      60      14
     58      60      15
     58      60      16
     58      60      17
     58      61       5
     58      61       6
     58      61       7
     58      61       8
     58      61       9
     58      61      10
     58      61      11
     58      61      12
     58      61      13
     58      61      14
     58      61      15
     58      61      16
     58      61      17
     58      62       5
     58      62       6
     58      62       7
     58      62       8
     58      62       9
     58      62      10
     58      62      11
     58      62      12
     58      62      13
     58      62      14
     58      62      15
     58      62      16
     58      62      17
     58      63       5
     58      63       6
     58      63       7
     58      63       8
     58      63       9
     58      63      10
     58      63      11
     58      63      12
     58      63      13
     58      63      14
     58      63      15
     58      63      16
     58      63      17
     58      64       5
     58      64       6
     58      64       7
     58      64       8
     58      64       9
     58      64      10
     58      64      11
     58      64      12
     58      64      13
     58      64      14
     58      64      15
     58      64      16
     58      64      17
     58      65       5
     58      65       6
     58      65       7
     58      65       8
     58      65       9
     58      65      10
     58      65      11
     58      65      12
     58      65      13
     58      65      14
     58      65      15
     58      65      16
     58      65      17
     58      66       5
     58      66       6
     58      66       7
     58      66       8
     58      66       9
     58      66      10
     58      66      11
     58      66      12
     58      66      13
     58      66      14
     58      66      15
     58      66      16
     58      66      17
     58      67       5
     58      67       6
     58      67       7
     58      67       8
     58      67       9
     58      67      10
     58      67      11
     58      67      12
     58      67      13
     58      67      14
     58      67      15
     58      67      16
     58      67      17
     58      68       5
     58      68       6
     58      68       7
     58      68       8
     58      68       9
     58      68      10
     58      68      11
     58      68      12
     58      68      13
     58      68      14
     58      68      15
     58      68      16
     58      68      17
     58      69       5
     58      69       6
     58      69       7
     58      69       8
     58      69       9
     58      69      10
     58      69      11
     58      69      12
     58      69      13
     58      69      14
     58      69      15
     58      69      16
     58      69      17
     58      70       5
     58      70       6
     58      70       7
     58      70       8
     58      70       9
     58      70      10
     58      70      11
     58      70      12
     58      70      13
     58      70      14
     58      70      15
     58      70      16
     58      70      17
     58      71       5
     58      71       6
     58      71       7
     58      71       8
     58      71       9
     58      71      10
     58      71      11
     58      71      12
     58      71      13
     58      71      14
     58      71      15
     58      71      16
     58      71      17
     58      72       5
     58      72       6
     58      72       7
     58      72       8
     58      72       9
     58      72      10
     58      72      11
     58      72      12
     58      72      13
     58      72      14
     58      72      15
     58      72      16
     58      72      17
     58      73       5
     58      73       6
     58      73       7
     58      73       8
     58      73       9
     58      73      10
     58      73      11
     58      73      12
     58      73      13
     58      73      14
     58      73      15
     58      73      16
     58      73      17
     58      74       5
     58      74       6
     58      74       7
     58      74       8
     58      74       9
     58      74      10
     58      74      11
     58      74      12
     58      74      13
     58      74      14
     58      74      15
     58      74      16
     58      74      17
     58      75       5
     58      75       6
     58      75       7
     58      75       8
     58      75       9
     58      75      10
     58      75      11
     58      75      12
     58      75      13
     58      75      14
     58      75      15
     58      75      16
     58      75      17
     58      76       5
     58      76       6
     58      76       7
     58      76       8
     58      76       9
     58      76      10
     58      76      11
     58      76      12
     58      76      13
     58      76      14
     58      76      15
     58      76      16
     58      76      17
     58      77       5
     58      77       6
     58      77       7
     58      77       8
     58      77       9
     58      77      10
     58      77      11
     58      77      12
     58      77      13
     58      77      14
     58      77      15
     58      77      16
     58      77      17
     58      78       5
     58      78       6
     58      78       7
     58      78       8
     58      78       9
     58      78      10
     58      78      11
     58      78      12
     58      78      13
     58      78      14
     58      78      15
     58      78      16
     58      78      17
     58      79       5
     58      79       6
     58      79       7
     58      79       8
     58      79       9
     58      79      10
     58      79      11
     58      79      12
     58      79      13
     58      79      14
     58      79      15
     58      79      16
     58      79      17
     58      80       5
     58      80       6
     58      80       7
     58      80       8
     58      80       9
     58      80      10
     58      80      11
     58      80      12
     58      80      13
     58      80      14
     58      80      15
     58      80      16
     58      80      17
     58      81       5
     58      81       6
     58      81       7
     58      81       8
     58      81       9
     58      81      10
     58      81      11
     58      81      12
     58      81      13
     58      81      14
     58      81      15
     58      81      16
     58      81      17
     58      82       5
     58      82       6
     58      82       7
     58      82       8
     58      82       9
     58      82      10
     58      82      11
     58      82      12
     58      82      13
     58      82      14
     58      82      15
     58      82      16
     58      82      17
     58      83       5
     58      83       6
     58      83       7
     58      83       8
     58      83       9
     58      83      10
     58      83      11
     58      83      12
     58      83      13
     58      83      14
     58      83      15
     58      83      16
     58      83      17
     58      84       5
     58      84       6
     58      84       7
     58      84       8
     58      84       9
     58      84      10
     58      84      11
     58      84      12
     58      84      13
     58      84      14
     58      84      15
     58      84      16
     58      84      17
     59      40       5
     59      40       6
     59      40       7
     59      40       8
     59      40       9
     59      40      10
     59      40      11
     59      40      12
     59      40      13
     59      40      14
     59      40      15
     59      40      16
     59      40      17
     59      41       5
     59      41       6
     59      41       7
     59      41       8
     59      41       9
     59      41      10
     59      41      11
     59      41      12
     59      41      13
     59      41      14
     59      41      15
     59      41      16
     59      41      17
     59      42       5
     59      42       6
     59      42       7
     59      42       8
     59      42       9
     59      42      10
     59      42      11
     59      42      12
     59      42      13
     59      42      14
     59      42      15
     59      42      16
     59      42      17
     59      43       5
     59      43       6
     59      43       7
     59      43       8
     59      43       9
     59      43      10
     59      43      11
     59      43      12
     59      43      13
     59      43      14
     59      43      15
     59      43      16
     59      43      17
     59      44       5
     59      44       6
     59      44       7
     59      44       8
     59      44       9
     59      44      10
     59      44      11
     59      44      12
     59      44      13
     59      44      14
     59      44      15
     59      44      16
     59      44      17
     59      45       5
     59      45       6
     59      45       7
     59      45       8
     59      45       9
     59      45      10
     59      45      11
     59      45      12
     59      45      13
     59      45      14
     59      45      15
     59      45      16
     59      45      17
     59      46       5
     59      46       6
     59      46       7
     59      46       8
     59      46       9
     59      46      10
     59      46      11
     59      46      12
     59      46      13
     59      46      14
     59      46      15
     59      46      16
     59      46      17
     59      47       5
     59      47       6
     59      47       7
     59      47       8
     59      47       9
     59      47      10
     59      47      11
     59      47      12
     59      47      13
     59      47      14
     59      47      15
     59      47      16
     59      47      17
     59      48       5
     59      48       6
     59      48       7
     59      48       8
     59      48       9
     59      48      10
     59      48      11
     59      48      12
     59      48      13
     59      48      14
     59      48      15
     59      48      16
     59      48      17
     59      49       5
     59      49       6
     59      49       7
     59      49       8
     59      49       9
     59      49      10
     59      49      11
     59      49      12
     59      49      13
     59      49      14
     59      49      15
     59      49      16
     59      49      17
     59      50       5
     59      50       6
     59      50       7
     59      50       8
     59      50       9
     59      50      10
     59      50      11
     59      50      12
     59      50      13
     59      50      14
     59      50      15
     59      50      16
     59      50      17
     59      51       5
     59      51       6
     59      51       7
     59      51       8
     59      51       9
     59      51      10
     59      51      11
     59      51      12
     59      51      13
     59      51      14
     59      51      15
     59      51      16
     59      51      17
     59      52       5
     59      52       6
     59      52       7
     59      52       8
     59      52       9
     59      52      10
     59      52      11
     59      52      12
     59      52      13
     59      52      14
     59      52      15
     59      52      16
     59      52      17
     59      53       5
     59      53       6
     59      53       7
     59      53       8
     59      53       9
     59      53      10
     59      53      11
     59      53      12
     59      53      13
     59      53      14
     59      53      15
     59      53      16
     59      53      17
     59      54       5
     59      54       6
     59      54       7
     59      54       8
     59      54       9
     59      54      10
     59      54      11
     59      54      12
     59      54      13
     59      54      14
     59      54      15
     59      54      16
     59      54      17
     59      55       5
     59      55       6
     59      55       7
     59      55       8
     59      55       9
     59      55      10
     59      55      11
     59      55      12
     59      55      13
     59      55      14
     59      55      15
     59      55      16
     59      55      17
     59      56       5
     59      56       6
     59      56       7
     59      56       8
     59      56       9
     59      56      10
     59      56      11
     59      56      12
     59      56      13
     59      56      14
     59      56      15
     59      56      16
     59      56      17
     59      57       5
     59      57       6
     59      57       7
     59      57       8
     59      57       9
     59      57      10
     59      57      11
     59      57      12
     59      57      13
     59      57      14
     59      57      15
     59      57      16
     59      57      17
     59      58       5
     59      58       6
     59      58       7
     59      58       8
     59      58       9
     59      58      10
     59      58      11
     59      58      12
     59      58      13
     59      58      14
     59      58      15
     59      58      16
     59      58      17
     59      59       5
     59      59       6
     59      59       7
     59      59       8
     59      59       9
     59      59      10
     59      59      11
     59      59      12
     59      59      13
     59      59      14
     59      59      15
     59      59      16
     59      59      17
     59      60       5
     59      60       6
     59      60       7
     59      60       8
     59      60       9
     59      60      10
     59      60      11
     59      60      12
     59      60      13
     59      60      14
     59      60      15
     59      60      16
     59      60      17
     59      61       5
     59      61       6
     59      61       7
     59      61       8
     59      61       9
     59      61      10
     59      61      11
     59      61      12
     59      61      13
     59      61      14
     59      61      15
     59      61      16
     59      61      17
     59      62       5
     59      62       6
     59      62       7
     59      62       8
     59      62       9
     59      62      10
     59      62      11
     59      62      12
     59      62      13
     59      62      14
     59      62      15
     59      62      16
     59      62      17
     59      63       5
     59      63       6
     59      63       7
     59      63       8
     59      63       9
     59      63      10
     59      63      11
     59      63      12
     59      63      13
     59      63      14
     59      63      15
     59      63      16
     59      63      17
     59      64       5
     59      64       6
     59      64       7
     59      64       8
     59      64       9
     59      64      10
     59      64      11
     59      64      12
     59      64      13
     59      64      14
     59      64      15
     59      64      16
     59      64      17
     59      65       5
     59      65       6
     59      65       7
     59      65       8
     59      65       9
     59      65      10
     59      65      11
     59      65      12
     59      65      13
     59      65      14
     59      65      15
     59      65      16
     59      65      17
     59      66       5
     59      66       6
     59      66       7
     59      66       8
     59      66       9
     59      66      10
     59      66      11
     59      66      12
     59      66      13
     59      66      14
     59      66      15
     59      66      16
     59      66      17
     59      67       5
     59      67       6
     59      67       7
     59      67       8
     59      67       9
     59      67      10
     59      67      11
     59      67      12
     59      67      13
     59      67      14
     59      67      15
     59      67      16
     59      67      17
     59      68       5
     59      68       6
     59      68       7
     59      68       8
     59      68       9
     59      68      10
     59      68      11
     59      68      12
     59      68      13
     59      68      14
     59      68      15
     59      68      16
     59      68      17
     59      69       5
     59      69       6
     59      69       7
     59      69       8
     59      69       9
     59      69      10
     59      69      11
     59      69      12
     59      69      13
     59      69      14
     59      69      15
     59      69      16
     59      69      17
     59      70       5
     59      70       6
     59      70       7
     59      70       8
     59      70       9
     59      70      10
     59      70      11
     59      70      12
     59      70      13
     59      70      14
     59      70      15
     59      70      16
     59      70      17
     59      71       5
     59      71       6
     59      71       7
     59      71       8
     59      71       9
     59      71      10
     59      71      11
     59      71      12
     59      71      13
     59      71      14
     59      71      15
     59      71      16
     59      71      17
     59      72       5
     59      72       6
     59      72       7
     59      72       8
     59      72       9
     59      72      10
     59      72      11
     59      72      12
     59      72      13
     59      72      14
     59      72      15
     59      72      16
     59      72      17
     59      73       5
     59      73       6
     59      73       7
     59      73       8
     59      73       9
     59      73      10
     59      73      11
     59      73      12
     59      73      13
     59      73      14
     59      73      15
     59      73      16
     59      73      17
     59      74       5
     59      74       6
     59      74       7
     59      74       8
     59      74       9
     59      74      10
     59      74      11
     59      74      12
     59      74      13
     59      74      14
     59      74      15
     59      74      16
     59      74      17
     59      75       5
     59      75       6
     59      75       7
     59      75       8
     59      75       9
     59      75      10
     59      75      11
     59      75      12
     59      75      13
     59      75      14
     59      75      15
     59      75      16
     59      75      17
     59      76       5
     59      76       6
     59      76       7
     59      76       8
     59      76       9
     59      76      10
     59      76      11
     59      76      12
     59      76      13
     59      76      14
     59      76      15
     59      76      16
     59      76      17
     59      77       5
     59      77       6
     59      77       7
     59      77       8
     59      77       9
     59      77      10
     59      77      11
     59      77      12
     59      77      13
     59      77      14
     59      77      15
     59      77      16
     59      77      17
     59      78       5
     59      78       6
     59      78       7
     59      78       8
     59      78       9
     59      78      10
     59      78      11
     59      78      12
     59      78      13
     59      78      14
     59      78      15
     59      78      16
     59      78      17
     59      79       5
     59      79       6
     59      79       7
     59      79       8
     59      79       9
     59      79      10
     59      79      11
     59      79      12
     59      79      13
     59      79      14
     59      79      15
     59      79      16
     59      79      17
     59      80       5
     59      80       6
     59      80       7
     59      80       8
     59      80       9
     59      80      10
     59      80      11
     59      80      12
     59      80      13
     59      80      14
     59      80      15
     59      80      16
     59      80      17
     59      81       5
     59      81       6
     59      81       7
     59      81       8
     59      81       9
     59      81      10
     59      81      11
     59      81      12
     59      81      13
     59      81      14
     59      81      15
     59      81      16
     59      81      17
     59      82       5
     59      82       6
     59      82       7
     59      82       8
     59      82       9
     59      82      10
     59      82      11
     59      82      12
     59      82      13
     59      82      14
     59      82      15
     59      82      16
     59      82      17
     59      83       5
     59      83       6
     59      83       7
     59      83       8
     59      83       9
     59      83      10
     59      83      11
     59      83      12
     59      83      13
     59      83      14
     59      83      15
     59      83      16
     59      83      17
     59      84       5
     59      84       6
     59      84       7
     59      84       8
     59      84       9
     59      84      10
     59      84      11
     59      84      12
     59      84      13
     59      84      14
     59      84      15
     59      84      16
     59      84      17
     60      40       5
     60      40       6
     60      40       7
     60      40       8
     60      40       9
     60      40      10
     60      40      11
     60      40      12
     60      40      13
     60      40      14
     60      40      15
     60      40      16
     60      40      17
     60      41       5
     60      41       6
     60      41       7
     60      41       8
     60      41       9
     60      41      10
     60      41      11
     60      41      12
     60      41      13
     60      41      14
     60      41      15
     60      41      16
     60      41      17
     60      42       5
     60      42       6
     60      42       7
     60      42       8
     60      42       9
     60      42      10
     60      42      11
     60      42      12
     60      42      13
     60      42      14
     60      42      15
     60      42      16
     60      42      17
     60      43       5
     60      43       6
     60      43       7
     60      43       8
     60      43       9
     60      43      10
     60      43      11
     60      43      12
     60      43      13
     60      43      14
     60      43      15
     60      43      16
     60      43      17
     60      44       5
     60      44       6
     60      44       7
     60      44       8
     60      44       9
     60      44      10
     60      44      11
     60      44      12
     60      44      13
     60      44      14
     60      44      15
     60      44      16
     60      44      17
     60      45       5
     60      45       6
     60      45       7
     60      45       8
     60      45       9
     60      45      10
     60      45      11
     60      45      12
     60      45      13
     60      45      14
     60      45      15
     60      45      16
     60      45      17
     60      46       5
     60      46       6
     60      46       7
     60      46       8
     60      46       9
     60      46      10
     60      46      11
     60      46      12
     60      46      13
     60      46      14
     60      46      15
     60      46      16
     60      46      17
     60      47       5
     60      47       6
     60      47       7
     60      47       8
     60      47       9
     60      47      10
     60      47      11
     60      47      12
     60      47      13
     60      47      14
     60      47      15
     60      47      16
     60      47      17
     60      48       5
     60      48       6
     60      48       7
     60      48       8
     60      48       9
     60      48      10
     60      48      11
     60      48      12
     60      48      13
     60      48      14
     60      48      15
     60      48      16
     60      48      17
     60      49       5
     60      49       6
     60      49       7
     60      49       8
     60      49       9
     60      49      10
     60      49      11
     60      49      12
     60      49      13
     60      49      14
     60      49      15
     60      49      16
     60      49      17
     60      50       5
     60      50       6
     60      50       7
     60      50       8
     60      50       9
     60      50      10
     60      50      11
     60      50      12
     60      50      13
     60      50      14
     60      50      15
     60      50      16
     60      50      17
     60      51       5
     60      51       6
     60      51       7
     60      51       8
     60      51       9
     60      51      10
     60      51      11
     60      51      12
     60      51      13
     60      51      14
     60      51      15
     60      51      16
     60      51      17
     60      52       5
     60      52       6
     60      52       7
     60      52       8
     60      52       9
     60      52      10
     60      52      11
     60      52      12
     60      52      13
     60      52      14
     60      52      15
     60      52      16
     60      52      17
     60      53       5
     60      53       6
     60      53       7
     60      53       8
     60      53       9
     60      53      10
     60      53      11
     60      53      12
     60      53      13
     60      53      14
     60      53      15
     60      53      16
     60      53      17
     60      54       5
     60      54       6
     60      54       7
     60      54       8
     60      54       9
     60      54      10
     60      54      11
     60      54      12
     60      54      13
     60      54      14
     60      54      15
     60      54      16
     60      54      17
     60      55       5
     60      55       6
     60      55       7
     60      55       8
     60      55       9
     60      55      10
     60      55      11
     60      55      12
     60      55      13
     60      55      14
     60      55      15
     60      55      16
     60      55      17
     60      56       5
     60      56       6
     60      56       7
     60      56       8
     60      56       9
     60      56      10
     60      56      11
     60      56      12
     60      56      13
     60      56      14
     60      56      15
     60      56      16
     60      56      17
     60      57       5
     60      57       6
     60      57       7
     60      57       8
     60      57       9
     60      57      10
     60      57      11
     60      57      12
     60      57      13
     60      57      14
     60      57      15
     60      57      16
     60      57      17
     60      58       5
     60      58       6
     60      58       7
     60      58       8
     60      58       9
     60      58      10
     60      58      11
     60      58      12
     60      58      13
     60      58      14
     60      58      15
     60      58      16
     60      58      17
     60      59       5
     60      59       6
     60      59       7
     60      59       8
     60      59       9
     60      59      10
     60      59      11
     60      59      12
     60      59      13
     60      59      14
     60      59      15
     60      59      16
     60      59      17
     60      60       5
     60      60       6
     60      60       7
     60      60       8
     60      60       9
     60      60      10
     60      60      11
     60      60      12
     60      60      13
     60      60      14
     60      60      15
     60      60      16
     60      60      17
     60      61       5
     60      61       6
     60      61       7
     60      61       8
     60      61       9
     60      61      10
     60      61      11
     60      61      12
     60      61      13
     60      61      14
     60      61      15
     60      61      16
     60      61      17
     60      62       5
     60      62       6
     60      62       7
     60      62       8
     60      62       9
     60      62      10
     60      62      11
     60      62      12
     60      62      13
     60      62      14
     60      62      15
     60      62      16
     60      62      17
     60      63       5
     60      63       6
     60      63       7
     60      63       8
     60      63       9
     60      63      10
     60      63      11
     60      63      12
     60      63      13
     60      63      14
     60      63      15
     60      63      16
     60      63      17
     60      64       5
     60      64       6
     60      64       7
     60      64       8
     60      64       9
     60      64      10
     60      64      11
     60      64      12
     60      64      13
     60      64      14
     60      64      15
     60      64      16
     60      64      17
     60      65       5
     60      65       6
     60      65       7
     60      65       8
     60      65       9
     60      65      10
     60      65      11
     60      65      12
     60      65      13
     60      65      14
     60      65      15
     60      65      16
     60      65      17
     60      66       5
     60      66       6
     60      66       7
     60      66       8
     60      66       9
     60      66      10
     60      66      11
     60      66      12
     60      66      13
     60      66      14
     60      66      15
     60      66      16
     60      66      17
     60      67       5
     60      67       6
     60      67       7
     60      67       8
     60      67       9
     60      67      10
     60      67      11
     60      67      12
     60      67      13
     60      67      14
     60      67      15
     60      67      16
     60      67      17
     60      68       5
     60      68       6
     60      68       7
     60      68       8
     60      68       9
     60      68      10
     60      68      11
     60      68      12
     60      68      13
     60      68      14
     60      68      15
     60      68      16
     60      68      17
     60      69       5
     60      69       6
     60      69       7
     60      69       8
     60      69       9
     60      69      10
     60      69      11
     60      69      12
     60      69      13
     60      69      14
     60      69      15
     60      69      16
     60      69      17
     60      70       5
     60      70       6
     60      70       7
     60      70       8
     60      70       9
     60      70      10
     60      70      11
     60      70      12
     60      70      13
     60      70      14
     60      70      15
     60      70      16
     60      70      17
     60      71       5
     60      71       6
     60      71       7
     60      71       8
     60      71       9
     60      71      10
     60      71      11
     60      71      12
     60      71      13
     60      71      14
     60      71      15
     60      71      16
     60      71      17
     60      72       5
     60      72       6
     60      72       7
     60      72       8
     60      72       9
     60      72      10
     60      72      11
     60      72      12
     60      72      13
     60      72      14
     60      72      15
     60      72      16
     60      72      17
     60      73       5
     60      73       6
     60      73       7
     60      73       8
     60      73       9
     60      73      10
     60      73      11
     60      73      12
     60      73      13
     60      73      14
     60      73      15
     60      73      16
     60      73      17
     60      74       5
     60      74       6
     60      74       7
     60      74       8
     60      74       9
     60      74      10
     60      74      11
     60      74      12
     60      74      13
     60      74      14
     60      74      15
     60      74      16
     60      74      17
     60      75       5
     60      75       6
     60      75       7
     60      75       8
     60      75       9
     60      75      10
     60      75      11
     60      75      12
     60      75      13
     60      75      14
     60      75      15
     60      75      16
     60      75      17
     60      76       5
     60      76       6
     60      76       7
     60      76       8
     60      76       9
     60      76      10
     60      76      11
     60      76      12
     60      76      13
     60      76      14
     60      76      15
     60      76      16
     60      76      17
     60      77       5
     60      77       6
     60      77       7
     60      77       8
     60      77       9
     60      77      10
     60      77      11
     60      77      12
     60      77      13
     60      77      14
     60      77      15
     60      77      16
     60      77      17
     60      78       5
     60      78       6
     60      78       7
     60      78       8
     60      78       9
     60      78      10
     60      78      11
     60      78      12
     60      78      13
     60      78      14
     60      78      15
     60      78      16
     60      78      17
     60      79       5
     60      79       6
     60      79       7
     60      79       8
     60      79       9
     60      79      10
     60      79      11
     60      79      12
     60      79      13
     60      79      14
     60      79      15
     60      79      16
     60      79      17
     60      80       5
     60      80       6
     60      80       7
     60      80       8
     60      80       9
     60      80      10
     60      80      11
     60      80      12
     60      80      13
     60      80      14
     60      80      15
     60      80      16
     60      80      17
     60      81       5
     60      81       6
     60      81       7
     60      81       8
     60      81       9
     60      81      10
     60      81      11
     60      81      12
     60      81      13
     60      81      14
     60      81      15
     60      81      16
     60      81      17
     60      82       5
     60      82       6
     60      82       7
     60      82       8
     60      82       9
     60      82      10
     60      82      11
     60      82      12
     60      82      13
     60      82      14
     60      82      15
     60      82      16
     60      82      17
     60      83       5
     60      83       6
     60      83       7
     60      83       8
     60      83       9
     60      83      10
     60      83      11
     60      83      12
     60      83      13
     60      83      14
     60      83      15
     60      83      16
     60      83      17
     60      84       5
     60      84       6
     60      84       7
     60      84       8
     60      84       9
     60      84      10
     60      84      11
     60      84      12
     60      84      13
     60      84      14
     60      84      15
     60      84      16
     60      84      17
     61      40       5
     61      40       6
     61      40       7
     61      40       8
     61      40       9
     61      40      10
     61      40      11
     61      40      12
     61      40      13
     61      40      14
     61      40      15
     61      40      16
     61      40      17
     61      41       5
     61      41       6
     61      41       7
     61      41       8
     61      41       9
     61      41      10
     61      41      11
     61      41      12
     61      41      13
     61      41      14
     61      41      15
     61      41      16
     61      41      17
     61      42       5
     61      42       6
     61      42       7
     61      42       8
     61      42       9
     61      42      10
     61      42      11
     61      42      12
     61      42      13
     61      42      14
     61      42      15
     61      42      16
     61      42      17
     61      43       5
     61      43       6
     61      43       7
     61      43       8
     61      43       9
     61      43      10
     61      43      11
     61      43      12
     61      43      13
     61      43      14
     61      43      15
     61      43      16
     61      43      17
     61      44       5
     61      44       6
     61      44       7
     61      44       8
     61      44       9
     61      44      10
     61      44      11
     61      44      12
     61      44      13
     61      44      14
     61      44      15
     61      44      16
     61      44      17
     61      45       5
     61      45       6
     61      45       7
     61      45       8
     61      45       9
     61      45      10
     61      45      11
     61      45      12
     61      45      13
     61      45      14
     61      45      15
     61      45      16
     61      45      17
     61      46       5
     61      46       6
     61      46       7
     61      46       8
     61      46       9
     61      46      10
     61      46      11
     61      46      12
     61      46      13
     61      46      14
     61      46      15
     61      46      16
     61      46      17
     61      47       5
     61      47       6
     61      47       7
     61      47       8
     61      47       9
     61      47      10
     61      47      11
     61      47      12
     61      47      13
     61      47      14
     61      47      15
     61      47      16
     61      47      17
     61      48       5
     61      48       6
     61      48       7
     61      48       8
     61      48       9
     61      48      10
     61      48      11
     61      48      12
     61      48      13
     61      48      14
     61      48      15
     61      48      16
     61      48      17
     61      49       5
     61      49       6
     61      49       7
     61      49       8
     61      49       9
     61      49      10
     61      49      11
     61      49      12
     61      49      13
     61      49      14
     61      49      15
     61      49      16
     61      49      17
     61      50       5
     61      50       6
     61      50       7
     61      50       8
     61      50       9
     61      50      10
     61      50      11
     61      50      12
     61      50      13
     61      50      14
     61      50      15
     61      50      16
     61      50      17
     61      51       5
     61      51       6
     61      51       7
     61      51       8
     61      51       9
     61      51      10
     61      51      11
     61      51      12
     61      51      13
     61      51      14
     61      51      15
     61      51      16
     61      51      17
     61      52       5
     61      52       6
     61      52       7
     61      52       8
     61      52       9
     61      52      10
     61      52      11
     61      52      12
     61      52      13
     61      52      14
     61      52      15
     61      52      16
     61      52      17
     61      53       5
     61      53       6
     61      53       7
     61      53       8
     61      53       9
     61      53      10
     61      53      11
     61      53      12
     61      53      13
     61      53      14
     61      53      15
     61      53      16
     61      53      17
     61      54       5
     61      54       6
     61      54       7
     61      54       8
     61      54       9
     61      54      10
     61      54      11
     61      54      12
     61      54      13
     61      54      14
     61      54      15
     61      54      16
     61      54      17
     61      55       5
     61      55       6
     61      55       7
     61      55       8
     61      55       9
     61      55      10
     61      55      11
     61      55      12
     61      55      13
     61      55      14
     61      55      15
     61      55      16
     61      55      17
     61      56       5
     61      56       6
     61      56       7
     61      56       8
     61      56       9
     61      56      10
     61      56      11
     61      56      12
     61      56      13
     61      56      14
     61      56      15
     61      56      16
     61      56      17
     61      57       5
     61      57       6
     61      57       7
     61      57       8
     61      57       9
     61      57      10
     61      57      11
     61      57      12
     61      57      13
     61      57      14
     61      57      15
     61      57      16
     61      57      17
     61      58       5
     61      58       6
     61      58       7
     61      58       8
     61      58       9
     61      58      10
     61      58      11
     61      58      12
     61      58      13
     61      58      14
     61      58      15
     61      58      16
     61      58      17
     61      59       5
     61      59       6
     61      59       7
     61      59       8
     61      59       9
     61      59      10
     61      59      11
     61      59      12
     61      59      13
     61      59      14
     61      59      15
     61      59      16
     61      59      17
     61      60       5
     61      60       6
     61      60       7
     61      60       8
     61      60       9
     61      60      10
     61      60      11
     61      60      12
     61      60      13
     61      60      14
     61      60      15
     61      60      16
     61      60      17
     61      61       5
     61      61       6
     61      61       7
     61      61       8
     61      61       9
     61      61      10
     61      61      11
     61      61      12
     61      61      13
     61      61      14
     61      61      15
     61      61      16
     61      61      17
     61      62       5
     61      62       6
     61      62       7
     61      62       8
     61      62       9
     61      62      10
     61      62      11
     61      62      12
     61      62      13
     61      62      14
     61      62      15
     61      62      16
     61      62      17
     61      63       5
     61      63       6
     61      63       7
     61      63       8
     61      63       9
     61      63      10
     61      63      11
     61      63      12
     61      63      13
     61      63      14
     61      63      15
     61      63      16
     61      63      17
     61      64       5
     61      64       6
     61      64       7
     61      64       8
     61      64       9
     61      64      10
     61      64      11
     61      64      12
     61      64      13
     61      64      14
     61      64      15
     61      64      16
     61      64      17
     61      65       5
     61      65       6
     61      65       7
     61      65       8
     61      65       9
     61      65      10
     61      65      11
     61      65      12
     61      65      13
     61      65      14
     61      65      15
     61      65      16
     61      65      17
     61      66       5
     61      66       6
     61      66       7
     61      66       8
     61      66       9
     61      66      10
     61      66      11
     61      66      12
     61      66      13
     61      66      14
     61      66      15
     61      66      16
     61      66      17
     61      67       5
     61      67       6
     61      67       7
     61      67       8
     61      67       9
     61      67      10
     61      67      11
     61      67      12
     61      67      13
     61      67      14
     61      67      15
     61      67      16
     61      67      17
     61      68       5
     61      68       6
     61      68       7
     61      68       8
     61      68       9
     61      68      10
     61      68      11
     61      68      12
     61      68      13
     61      68      14
     61      68      15
     61      68      16
     61      68      17
     61      69       5
     61      69       6
     61      69       7
     61      69       8
     61      69       9
     61      69      10
     61      69      11
     61      69      12
     61      69      13
     61      69      14
     61      69      15
     61      69      16
     61      69      17
     61      70       5
     61      70       6
     61      70       7
     61      70       8
     61      70       9
     61      70      10
     61      70      11
     61      70      12
     61      70      13
     61      70      14
     61      70      15
     61      70      16
     61      70      17
     61      71       5
     61      71       6
     61      71       7
     61      71       8
     61      71       9
     61      71      10
     61      71      11
     61      71      12
     61      71      13
     61      71      14
     61      71      15
     61      71      16
     61      71      17
     61      72       5
     61      72       6
     61      72       7
     61      72       8
     61      72       9
     61      72      10
     61      72      11
     61      72      12
     61      72      13
     61      72      14
     61      72      15
     61      72      16
     61      72      17
     61      73       5
     61      73       6
     61      73       7
     61      73       8
     61      73       9
     61      73      10
     61      73      11
     61      73      12
     61      73      13
     61      73      14
     61      73      15
     61      73      16
     61      73      17
     61      74       5
     61      74       6
     61      74       7
     61      74       8
     61      74       9
     61      74      10
     61      74      11
     61      74      12
     61      74      13
     61      74      14
     61      74      15
     61      74      16
     61      74      17
     61      75       5
     61      75       6
     61      75       7
     61      75       8
     61      75       9
     61      75      10
     61      75      11
     61      75      12
     61      75      13
     61      75      14
     61      75      15
     61      75      16
     61      75      17
     61      76       5
     61      76       6
     61      76       7
     61      76       8
     61      76       9
     61      76      10
     61      76      11
     61      76      12
     61      76      13
     61      76      14
     61      76      15
     61      76      16
     61      76      17
     61      77       5
     61      77       6
     61      77       7
     61      77       8
     61      77       9
     61      77      10
     61      77      11
     61      77      12
     61      77      13
     61      77      14
     61      77      15
     61      77      16
     61      77      17
     61      78       5
     61      78       6
     61      78       7
     61      78       8
     61      78       9
     61      78      10
     61      78      11
     61      78      12
     61      78      13
     61      78      14
     61      78      15
     61      78      16
     61      78      17
     61      79       5
     61      79       6
     61      79       7
     61      79       8
     61      79       9
     61      79      10
     61      79      11
     61      79      12
     61      79      13
     61      79      14
     61      79      15
     61      79      16
     61      79      17
     61      80       5
     61      80       6
     61      80       7
     61      80       8
     61      80       9
     61      80      10
     61      80      11
     61      80      12
     61      80      13
     61      80      14
     61      80      15
     61      80      16
     61      80      17
     61      81       5
     61      81       6
     61      81       7
     61      81       8
     61      81       9
     61      81      10
     61      81      11
     61      81      12
     61      81      13
     61      81      14
     61      81      15
     61      81      16
     61      81      17
     61      82       5
     61      82       6
     61      82       7
     61      82       8
     61      82       9
     61      82      10
     61      82      11
     61      82      12
     61      82      13
     61      82      14
     61      82      15
     61      82      16
     61      82      17
     61      83       5
     61      83       6
     61      83       7
     61      83       8
     61      83       9
     61      83      10
     61      83      11
     61      83      12
     61      83      13
     61      83      14
     61      83      15
     61      83      16
     61      83      17
     61      84       5
     61      84       6
     61      84       7
     61      84       8
     61      84       9
     61      84      10
     61      84      11
     61      84      12
     61      84      13
     61      84      14
     61      84      15
     61      84      16
     61      84      17
     62      40       5
     62      40       6
     62      40       7
     62      40       8
     62      40       9
     62      40      10
     62      40      11
     62      40      12
     62      40      13
     62      40      14
     62      40      15
     62      40      16
     62      40      17
     62      41       5
     62      41       6
     62      41       7
     62      41       8
     62      41       9
     62      41      10
     62      41      11
     62      41      12
     62      41      13
     62      41      14
     62      41      15
     62      41      16
     62      41      17
     62      42       5
     62      42       6
     62      42       7
     62      42       8
     62      42       9
     62      42      10
     62      42      11
     62      42      12
     62      42      13
     62      42      14
     62      42      15
     62      42      16
     62      42      17
     62      43       5
     62      43       6
     62      43       7
     62      43       8
     62      43       9
     62      43      10
     62      43      11
     62      43      12
     62      43      13
     62      43      14
     62      43      15
     62      43      16
     62      43      17
     62      44       5
     62      44       6
     62      44       7
     62      44       8
     62      44       9
     62      44      10
     62      44      11
     62      44      12
     62      44      13
     62      44      14
     62      44      15
     62      44      16
     62      44      17
     62      45       5
     62      45       6
     62      45       7
     62      45       8
     62      45       9
     62      45      10
     62      45      11
     62      45      12
     62      45      13
     62      45      14
     62      45      15
     62      45      16
     62      45      17
     62      46       5
     62      46       6
     62      46       7
     62      46       8
     62      46       9
     62      46      10
     62      46      11
     62      46      12
     62      46      13
     62      46      14
     62      46      15
     62      46      16
     62      46      17
     62      47       5
     62      47       6
     62      47       7
     62      47       8
     62      47       9
     62      47      10
     62      47      11
     62      47      12
     62      47      13
     62      47      14
     62      47      15
     62      47      16
     62      47      17
     62      48       5
     62      48       6
     62      48       7
     62      48       8
     62      48       9
     62      48      10
     62      48      11
     62      48      12
     62      48      13
     62      48      14
     62      48      15
     62      48      16
     62      48      17
     62      49       5
     62      49       6
     62      49       7
     62      49       8
     62      49       9
     62      49      10
     62      49      11
     62      49      12
     62      49      13
     62      49      14
     62      49      15
     62      49      16
     62      49      17
     62      50       5
     62      50       6
     62      50       7
     62      50       8
     62      50       9
     62      50      10
     62      50      11
     62      50      12
     62      50      13
     62      50      14
     62      50      15
     62      50      16
     62      50      17
     62      51       5
     62      51       6
     62      51       7
     62      51       8
     62      51       9
     62      51      10
     62      51      11
     62      51      12
     62      51      13
     62      51      14
     62      51      15
     62      51      16
     62      51      17
     62      52       5
     62      52       6
     62      52       7
     62      52       8
     62      52       9
     62      52      10
     62      52      11
     62      52      12
     62      52      13
     62      52      14
     62      52      15
     62      52      16
     62      52      17
     62      53       5
     62      53       6
     62      53       7
     62      53       8
     62      53       9
     62      53      10
     62      53      11
     62      53      12
     62      53      13
     62      53      14
     62      53      15
     62      53      16
     62      53      17
     62      54       5
     62      54       6
     62      54       7
     62      54       8
     62      54       9
     62      54      10
     62      54      11
     62      54      12
     62      54      13
     62      54      14
     62      54      15
     62      54      16
     62      54      17
     62      55       5
     62      55       6
     62      55       7
     62      55       8
     62      55       9
     62      55      10
     62      55      11
     62      55      12
     62      55      13
     62      55      14
     62      55      15
     62      55      16
     62      55      17
     62      56       5
     62      56       6
     62      56       7
     62      56       8
     62      56       9
     62      56      10
     62      56      11
     62      56      12
     62      56      13
     62      56      14
     62      56      15
     62      56      16
     62      56      17
     62      57       5
     62      57       6
     62      57       7
     62      57       8
     62      57       9
     62      57      10
     62      57      11
     62      57      12
     62      57      13
     62      57      14
     62      57      15
     62      57      16
     62      57      17
     62      58       5
     62      58       6
     62      58       7
     62      58       8
     62      58       9
     62      58      10
     62      58      11
     62      58      12
     62      58      13
     62      58      14
     62      58      15
     62      58      16
     62      58      17
     62      59       5
     62      59       6
     62      59       7
     62      59       8
     62      59       9
     62      59      10
     62      59      11
     62      59      12
     62      59      13
     62      59      14
     62      59      15
     62      59      16
     62      59      17
     62      60       5
     62      60       6
     62      60       7
     62      60       8
     62      60       9
     62      60      10
     62      60      11
     62      60      12
     62      60      13
     62      60      14
     62      60      15
     62      60      16
     62      60      17
     62      61       5
     62      61       6
     62      61       7
     62      61       8
     62      61       9
     62      61      10
     62      61      11
     62      61      12
     62      61      13
     62      61      14
     62      61      15
     62      61      16
     62      61      17
     62      62       5
     62      62       6
     62      62       7
     62      62       8
     62      62       9
     62      62      10
     62      62      11
     62      62      12
     62      62      13
     62      62      14
     62      62      15
     62      62      16
     62      62      17
     62      63       5
     62      63       6
     62      63       7
     62      63       8
     62      63       9
     62      63      10
     62      63      11
     62      63      12
     62      63      13
     62      63      14
     62      63      15
     62      63      16
     62      63      17
     62      64       5
     62      64       6
     62      64       7
     62      64       8
     62      64       9
     62      64      10
     62      64      11
     62      64      12
     62      64      13
     62      64      14
     62      64      15
     62      64      16
     62      64      17
     62      65       5
     62      65       6
     62      65       7
     62      65       8
     62      65       9
     62      65      10
     62      65      11
     62      65      12
     62      65      13
     62      65      14
     62      65      15
     62      65      16
     62      65      17
     62      66       5
     62      66       6
     62      66       7
     62      66       8
     62      66       9
     62      66      10
     62      66      11
     62      66      12
     62      66      13
     62      66      14
     62      66      15
     62      66      16
     62      66      17
     62      67       5
     62      67       6
     62      67       7
     62      67       8
     62      67       9
     62      67      10
     62      67      11
     62      67      12
     62      67      13
     62      67      14
     62      67      15
     62      67      16
     62      67      17
     62      68       5
     62      68       6
     62      68       7
     62      68       8
     62      68       9
     62      68      10
     62      68      11
     62      68      12
     62      68      13
     62      68      14
     62      68      15
     62      68      16
     62      68      17
     62      69       5
     62      69       6
     62      69       7
     62      69       8
     62      69       9
     62      69      10
     62      69      11
     62      69      12
     62      69      13
     62      69      14
     62      69      15
     62      69      16
     62      69      17
     62      70       5
     62      70       6
     62      70       7
     62      70       8
     62      70       9
     62      70      10
     62      70      11
     62      70      12
     62      70      13
     62      70      14
     62      70      15
     62      70      16
     62      70      17
     62      71       5
     62      71       6
     62      71       7
     62      71       8
     62      71       9
     62      71      10
     62      71      11
     62      71      12
     62      71      13
     62      71      14
     62      71      15
     62      71      16
     62      71      17
     62      72       5
     62      72       6
     62      72       7
     62      72       8
     62      72       9
     62      72      10
     62      72      11
     62      72      12
     62      72      13
     62      72      14
     62      72      15
     62      72      16
     62      72      17
     62      73       5
     62      73       6
     62      73       7
     62      73       8
     62      73       9
     62      73      10
     62      73      11
     62      73      12
     62      73      13
     62      73      14
     62      73      15
     62      73      16
     62      73      17
     62      74       5
     62      74       6
     62      74       7
     62      74       8
     62      74       9
     62      74      10
     62      74      11
     62      74      12
     62      74      13
     62      74      14
     62      74      15
     62      74      16
     62      74      17
     62      75       5
     62      75       6
     62      75       7
     62      75       8
     62      75       9
     62      75      10
     62      75      11
     62      75      12
     62      75      13
     62      75      14
     62      75      15
     62      75      16
     62      75      17
     62      76       5
     62      76       6
     62      76       7
     62      76       8
     62      76       9
     62      76      10
     62      76      11
     62      76      12
     62      76      13
     62      76      14
     62      76      15
     62      76      16
     62      76      17
     62      77       5
     62      77       6
     62      77       7
     62      77       8
     62      77       9
     62      77      10
     62      77      11
     62      77      12
     62      77      13
     62      77      14
     62      77      15
     62      77      16
     62      77      17
     62      78       5
     62      78       6
     62      78       7
     62      78       8
     62      78       9
     62      78      10
     62      78      11
     62      78      12
     62      78      13
     62      78      14
     62      78      15
     62      78      16
     62      78      17
     62      79       5
     62      79       6
     62      79       7
     62      79       8
     62      79       9
     62      79      10
     62      79      11
     62      79      12
     62      79      13
     62      79      14
     62      79      15
     62      79      16
     62      79      17
     62      80       5
     62      80       6
     62      80       7
     62      80       8
     62      80       9
     62      80      10
     62      80      11
     62      80      12
     62      80      13
     62      80      14
     62      80      15
     62      80      16
     62      80      17
     62      81       5
     62      81       6
     62      81       7
     62      81       8
     62      81       9
     62      81      10
     62      81      11
     62      81      12
     62      81      13
     62      81      14
     62      81      15
     62      81      16
     62      81      17
     62      82       5
     62      82       6
     62      82       7
     62      82       8
     62      82       9
     62      82      10
     62      82      11
     62      82      12
     62      82      13
     62      82      14
     62      82      15
     62      82      16
     62      82      17
     62      83       5
     62      83       6
     62      83       7
     62      83       8
     62      83       9
     62      83      10
     62      83      11
     62      83      12
     62      83      13
     62      83      14
     62      83      15
     62      83      16
     62      83      17
     62      84       5
     62      84       6
     62      84       7
     62      84       8
     62      84       9
     62      84      10
     62      84      11
     62      84      12
     62      84      13
     62      84      14
     62      84      15
     62      84      16
     62      84      17
     63      40       5
     63      40       6
     63      40       7
     63      40       8
     63      40       9
     63      40      10
     63      40      11
     63      40      12
     63      40      13
     63      40      14
     63      40      15
     63      40      16
     63      40      17
     63      41       5
     63      41       6
     63      41       7
     63      41       8
     63      41       9
     63      41      10
     63      41      11
     63      41      12
     63      41      13
     63      41      14
     63      41      15
     63      41      16
     63      41      17
     63      42       5
     63      42       6
     63      42       7
     63      42       8
     63      42       9
     63      42      10
     63      42      11
     63      42      12
     63      42      13
     63      42      14
     63      42      15
     63      42      16
     63      42      17
     63      43       5
     63      43       6
     63      43       7
     63      43       8
     63      43       9
     63      43      10
     63      43      11
     63      43      12
     63      43      13
     63      43      14
     63      43      15
     63      43      16
     63      43      17
     63      44       5
     63      44       6
     63      44       7
     63      44       8
     63      44       9
     63      44      10
     63      44      11
     63      44      12
     63      44      13
     63      44      14
     63      44      15
     63      44      16
     63      44      17
     63      45       5
     63      45       6
     63      45       7
     63      45       8
     63      45       9
     63      45      10
     63      45      11
     63      45      12
     63      45      13
     63      45      14
     63      45      15
     63      45      16
     63      45      17
     63      46       5
     63      46       6
     63      46       7
     63      46       8
     63      46       9
     63      46      10
     63      46      11
     63      46      12
     63      46      13
     63      46      14
     63      46      15
     63      46      16
     63      46      17
     63      47       5
     63      47       6
     63      47       7
     63      47       8
     63      47       9
     63      47      10
     63      47      11
     63      47      12
     63      47      13
     63      47      14
     63      47      15
     63      47      16
     63      47      17
     63      48       5
     63      48       6
     63      48       7
     63      48       8
     63      48       9
     63      48      10
     63      48      11
     63      48      12
     63      48      13
     63      48      14
     63      48      15
     63      48      16
     63      48      17
     63      49       5
     63      49       6
     63      49       7
     63      49       8
     63      49       9
     63      49      10
     63      49      11
     63      49      12
     63      49      13
     63      49      14
     63      49      15
     63      49      16
     63      49      17
     63      50       5
     63      50       6
     63      50       7
     63      50       8
     63      50       9
     63      50      10
     63      50      11
     63      50      12
     63      50      13
     63      50      14
     63      50      15
     63      50      16
     63      50      17
     63      51       5
     63      51       6
     63      51       7
     63      51       8
     63      51       9
     63      51      10
     63      51      11
     63      51      12
     63      51      13
     63      51      14
     63      51      15
     63      51      16
     63      51      17
     63      52       5
     63      52       6
     63      52       7
     63      52       8
     63      52       9
     63      52      10
     63      52      11
     63      52      12
     63      52      13
     63      52      14
     63      52      15
     63      52      16
     63      52      17
     63      53       5
     63      53       6
     63      53       7
     63      53       8
     63      53       9
     63      53      10
     63      53      11
     63      53      12
     63      53      13
     63      53      14
     63      53      15
     63      53      16
     63      53      17
     63      54       5
     63      54       6
     63      54       7
     63      54       8
     63      54       9
     63      54      10
     63      54      11
     63      54      12
     63      54      13
     63      54      14
     63      54      15
     63      54      16
     63      54      17
     63      55       5
     63      55       6
     63      55       7
     63      55       8
     63      55       9
     63      55      10
     63      55      11
     63      55      12
     63      55      13
     63      55      14
     63      55      15
     63      55      16
     63      55      17
     63      56       5
     63      56       6
     63      56       7
     63      56       8
     63      56       9
     63      56      10
     63      56      11
     63      56      12
     63      56      13
     63      56      14
     63      56      15
     63      56      16
     63      56      17
     63      57       5
     63      57       6
     63      57       7
     63      57       8
     63      57       9
     63      57      10
     63      57      11
     63      57      12
     63      57      13
     63      57      14
     63      57      15
     63      57      16
     63      57      17
     63      58       5
     63      58       6
     63      58       7
     63      58       8
     63      58       9
     63      58      10
     63      58      11
     63      58      12
     63      58      13
     63      58      14
     63      58      15
     63      58      16
     63      58      17
     63      59       5
     63      59       6
     63      59       7
     63      59       8
     63      59       9
     63      59      10
     63      59      11
     63      59      12
     63      59      13
     63      59      14
     63      59      15
     63      59      16
     63      59      17
     63      60       5
     63      60       6
     63      60       7
     63      60       8
     63      60       9
     63      60      10
     63      60      11
     63      60      12
     63      60      13
     63      60      14
     63      60      15
     63      60      16
     63      60      17
     63      61       5
     63      61       6
     63      61       7
     63      61       8
     63      61       9
     63      61      10
     63      61      11
     63      61      12
     63      61      13
     63      61      14
     63      61      15
     63      61      16
     63      61      17
     63      62       5
     63      62       6
     63      62       7
     63      62       8
     63      62       9
     63      62      10
     63      62      11
     63      62      12
     63      62      13
     63      62      14
     63      62      15
     63      62      16
     63      62      17
     63      63       5
     63      63       6
     63      63       7
     63      63       8
     63      63       9
     63      63      10
     63      63      11
     63      63      12
     63      63      13
     63      63      14
     63      63      15
     63      63      16
     63      63      17
     63      64       5
     63      64       6
     63      64       7
     63      64       8
     63      64       9
     63      64      10
     63      64      11
     63      64      12
     63      64      13
     63      64      14
     63      64      15
     63      64      16
     63      64      17
     63      65       5
     63      65       6
     63      65       7
     63      65       8
     63      65       9
     63      65      10
     63      65      11
     63      65      12
     63      65      13
     63      65      14
     63      65      15
     63      65      16
     63      65      17
     63      66       5
     63      66       6
     63      66       7
     63      66       8
     63      66       9
     63      66      10
     63      66      11
     63      66      12
     63      66      13
     63      66      14
     63      66      15
     63      66      16
     63      66      17
     63      67       5
     63      67       6
     63      67       7
     63      67       8
     63      67       9
     63      67      10
     63      67      11
     63      67      12
     63      67      13
     63      67      14
     63      67      15
     63      67      16
     63      67      17
     63      68       5
     63      68       6
     63      68       7
     63      68       8
     63      68       9
     63      68      10
     63      68      11
     63      68      12
     63      68      13
     63      68      14
     63      68      15
     63      68      16
     63      68      17
     63      69       5
     63      69       6
     63      69       7
     63      69       8
     63      69       9
     63      69      10
     63      69      11
     63      69      12
     63      69      13
     63      69      14
     63      69      15
     63      69      16
     63      69      17
     63      70       5
     63      70       6
     63      70       7
     63      70       8
     63      70       9
     63      70      10
     63      70      11
     63      70      12
     63      70      13
     63      70      14
     63      70      15
     63      70      16
     63      70      17
     63      71       5
     63      71       6
     63      71       7
     63      71       8
     63      71       9
     63      71      10
     63      71      11
     63      71      12
     63      71      13
     63      71      14
     63      71      15
     63      71      16
     63      71      17
     63      72       5
     63      72       6
     63      72       7
     63      72       8
     63      72       9
     63      72      10
     63      72      11
     63      72      12
     63      72      13
     63      72      14
     63      72      15
     63      72      16
     63      72      17
     63      73       5
     63      73       6
     63      73       7
     63      73       8
     63      73       9
     63      73      10
     63      73      11
     63      73      12
     63      73      13
     63      73      14
     63      73      15
     63      73      16
     63      73      17
     63      74       5
     63      74       6
     63      74       7
     63      74       8
     63      74       9
     63      74      10
     63      74      11
     63      74      12
     63      74      13
     63      74      14
     63      74      15
     63      74      16
     63      74      17
     63      75       5
     63      75       6
     63      75       7
     63      75       8
     63      75       9
     63      75      10
     63      75      11
     63      75      12
     63      75      13
     63      75      14
     63      75      15
     63      75      16
     63      75      17
     63      76       5
     63      76       6
     63      76       7
     63      76       8
     63      76       9
     63      76      10
     63      76      11
     63      76      12
     63      76      13
     63      76      14
     63      76      15
     63      76      16
     63      76      17
     63      77       5
     63      77       6
     63      77       7
     63      77       8
     63      77       9
     63      77      10
     63      77      11
     63      77      12
     63      77      13
     63      77      14
     63      77      15
     63      77      16
     63      77      17
     63      78       5
     63      78       6
     63      78       7
     63      78       8
     63      78       9
     63      78      10
     63      78      11
     63      78      12
     63      78      13
     63      78      14
     63      78      15
     63      78      16
     63      78      17
     63      79       5
     63      79       6
     63      79       7
     63      79       8
     63      79       9
     63      79      10
     63      79      11
     63      79      12
     63      79      13
     63      79      14
     63      79      15
     63      79      16
     63      79      17
     63      80       5
     63      80       6
     63      80       7
     63      80       8
     63      80       9
     63      80      10
     63      80      11
     63      80      12
     63      80      13
     63      80      14
     63      80      15
     63      80      16
     63      80      17
     63      81       5
     63      81       6
     63      81       7
     63      81       8
     63      81       9
     63      81      10
     63      81      11
     63      81      12
     63      81      13
     63      81      14
     63      81      15
     63      81      16
     63      81      17
     63      82       5
     63      82       6
     63      82       7
     63      82       8
     63      82       9
     63      82      10
     63      82      11
     63      82      12
     63      82      13
     63      82      14
     63      82      15
     63      82      16
     63      82      17
     63      83       5
     63      83       6
     63      83       7
     63      83       8
     63      83       9
     63      83      10
     63      83      11
     63      83      12
     63      83      13
     63      83      14
     63      83      15
     63      83      16
     63      83      17
     63      84       5
     63      84       6
     63      84       7
     63      84       8
     63      84       9
     63      84      10
     63      84      11
     63      84      12
     63      84      13
     63      84      14
     63      84      15
     63      84      16
     63      84      17
     64      40       5
     64      40       6
     64      40       7
     64      40       8
     64      40       9
     64      40      10
     64      40      11
     64      40      12
     64      40      13
     64      40      14
     64      40      15
     64      40      16
     64      40      17
     64      41       5
     64      41       6
     64      41       7
     64      41       8
     64      41       9
     64      41      10
     64      41      11
     64      41      12
     64      41      13
     64      41      14
     64      41      15
     64      41      16
     64      41      17
     64      42       5
     64      42       6
     64      42       7
     64      42       8
     64      42       9
     64      42      10
     64      42      11
     64      42      12
     64      42      13
     64      42      14
     64      42      15
     64      42      16
     64      42      17
     64      43       5
     64      43       6
     64      43       7
     64      43       8
     64      43       9
     64      43      10
     64      43      11
     64      43      12
     64      43      13
     64      43      14
     64      43      15
     64      43      16
     64      43      17
     64      44       5
     64      44       6
     64      44       7
     64      44       8
     64      44       9
     64      44      10
     64      44      11
     64      44      12
     64      44      13
     64      44      14
     64      44      15
     64      44      16
     64      44      17
     64      45       5
     64      45       6
     64      45       7
     64      45       8
     64      45       9
     64      45      10
     64      45      11
     64      45      12
     64      45      13
     64      45      14
     64      45      15
     64      45      16
     64      45      17
     64      46       5
     64      46       6
     64      46       7
     64      46       8
     64      46       9
     64      46      10
     64      46      11
     64      46      12
     64      46      13
     64      46      14
     64      46      15
     64      46      16
     64      46      17
     64      47       5
     64      47       6
     64      47       7
     64      47       8
     64      47       9
     64      47      10
     64      47      11
     64      47      12
     64      47      13
     64      47      14
     64      47      15
     64      47      16
     64      47      17
     64      48       5
     64      48       6
     64      48       7
     64      48       8
     64      48       9
     64      48      10
     64      48      11
     64      48      12
     64      48      13
     64      48      14
     64      48      15
     64      48      16
     64      48      17
     64      49       5
     64      49       6
     64      49       7
     64      49       8
     64      49       9
     64      49      10
     64      49      11
     64      49      12
     64      49      13
     64      49      14
     64      49      15
     64      49      16
     64      49      17
     64      50       5
     64      50       6
     64      50       7
     64      50       8
     64      50       9
     64      50      10
     64      50      11
     64      50      12
     64      50      13
     64      50      14
     64      50      15
     64      50      16
     64      50      17
     64      51       5
     64      51       6
     64      51       7
     64      51       8
     64      51       9
     64      51      10
     64      51      11
     64      51      12
     64      51      13
     64      51      14
     64      51      15
     64      51      16
     64      51      17
     64      52       5
     64      52       6
     64      52       7
     64      52       8
     64      52       9
     64      52      10
     64      52      11
     64      52      12
     64      52      13
     64      52      14
     64      52      15
     64      52      16
     64      52      17
     64      53       5
     64      53       6
     64      53       7
     64      53       8
     64      53       9
     64      53      10
     64      53      11
     64      53      12
     64      53      13
     64      53      14
     64      53      15
     64      53      16
     64      53      17
     64      54       5
     64      54       6
     64      54       7
     64      54       8
     64      54       9
     64      54      10
     64      54      11
     64      54      12
     64      54      13
     64      54      14
     64      54      15
     64      54      16
     64      54      17
     64      55       5
     64      55       6
     64      55       7
     64      55       8
     64      55       9
     64      55      10
     64      55      11
     64      55      12
     64      55      13
     64      55      14
     64      55      15
     64      55      16
     64      55      17
     64      56       5
     64      56       6
     64      56       7
     64      56       8
     64      56       9
     64      56      10
     64      56      11
     64      56      12
     64      56      13
     64      56      14
     64      56      15
     64      56      16
     64      56      17
     64      57       5
     64      57       6
     64      57       7
     64      57       8
     64      57       9
     64      57      10
     64      57      11
     64      57      12
     64      57      13
     64      57      14
     64      57      15
     64      57      16
     64      57      17
     64      58       5
     64      58       6
     64      58       7
     64      58       8
     64      58       9
     64      58      10
     64      58      11
     64      58      12
     64      58      13
     64      58      14
     64      58      15
     64      58      16
     64      58      17
     64      59       5
     64      59       6
     64      59       7
     64      59       8
     64      59       9
     64      59      10
     64      59      11
     64      59      12
     64      59      13
     64      59      14
     64      59      15
     64      59      16
     64      59      17
     64      60       5
     64      60       6
     64      60       7
     64      60       8
     64      60       9
     64      60      10
     64      60      11
     64      60      12
     64      60      13
     64      60      14
     64      60      15
     64      60      16
     64      60      17
     64      61       5
     64      61       6
     64      61       7
     64      61       8
     64      61       9
     64      61      10
     64      61      11
     64      61      12
     64      61      13
     64      61      14
     64      61      15
     64      61      16
     64      61      17
     64      62       5
     64      62       6
     64      62       7
     64      62       8
     64      62       9
     64      62      10
     64      62      11
     64      62      12
     64      62      13
     64      62      14
     64      62      15
     64      62      16
     64      62      17
     64      63       5
     64      63       6
     64      63       7
     64      63       8
     64      63       9
     64      63      10
     64      63      11
     64      63      12
     64      63      13
     64      63      14
     64      63      15
     64      63      16
     64      63      17
     64      64       5
     64      64       6
     64      64       7
     64      64       8
     64      64       9
     64      64      10
     64      64      11
     64      64      12
     64      64      13
     64      64      14
     64      64      15
     64      64      16
     64      64      17
     64      65       5
     64      65       6
     64      65       7
     64      65       8
     64      65       9
     64      65      10
     64      65      11
     64      65      12
     64      65      13
     64      65      14
     64      65      15
     64      65      16
     64      65      17
     64      66       5
     64      66       6
     64      66       7
     64      66       8
     64      66       9
     64      66      10
     64      66      11
     64      66      12
     64      66      13
     64      66      14
     64      66      15
     64      66      16
     64      66      17
     64      67       5
     64      67       6
     64      67       7
     64      67       8
     64      67       9
     64      67      10
     64      67      11
     64      67      12
     64      67      13
     64      67      14
     64      67      15
     64      67      16
     64      67      17
     64      68       5
     64      68       6
     64      68       7
     64      68       8
     64      68       9
     64      68      10
     64      68      11
     64      68      12
     64      68      13
     64      68      14
     64      68      15
     64      68      16
     64      68      17
     64      69       5
     64      69       6
     64      69       7
     64      69       8
     64      69       9
     64      69      10
     64      69      11
     64      69      12
     64      69      13
     64      69      14
     64      69      15
     64      69      16
     64      69      17
     64      70       5
     64      70       6
     64      70       7
     64      70       8
     64      70       9
     64      70      10
     64      70      11
     64      70      12
     64      70      13
     64      70      14
     64      70      15
     64      70      16
     64      70      17
     64      71       5
     64      71       6
     64      71       7
     64      71       8
     64      71       9
     64      71      10
     64      71      11
     64      71      12
     64      71      13
     64      71      14
     64      71      15
     64      71      16
     64      71      17
     64      72       5
     64      72       6
     64      72       7
     64      72       8
     64      72       9
     64      72      10
     64      72      11
     64      72      12
     64      72      13
     64      72      14
     64      72      15
     64      72      16
     64      72      17
     64      73       5
     64      73       6
     64      73       7
     64      73       8
     64      73       9
     64      73      10
     64      73      11
     64      73      12
     64      73      13
     64      73      14
     64      73      15
     64      73      16
     64      73      17
     64      74       5
     64      74       6
     64      74       7
     64      74       8
     64      74       9
     64      74      10
     64      74      11
     64      74      12
     64      74      13
     64      74      14
     64      74      15
     64      74      16
     64      74      17
     64      75       5
     64      75       6
     64      75       7
     64      75       8
     64      75       9
     64      75      10
     64      75      11
     64      75      12
     64      75      13
     64      75      14
     64      75      15
     64      75      16
     64      75      17
     64      76       5
     64      76       6
     64      76       7
     64      76       8
     64      76       9
     64      76      10
     64      76      11
     64      76      12
     64      76      13
     64      76      14
     64      76      15
     64      76      16
     64      76      17
     64      77       5
     64      77       6
     64      77       7
     64      77       8
     64      77       9
     64      77      10
     64      77      11
     64      77      12
     64      77      13
     64      77      14
     64      77      15
     64      77      16
     64      77      17
     64      78       5
     64      78       6
     64      78       7
     64      78       8
     64      78       9
     64      78      10
     64      78      11
     64      78      12
     64      78      13
     64      78      14
     64      78      15
     64      78      16
     64      78      17
     64      79       5
     64      79       6
     64      79       7
     64      79       8
     64      79       9
     64      79      10
     64      79      11
     64      79      12
     64      79      13
     64      79      14
     64      79      15
     64      79      16
     64      79      17
     64      80       5
     64      80       6
     64      80       7
     64      80       8
     64      80       9
     64      80      10
     64      80      11
     64      80      12
     64      80      13
     64      80      14
     64      80      15
     64      80      16
     64      80      17
     64      81       5
     64      81       6
     64      81       7
     64      81       8
     64      81       9
     64      81      10
     64      81      11
     64      81      12
     64      81      13
     64      81      14
     64      81      15
     64      81      16
     64      81      17
     64      82       5
     64      82       6
     64      82       7
     64      82       8
     64      82       9
     64      82      10
     64      82      11
     64      82      12
     64      82      13
     64      82      14
     64      82      15
     64      82      16
     64      82      17
     64      83       5
     64      83       6
     64      83       7
     64      83       8
     64      83       9
     64      83      10
     64      83      11
     64      83      12
     64      83      13
     64      83      14
     64      83      15
     64      83      16
     64      83      17
     64      84       5
     64      84       6
     64      84       7
     64      84       8
     64      84       9
     64      84      10
     64      84      11
     64      84      12
     64      84      13
     64      84      14
     64      84      15
     64      84      16
     64      84      17
     65      40       5
     65      40       6
     65      40       7
     65      40       8
     65      40       9
     65      40      10
     65      40      11
     65      40      12
     65      40      13
     65      40      14
     65      40      15
     65      40      16
     65      40      17
     65      41       5
     65      41       6
     65      41       7
     65      41       8
     65      41       9
     65      41      10
     65      41      11
     65      41      12
     65      41      13
     65      41      14
     65      41      15
     65      41      16
     65      41      17
     65      42       5
     65      42       6
     65      42       7
     65      42       8
     65      42       9
     65      42      10
     65      42      11
     65      42      12
     65      42      13
     65      42      14
     65      42      15
     65      42      16
     65      42      17
     65      43       5
     65      43       6
     65      43       7
     65      43       8
     65      43       9
     65      43      10
     65      43      11
     65      43      12
     65      43      13
     65      43      14
     65      43      15
     65      43      16
     65      43      17
     65      44       5
     65      44       6
     65      44       7
     65      44       8
     65      44       9
     65      44      10
     65      44      11
     65      44      12
     65      44      13
     65      44      14
     65      44      15
     65      44      16
     65      44      17
     65      45       5
     65      45       6
     65      45       7
     65      45       8
     65      45       9
     65      45      10
     65      45      11
     65      45      12
     65      45      13
     65      45      14
     65      45      15
     65      45      16
     65      45      17
     65      46       5
     65      46       6
     65      46       7
     65      46       8
     65      46       9
     65      46      10
     65      46      11
     65      46      12
     65      46      13
     65      46      14
     65      46      15
     65      46      16
     65      46      17
     65      47       5
     65      47       6
     65      47       7
     65      47       8
     65      47       9
     65      47      10
     65      47      11
     65      47      12
     65      47      13
     65      47      14
     65      47      15
     65      47      16
     65      47      17
     65      48       5
     65      48       6
     65      48       7
     65      48       8
     65      48       9
     65      48      10
     65      48      11
     65      48      12
     65      48      13
     65      48      14
     65      48      15
     65      48      16
     65      48      17
     65      49       5
     65      49       6
     65      49       7
     65      49       8
     65      49       9
     65      49      10
     65      49      11
     65      49      12
     65      49      13
     65      49      14
     65      49      15
     65      49      16
     65      49      17
     65      50       5
     65      50       6
     65      50       7
     65      50       8
     65      50       9
     65      50      10
     65      50      11
     65      50      12
     65      50      13
     65      50      14
     65      50      15
     65      50      16
     65      50      17
     65      51       5
     65      51       6
     65      51       7
     65      51       8
     65      51       9
     65      51      10
     65      51      11
     65      51      12
     65      51      13
     65      51      14
     65      51      15
     65      51      16
     65      51      17
     65      52       5
     65      52       6
     65      52       7
     65      52       8
     65      52       9
     65      52      10
     65      52      11
     65      52      12
     65      52      13
     65      52      14
     65      52      15
     65      52      16
     65      52      17
     65      53       5
     65      53       6
     65      53       7
     65      53       8
     65      53       9
     65      53      10
     65      53      11
     65      53      12
     65      53      13
     65      53      14
     65      53      15
     65      53      16
     65      53      17
     65      54       5
     65      54       6
     65      54       7
     65      54       8
     65      54       9
     65      54      10
     65      54      11
     65      54      12
     65      54      13
     65      54      14
     65      54      15
     65      54      16
     65      54      17
     65      55       5
     65      55       6
     65      55       7
     65      55       8
     65      55       9
     65      55      10
     65      55      11
     65      55      12
     65      55      13
     65      55      14
     65      55      15
     65      55      16
     65      55      17
     65      56       5
     65      56       6
     65      56       7
     65      56       8
     65      56       9
     65      56      10
     65      56      11
     65      56      12
     65      56      13
     65      56      14
     65      56      15
     65      56      16
     65      56      17
     65      57       5
     65      57       6
     65      57       7
     65      57       8
     65      57       9
     65      57      10
     65      57      11
     65      57      12
     65      57      13
     65      57      14
     65      57      15
     65      57      16
     65      57      17
     65      58       5
     65      58       6
     65      58       7
     65      58       8
     65      58       9
     65      58      10
     65      58      11
     65      58      12
     65      58      13
     65      58      14
     65      58      15
     65      58      16
     65      58      17
     65      59       5
     65      59       6
     65      59       7
     65      59       8
     65      59       9
     65      59      10
     65      59      11
     65      59      12
     65      59      13
     65      59      14
     65      59      15
     65      59      16
     65      59      17
     65      60       5
     65      60       6
     65      60       7
     65      60       8
     65      60       9
     65      60      10
     65      60      11
     65      60      12
     65      60      13
     65      60      14
     65      60      15
     65      60      16
     65      60      17
     65      61       5
     65      61       6
     65      61       7
     65      61       8
     65      61       9
     65      61      10
     65      61      11
     65      61      12
     65      61      13
     65      61      14
     65      61      15
     65      61      16
     65      61      17
     65      62       5
     65      62       6
     65      62       7
     65      62       8
     65      62       9
     65      62      10
     65      62      11
     65      62      12
     65      62      13
     65      62      14
     65      62      15
     65      62      16
     65      62      17
     65      63       5
     65      63       6
     65      63       7
     65      63       8
     65      63       9
     65      63      10
     65      63      11
     65      63      12
     65      63      13
     65      63      14
     65      63      15
     65      63      16
     65      63      17
     65      64       5
     65      64       6
     65      64       7
     65      64       8
     65      64       9
     65      64      10
     65      64      11
     65      64      12
     65      64      13
     65      64      14
     65      64      15
     65      64      16
     65      64      17
     65      65       5
     65      65       6
     65      65       7
     65      65       8
     65      65       9
     65      65      10
     65      65      11
     65      65      12
     65      65      13
     65      65      14
     65      65      15
     65      65      16
     65      65      17
     65      66       5
     65      66       6
     65      66       7
     65      66       8
     65      66       9
     65      66      10
     65      66      11
     65      66      12
     65      66      13
     65      66      14
     65      66      15
     65      66      16
     65      66      17
     65      67       5
     65      67       6
     65      67       7
     65      67       8
     65      67       9
     65      67      10
     65      67      11
     65      67      12
     65      67      13
     65      67      14
     65      67      15
     65      67      16
     65      67      17
     65      68       5
     65      68       6
     65      68       7
     65      68       8
     65      68       9
     65      68      10
     65      68      11
     65      68      12
     65      68      13
     65      68      14
     65      68      15
     65      68      16
     65      68      17
     65      69       5
     65      69       6
     65      69       7
     65      69       8
     65      69       9
     65      69      10
     65      69      11
     65      69      12
     65      69      13
     65      69      14
     65      69      15
     65      69      16
     65      69      17
     65      70       5
     65      70       6
     65      70       7
     65      70       8
     65      70       9
     65      70      10
     65      70      11
     65      70      12
     65      70      13
     65      70      14
     65      70      15
     65      70      16
     65      70      17
     65      71       5
     65      71       6
     65      71       7
     65      71       8
     65      71       9
     65      71      10
     65      71      11
     65      71      12
     65      71      13
     65      71      14
     65      71      15
     65      71      16
     65      71      17
     65      72       5
     65      72       6
     65      72       7
     65      72       8
     65      72       9
     65      72      10
     65      72      11
     65      72      12
     65      72      13
     65      72      14
     65      72      15
     65      72      16
     65      72      17
     65      73       5
     65      73       6
     65      73       7
     65      73       8
     65      73       9
     65      73      10
     65      73      11
     65      73      12
     65      73      13
     65      73      14
     65      73      15
     65      73      16
     65      73      17
     65      74       5
     65      74       6
     65      74       7
     65      74       8
     65      74       9
     65      74      10
     65      74      11
     65      74      12
     65      74      13
     65      74      14
     65      74      15
     65      74      16
     65      74      17
     65      75       5
     65      75       6
     65      75       7
     65      75       8
     65      75       9
     65      75      10
     65      75      11
     65      75      12
     65      75      13
     65      75      14
     65      75      15
     65      75      16
     65      75      17
     65      76       5
     65      76       6
     65      76       7
     65      76       8
     65      76       9
     65      76      10
     65      76      11
     65      76      12
     65      76      13
     65      76      14
     65      76      15
     65      76      16
     65      76      17
     65      77       5
     65      77       6
     65      77       7
     65      77       8
     65      77       9
     65      77      10
     65      77      11
     65      77      12
     65      77      13
     65      77      14
     65      77      15
     65      77      16
     65      77      17
     65      78       5
     65      78       6
     65      78       7
     65      78       8
     65      78       9
     65      78      10
     65      78      11
     65      78      12
     65      78      13
     65      78      14
     65      78      15
     65      78      16
     65      78      17
     65      79       5
     65      79       6
     65      79       7
     65      79       8
     65      79       9
     65      79      10
     65      79      11
     65      79      12
     65      79      13
     65      79      14
     65      79      15
     65      79      16
     65      79      17
     65      80       5
     65      80       6
     65      80       7
     65      80       8
     65      80       9
     65      80      10
     65      80      11
     65      80      12
     65      80      13
     65      80      14
     65      80      15
     65      80      16
     65      80      17
     65      81       5
     65      81       6
     65      81       7
     65      81       8
     65      81       9
     65      81      10
     65      81      11
     65      81      12
     65      81      13
     65      81      14
     65      81      15
     65      81      16
     65      81      17
     65      82       5
     65      82       6
     65      82       7
     65      82       8
     65      82       9
     65      82      10
     65      82      11
     65      82      12
     65      82      13
     65      82      14
     65      82      15
     65      82      16
     65      82      17
     65      83       5
     65      83       6
     65      83       7
     65      83       8
     65      83       9
     65      83      10
     65      83      11
     65      83      12
     65      83      13
     65      83      14
     65      83      15
     65      83      16
     65      83      17
     65      84       5
     65      84       6
     65      84       7
     65      84       8
     65      84       9
     65      84      10
     65      84      11
     65      84      12
     65      84      13
     65      84      14
     65      84      15
     65      84      16
     65      84      17
     66      40       5
     66      40       6
     66      40       7
     66      40       8
     66      40       9
     66      40      10
     66      40      11
     66      40      12
     66      40      13
     66      40      14
     66      40      15
     66      40      16
     66      40      17
     66      41       5
     66      41       6
     66      41       7
     66      41       8
     66      41       9
     66      41      10
     66      41      11
     66      41      12
     66      41      13
     66      41      14
     66      41      15
     66      41      16
     66      41      17
     66      42       5
     66      42       6
     66      42       7
     66      42       8
     66      42       9
     66      42      10
     66      42      11
     66      42      12
     66      42      13
     66      42      14
     66      42      15
     66      42      16
     66      42      17
     66      43       5
     66      43       6
     66      43       7
     66      43       8
     66      43       9
     66      43      10
     66      43      11
     66      43      12
     66      43      13
     66      43      14
     66      43      15
     66      43      16
     66      43      17
     66      44       5
     66      44       6
     66      44       7
     66      44       8
     66      44       9
     66      44      10
     66      44      11
     66      44      12
     66      44      13
     66      44      14
     66      44      15
     66      44      16
     66      44      17
     66      45       5
     66      45       6
     66      45       7
     66      45       8
     66      45       9
     66      45      10
     66      45      11
     66      45      12
     66      45      13
     66      45      14
     66      45      15
     66      45      16
     66      45      17
     66      46       5
     66      46       6
     66      46       7
     66      46       8
     66      46       9
     66      46      10
     66      46      11
     66      46      12
     66      46      13
     66      46      14
     66      46      15
     66      46      16
     66      46      17
     66      47       5
     66      47       6
     66      47       7
     66      47       8
     66      47       9
     66      47      10
     66      47      11
     66      47      12
     66      47      13
     66      47      14
     66      47      15
     66      47      16
     66      47      17
     66      48       5
     66      48       6
     66      48       7
     66      48       8
     66      48       9
     66      48      10
     66      48      11
     66      48      12
     66      48      13
     66      48      14
     66      48      15
     66      48      16
     66      48      17
     66      49       5
     66      49       6
     66      49       7
     66      49       8
     66      49       9
     66      49      10
     66      49      11
     66      49      12
     66      49      13
     66      49      14
     66      49      15
     66      49      16
     66      49      17
     66      50       5
     66      50       6
     66      50       7
     66      50       8
     66      50       9
     66      50      10
     66      50      11
     66      50      12
     66      50      13
     66      50      14
     66      50      15
     66      50      16
     66      50      17
     66      51       5
     66      51       6
     66      51       7
     66      51       8
     66      51       9
     66      51      10
     66      51      11
     66      51      12
     66      51      13
     66      51      14
     66      51      15
     66      51      16
     66      51      17
     66      52       5
     66      52       6
     66      52       7
     66      52       8
     66      52       9
     66      52      10
     66      52      11
     66      52      12
     66      52      13
     66      52      14
     66      52      15
     66      52      16
     66      52      17
     66      53       5
     66      53       6
     66      53       7
     66      53       8
     66      53       9
     66      53      10
     66      53      11
     66      53      12
     66      53      13
     66      53      14
     66      53      15
     66      53      16
     66      53      17
     66      54       5
     66      54       6
     66      54       7
     66      54       8
     66      54       9
     66      54      10
     66      54      11
     66      54      12
     66      54      13
     66      54      14
     66      54      15
     66      54      16
     66      54      17
     66      55       5
     66      55       6
     66      55       7
     66      55       8
     66      55       9
     66      55      10
     66      55      11
     66      55      12
     66      55      13
     66      55      14
     66      55      15
     66      55      16
     66      55      17
     66      56       5
     66      56       6
     66      56       7
     66      56       8
     66      56       9
     66      56      10
     66      56      11
     66      56      12
     66      56      13
     66      56      14
     66      56      15
     66      56      16
     66      56      17
     66      57       5
     66      57       6
     66      57       7
     66      57       8
     66      57       9
     66      57      10
     66      57      11
     66      57      12
     66      57      13
     66      57      14
     66      57      15
     66      57      16
     66      57      17
     66      58       5
     66      58       6
     66      58       7
     66      58       8
     66      58       9
     66      58      10
     66      58      11
     66      58      12
     66      58      13
     66      58      14
     66      58      15
     66      58      16
     66      58      17
     66      59       5
     66      59       6
     66      59       7
     66      59       8
     66      59       9
     66      59      10
     66      59      11
     66      59      12
     66      59      13
     66      59      14
     66      59      15
     66      59      16
     66      59      17
     66      60       5
     66      60       6
     66      60       7
     66      60       8
     66      60       9
     66      60      10
     66      60      11
     66      60      12
     66      60      13
     66      60      14
     66      60      15
     66      60      16
     66      60      17
     66      61       5
     66      61       6
     66      61       7
     66      61       8
     66      61       9
     66      61      10
     66      61      11
     66      61      12
     66      61      13
     66      61      14
     66      61      15
     66      61      16
     66      61      17
     66      62       5
     66      62       6
     66      62       7
     66      62       8
     66      62       9
     66      62      10
     66      62      11
     66      62      12
     66      62      13
     66      62      14
     66      62      15
     66      62      16
     66      62      17
     66      63       5
     66      63       6
     66      63       7
     66      63       8
     66      63       9
     66      63      10
     66      63      11
     66      63      12
     66      63      13
     66      63      14
     66      63      15
     66      63      16
     66      63      17
     66      64       5
     66      64       6
     66      64       7
     66      64       8
     66      64       9
     66      64      10
     66      64      11
     66      64      12
     66      64      13
     66      64      14
     66      64      15
     66      64      16
     66      64      17
     66      65       5
     66      65       6
     66      65       7
     66      65       8
     66      65       9
     66      65      10
     66      65      11
     66      65      12
     66      65      13
     66      65      14
     66      65      15
     66      65      16
     66      65      17
     66      66       5
     66      66       6
     66      66       7
     66      66       8
     66      66       9
     66      66      10
     66      66      11
     66      66      12
     66      66      13
     66      66      14
     66      66      15
     66      66      16
     66      66      17
     66      67       5
     66      67       6
     66      67       7
     66      67       8
     66      67       9
     66      67      10
     66      67      11
     66      67      12
     66      67      13
     66      67      14
     66      67      15
     66      67      16
     66      67      17
     66      68       5
     66      68       6
     66      68       7
     66      68       8
     66      68       9
     66      68      10
     66      68      11
     66      68      12
     66      68      13
     66      68      14
     66      68      15
     66      68      16
     66      68      17
     66      69       5
     66      69       6
     66      69       7
     66      69       8
     66      69       9
     66      69      10
     66      69      11
     66      69      12
     66      69      13
     66      69      14
     66      69      15
     66      69      16
     66      69      17
     66      70       5
     66      70       6
     66      70       7
     66      70       8
     66      70       9
     66      70      10
     66      70      11
     66      70      12
     66      70      13
     66      70      14
     66      70      15
     66      70      16
     66      70      17
     66      71       5
     66      71       6
     66      71       7
     66      71       8
     66      71       9
     66      71      10
     66      71      11
     66      71      12
     66      71      13
     66      71      14
     66      71      15
     66      71      16
     66      71      17
     66      72       5
     66      72       6
     66      72       7
     66      72       8
     66      72       9
     66      72      10
     66      72      11
     66      72      12
     66      72      13
     66      72      14
     66      72      15
     66      72      16
     66      72      17
     66      73       5
     66      73       6
     66      73       7
     66      73       8
     66      73       9
     66      73      10
     66      73      11
     66      73      12
     66      73      13
     66      73      14
     66      73      15
     66      73      16
     66      73      17
     66      74       5
     66      74       6
     66      74       7
     66      74       8
     66      74       9
     66      74      10
     66      74      11
     66      74      12
     66      74      13
     66      74      14
     66      74      15
     66      74      16
     66      74      17
     66      75       5
     66      75       6
     66      75       7
     66      75       8
     66      75       9
     66      75      10
     66      75      11
     66      75      12
     66      75      13
     66      75      14
     66      75      15
     66      75      16
     66      75      17
     66      76       5
     66      76       6
     66      76       7
     66      76       8
     66      76       9
     66      76      10
     66      76      11
     66      76      12
     66      76      13
     66      76      14
     66      76      15
     66      76      16
     66      76      17
     66      77       5
     66      77       6
     66      77       7
     66      77       8
     66      77       9
     66      77      10
     66      77      11
     66      77      12
     66      77      13
     66      77      14
     66      77      15
     66      77      16
     66      77      17
     66      78       5
     66      78       6
     66      78       7
     66      78       8
     66      78       9
     66      78      10
     66      78      11
     66      78      12
     66      78      13
     66      78      14
     66      78      15
     66      78      16
     66      78      17
     66      79       5
     66      79       6
     66      79       7
     66      79       8
     66      79       9
     66      79      10
     66      79      11
     66      79      12
     66      79      13
     66      79      14
     66      79      15
     66      79      16
     66      79      17
     66      80       5
     66      80       6
     66      80       7
     66      80       8
     66      80       9
     66      80      10
     66      80      11
     66      80      12
     66      80      13
     66      80      14
     66      80      15
     66      80      16
     66      80      17
     66      81       5
     66      81       6
     66      81       7
     66      81       8
     66      81       9
     66      81      10
     66      81      11
     66      81      12
     66      81      13
     66      81      14
     66      81      15
     66      81      16
     66      81      17
     66      82       5
     66      82       6
     66      82       7
     66      82       8
     66      82       9
     66      82      10
     66      82      11
     66      82      12
     66      82      13
     66      82      14
     66      82      15
     66      82      16
     66      82      17
     66      83       5
     66      83       6
     66      83       7
     66      83       8
     66      83       9
     66      83      10
     66      83      11
     66      83      12
     66      83      13
     66      83      14
     66      83      15
     66      83      16
     66      83      17
     66      84       5
     66      84       6
     66      84       7
     66      84       8
     66      84       9
     66      84      10
     66      84      11
     66      84      12
     66      84      13
     66      84      14
     66      84      15
     66      84      16
     66      84      17
     67      40       5
     67      40       6
     67      40       7
     67      40       8
     67      40       9
     67      40      10
     67      40      11
     67      40      12
     67      40      13
     67      40      14
     67      40      15
     67      40      16
     67      40      17
     67      41       5
     67      41       6
     67      41       7
     67      41       8
     67      41       9
     67      41      10
     67      41      11
     67      41      12
     67      41      13
     67      41      14
     67      41      15
     67      41      16
     67      41      17
     67      42       5
     67      42       6
     67      42       7
     67      42       8
     67      42       9
     67      42      10
     67      42      11
     67      42      12
     67      42      13
     67      42      14
     67      42      15
     67      42      16
     67      42      17
     67      43       5
     67      43       6
     67      43       7
     67      43       8
     67      43       9
     67      43      10
     67      43      11
     67      43      12
     67      43      13
     67      43      14
     67      43      15
     67      43      16
     67      43      17
     67      44       5
     67      44       6
     67      44       7
     67      44       8
     67      44       9
     67      44      10
     67      44      11
     67      44      12
     67      44      13
     67      44      14
     67      44      15
     67      44      16
     67      44      17
     67      45       5
     67      45       6
     67      45       7
     67      45       8
     67      45       9
     67      45      10
     67      45      11
     67      45      12
     67      45      13
     67      45      14
     67      45      15
     67      45      16
     67      45      17
     67      46       5
     67      46       6
     67      46       7
     67      46       8
     67      46       9
     67      46      10
     67      46      11
     67      46      12
     67      46      13
     67      46      14
     67      46      15
     67      46      16
     67      46      17
     67      47       5
     67      47       6
     67      47       7
     67      47       8
     67      47       9
     67      47      10
     67      47      11
     67      47      12
     67      47      13
     67      47      14
     67      47      15
     67      47      16
     67      47      17
     67      48       5
     67      48       6
     67      48       7
     67      48       8
     67      48       9
     67      48      10
     67      48      11
     67      48      12
     67      48      13
     67      48      14
     67      48      15
     67      48      16
     67      48      17
     67      49       5
     67      49       6
     67      49       7
     67      49       8
     67      49       9
     67      49      10
     67      49      11
     67      49      12
     67      49      13
     67      49      14
     67      49      15
     67      49      16
     67      49      17
     67      50       5
     67      50       6
     67      50       7
     67      50       8
     67      50       9
     67      50      10
     67      50      11
     67      50      12
     67      50      13
     67      50      14
     67      50      15
     67      50      16
     67      50      17
     67      51       5
     67      51       6
     67      51       7
     67      51       8
     67      51       9
     67      51      10
     67      51      11
     67      51      12
     67      51      13
     67      51      14
     67      51      15
     67      51      16
     67      51      17
     67      52       5
     67      52       6
     67      52       7
     67      52       8
     67      52       9
     67      52      10
     67      52      11
     67      52      12
     67      52      13
     67      52      14
     67      52      15
     67      52      16
     67      52      17
     67      53       5
     67      53       6
     67      53       7
     67      53       8
     67      53       9
     67      53      10
     67      53      11
     67      53      12
     67      53      13
     67      53      14
     67      53      15
     67      53      16
     67      53      17
     67      54       5
     67      54       6
     67      54       7
     67      54       8
     67      54       9
     67      54      10
     67      54      11
     67      54      12
     67      54      13
     67      54      14
     67      54      15
     67      54      16
     67      54      17
     67      55       5
     67      55       6
     67      55       7
     67      55       8
     67      55       9
     67      55      10
     67      55      11
     67      55      12
     67      55      13
     67      55      14
     67      55      15
     67      55      16
     67      55      17
     67      56       5
     67      56       6
     67      56       7
     67      56       8
     67      56       9
     67      56      10
     67      56      11
     67      56      12
     67      56      13
     67      56      14
     67      56      15
     67      56      16
     67      56      17
     67      57       5
     67      57       6
     67      57       7
     67      57       8
     67      57       9
     67      57      10
     67      57      11
     67      57      12
     67      57      13
     67      57      14
     67      57      15
     67      57      16
     67      57      17
     67      58       5
     67      58       6
     67      58       7
     67      58       8
     67      58       9
     67      58      10
     67      58      11
     67      58      12
     67      58      13
     67      58      14
     67      58      15
     67      58      16
     67      58      17
     67      59       5
     67      59       6
     67      59       7
     67      59       8
     67      59       9
     67      59      10
     67      59      11
     67      59      12
     67      59      13
     67      59      14
     67      59      15
     67      59      16
     67      59      17
     67      60       5
     67      60       6
     67      60       7
     67      60       8
     67      60       9
     67      60      10
     67      60      11
     67      60      12
     67      60      13
     67      60      14
     67      60      15
     67      60      16
     67      60      17
     67      61       5
     67      61       6
     67      61       7
     67      61       8
     67      61       9
     67      61      10
     67      61      11
     67      61      12
     67      61      13
     67      61      14
     67      61      15
     67      61      16
     67      61      17
     67      62       5
     67      62       6
     67      62       7
     67      62       8
     67      62       9
     67      62      10
     67      62      11
     67      62      12
     67      62      13
     67      62      14
     67      62      15
     67      62      16
     67      62      17
     67      63       5
     67      63       6
     67      63       7
     67      63       8
     67      63       9
     67      63      10
     67      63      11
     67      63      12
     67      63      13
     67      63      14
     67      63      15
     67      63      16
     67      63      17
     67      64       5
     67      64       6
     67      64       7
     67      64       8
     67      64       9
     67      64      10
     67      64      11
     67      64      12
     67      64      13
     67      64      14
     67      64      15
     67      64      16
     67      64      17
     67      65       5
     67      65       6
     67      65       7
     67      65       8
     67      65       9
     67      65      10
     67      65      11
     67      65      12
     67      65      13
     67      65      14
     67      65      15
     67      65      16
     67      65      17
     67      66       5
     67      66       6
     67      66       7
     67      66       8
     67      66       9
     67      66      10
     67      66      11
     67      66      12
     67      66      13
     67      66      14
     67      66      15
     67      66      16
     67      66      17
     67      67       5
     67      67       6
     67      67       7
     67      67       8
     67      67       9
     67      67      10
     67      67      11
     67      67      12
     67      67      13
     67      67      14
     67      67      15
     67      67      16
     67      67      17
     67      68       5
     67      68       6
     67      68       7
     67      68       8
     67      68       9
     67      68      10
     67      68      11
     67      68      12
     67      68      13
     67      68      14
     67      68      15
     67      68      16
     67      68      17
     67      69       5
     67      69       6
     67      69       7
     67      69       8
     67      69       9
     67      69      10
     67      69      11
     67      69      12
     67      69      13
     67      69      14
     67      69      15
     67      69      16
     67      69      17
     67      70       5
     67      70       6
     67      70       7
     67      70       8
     67      70       9
     67      70      10
     67      70      11
     67      70      12
     67      70      13
     67      70      14
     67      70      15
     67      70      16
     67      70      17
     67      71       5
     67      71       6
     67      71       7
     67      71       8
     67      71       9
     67      71      10
     67      71      11
     67      71      12
     67      71      13
     67      71      14
     67      71      15
     67      71      16
     67      71      17
     67      72       5
     67      72       6
     67      72       7
     67      72       8
     67      72       9
     67      72      10
     67      72      11
     67      72      12
     67      72      13
     67      72      14
     67      72      15
     67      72      16
     67      72      17
     67      73       5
     67      73       6
     67      73       7
     67      73       8
     67      73       9
     67      73      10
     67      73      11
     67      73      12
     67      73      13
     67      73      14
     67      73      15
     67      73      16
     67      73      17
     67      74       5
     67      74       6
     67      74       7
     67      74       8
     67      74       9
     67      74      10
     67      74      11
     67      74      12
     67      74      13
     67      74      14
     67      74      15
     67      74      16
     67      74      17
     67      75       5
     67      75       6
     67      75       7
     67      75       8
     67      75       9
     67      75      10
     67      75      11
     67      75      12
     67      75      13
     67      75      14
     67      75      15
     67      75      16
     67      75      17
     67      76       5
     67      76       6
     67      76       7
     67      76       8
     67      76       9
     67      76      10
     67      76      11
     67      76      12
     67      76      13
     67      76      14
     67      76      15
     67      76      16
     67      76      17
     67      77       5
     67      77       6
     67      77       7
     67      77       8
     67      77       9
     67      77      10
     67      77      11
     67      77      12
     67      77      13
     67      77      14
     67      77      15
     67      77      16
     67      77      17
     67      78       5
     67      78       6
     67      78       7
     67      78       8
     67      78       9
     67      78      10
     67      78      11
     67      78      12
     67      78      13
     67      78      14
     67      78      15
     67      78      16
     67      78      17
     67      79       5
     67      79       6
     67      79       7
     67      79       8
     67      79       9
     67      79      10
     67      79      11
     67      79      12
     67      79      13
     67      79      14
     67      79      15
     67      79      16
     67      79      17
     67      80       5
     67      80       6
     67      80       7
     67      80       8
     67      80       9
     67      80      10
     67      80      11
     67      80      12
     67      80      13
     67      80      14
     67      80      15
     67      80      16
     67      80      17
     67      81       5
     67      81       6
     67      81       7
     67      81       8
     67      81       9
     67      81      10
     67      81      11
     67      81      12
     67      81      13
     67      81      14
     67      81      15
     67      81      16
     67      81      17
     67      82       5
     67      82       6
     67      82       7
     67      82       8
     67      82       9
     67      82      10
     67      82      11
     67      82      12
     67      82      13
     67      82      14
     67      82      15
     67      82      16
     67      82      17
     67      83       5
     67      83       6
     67      83       7
     67      83       8
     67      83       9
     67      83      10
     67      83      11
     67      83      12
     67      83      13
     67      83      14
     67      83      15
     67      83      16
     67      83      17
     67      84       5
     67      84       6
     67      84       7
     67      84       8
     67      84       9
     67      84      10
     67      84      11
     67      84      12
     67      84      13
     67      84      14
     67      84      15
     67      84      16
     67      84      17
     68      40       5
     68      40       6
     68      40       7
     68      40       8
     68      40       9
     68      40      10
     68      40      11
     68      40      12
     68      40      13
     68      40      14
     68      40      15
     68      40      16
     68      40      17
     68      41       5
     68      41       6
     68      41       7
     68      41       8
     68      41       9
     68      41      10
     68      41      11
     68      41      12
     68      41      13
     68      41      14
     68      41      15
     68      41      16
     68      41      17
     68      42       5
     68      42       6
     68      42       7
     68      42       8
     68      42       9
     68      42      10
     68      42      11
     68      42      12
     68      42      13
     68      42      14
     68      42      15
     68      42      16
     68      42      17
     68      43       5
     68      43       6
     68      43       7
     68      43       8
     68      43       9
     68      43      10
     68      43      11
     68      43      12
     68      43      13
     68      43      14
     68      43      15
     68      43      16
     68      43      17
     68      44       5
     68      44       6
     68      44       7
     68      44       8
     68      44       9
     68      44      10
     68      44      11
     68      44      12
     68      44      13
     68      44      14
     68      44      15
     68      44      16
     68      44      17
     68      45       5
     68      45       6
     68      45       7
     68      45       8
     68      45       9
     68      45      10
     68      45      11
     68      45      12
     68      45      13
     68      45      14
     68      45      15
     68      45      16
     68      45      17
     68      46       5
     68      46       6
     68      46       7
     68      46       8
     68      46       9
     68      46      10
     68      46      11
     68      46      12
     68      46      13
     68      46      14
     68      46      15
     68      46      16
     68      46      17
     68      47       5
     68      47       6
     68      47       7
     68      47       8
     68      47       9
     68      47      10
     68      47      11
     68      47      12
     68      47      13
     68      47      14
     68      47      15
     68      47      16
     68      47      17
     68      48       5
     68      48       6
     68      48       7
     68      48       8
     68      48       9
     68      48      10
     68      48      11
     68      48      12
     68      48      13
     68      48      14
     68      48      15
     68      48      16
     68      48      17
     68      49       5
     68      49       6
     68      49       7
     68      49       8
     68      49       9
     68      49      10
     68      49      11
     68      49      12
     68      49      13
     68      49      14
     68      49      15
     68      49      16
     68      49      17
     68      50       5
     68      50       6
     68      50       7
     68      50       8
     68      50       9
     68      50      10
     68      50      11
     68      50      12
     68      50      13
     68      50      14
     68      50      15
     68      50      16
     68      50      17
     68      51       5
     68      51       6
     68      51       7
     68      51       8
     68      51       9
     68      51      10
     68      51      11
     68      51      12
     68      51      13
     68      51      14
     68      51      15
     68      51      16
     68      51      17
     68      52       5
     68      52       6
     68      52       7
     68      52       8
     68      52       9
     68      52      10
     68      52      11
     68      52      12
     68      52      13
     68      52      14
     68      52      15
     68      52      16
     68      52      17
     68      53       5
     68      53       6
     68      53       7
     68      53       8
     68      53       9
     68      53      10
     68      53      11
     68      53      12
     68      53      13
     68      53      14
     68      53      15
     68      53      16
     68      53      17
     68      54       5
     68      54       6
     68      54       7
     68      54       8
     68      54       9
     68      54      10
     68      54      11
     68      54      12
     68      54      13
     68      54      14
     68      54      15
     68      54      16
     68      54      17
     68      55       5
     68      55       6
     68      55       7
     68      55       8
     68      55       9
     68      55      10
     68      55      11
     68      55      12
     68      55      13
     68      55      14
     68      55      15
     68      55      16
     68      55      17
     68      56       5
     68      56       6
     68      56       7
     68      56       8
     68      56       9
     68      56      10
     68      56      11
     68      56      12
     68      56      13
     68      56      14
     68      56      15
     68      56      16
     68      56      17
     68      57       5
     68      57       6
     68      57       7
     68      57       8
     68      57       9
     68      57      10
     68      57      11
     68      57      12
     68      57      13
     68      57      14
     68      57      15
     68      57      16
     68      57      17
     68      58       5
     68      58       6
     68      58       7
     68      58       8
     68      58       9
     68      58      10
     68      58      11
     68      58      12
     68      58      13
     68      58      14
     68      58      15
     68      58      16
     68      58      17
     68      59       5
     68      59       6
     68      59       7
     68      59       8
     68      59       9
     68      59      10
     68      59      11
     68      59      12
     68      59      13
     68      59      14
     68      59      15
     68      59      16
     68      59      17
     68      60       5
     68      60       6
     68      60       7
     68      60       8
     68      60       9
     68      60      10
     68      60      11
     68      60      12
     68      60      13
     68      60      14
     68      60      15
     68      60      16
     68      60      17
     68      61       5
     68      61       6
     68      61       7
     68      61       8
     68      61       9
     68      61      10
     68      61      11
     68      61      12
     68      61      13
     68      61      14
     68      61      15
     68      61      16
     68      61      17
     68      62       5
     68      62       6
     68      62       7
     68      62       8
     68      62       9
     68      62      10
     68      62      11
     68      62      12
     68      62      13
     68      62      14
     68      62      15
     68      62      16
     68      62      17
     68      63       5
     68      63       6
     68      63       7
     68      63       8
     68      63       9
     68      63      10
     68      63      11
     68      63      12
     68      63      13
     68      63      14
     68      63      15
     68      63      16
     68      63      17
     68      64       5
     68      64       6
     68      64       7
     68      64       8
     68      64       9
     68      64      10
     68      64      11
     68      64      12
     68      64      13
     68      64      14
     68      64      15
     68      64      16
     68      64      17
     68      65       5
     68      65       6
     68      65       7
     68      65       8
     68      65       9
     68      65      10
     68      65      11
     68      65      12
     68      65      13
     68      65      14
     68      65      15
     68      65      16
     68      65      17
     68      66       5
     68      66       6
     68      66       7
     68      66       8
     68      66       9
     68      66      10
     68      66      11
     68      66      12
     68      66      13
     68      66      14
     68      66      15
     68      66      16
     68      66      17
     68      67       5
     68      67       6
     68      67       7
     68      67       8
     68      67       9
     68      67      10
     68      67      11
     68      67      12
     68      67      13
     68      67      14
     68      67      15
     68      67      16
     68      67      17
     68      68       5
     68      68       6
     68      68       7
     68      68       8
     68      68       9
     68      68      10
     68      68      11
     68      68      12
     68      68      13
     68      68      14
     68      68      15
     68      68      16
     68      68      17
     68      69       5
     68      69       6
     68      69       7
     68      69       8
     68      69       9
     68      69      10
     68      69      11
     68      69      12
     68      69      13
     68      69      14
     68      69      15
     68      69      16
     68      69      17
     68      70       5
     68      70       6
     68      70       7
     68      70       8
     68      70       9
     68      70      10
     68      70      11
     68      70      12
     68      70      13
     68      70      14
     68      70      15
     68      70      16
     68      70      17
     68      71       5
     68      71       6
     68      71       7
     68      71       8
     68      71       9
     68      71      10
     68      71      11
     68      71      12
     68      71      13
     68      71      14
     68      71      15
     68      71      16
     68      71      17
     68      72       5
     68      72       6
     68      72       7
     68      72       8
     68      72       9
     68      72      10
     68      72      11
     68      72      12
     68      72      13
     68      72      14
     68      72      15
     68      72      16
     68      72      17
     68      73       5
     68      73       6
     68      73       7
     68      73       8
     68      73       9
     68      73      10
     68      73      11
     68      73      12
     68      73      13
     68      73      14
     68      73      15
     68      73      16
     68      73      17
     68      74       5
     68      74       6
     68      74       7
     68      74       8
     68      74       9
     68      74      10
     68      74      11
     68      74      12
     68      74      13
     68      74      14
     68      74      15
     68      74      16
     68      74      17
     68      75       5
     68      75       6
     68      75       7
     68      75       8
     68      75       9
     68      75      10
     68      75      11
     68      75      12
     68      75      13
     68      75      14
     68      75      15
     68      75      16
     68      75      17
     68      76       5
     68      76       6
     68      76       7
     68      76       8
     68      76       9
     68      76      10
     68      76      11
     68      76      12
     68      76      13
     68      76      14
     68      76      15
     68      76      16
     68      76      17
     68      77       5
     68      77       6
     68      77       7
     68      77       8
     68      77       9
     68      77      10
     68      77      11
     68      77      12
     68      77      13
     68      77      14
     68      77      15
     68      77      16
     68      77      17
     68      78       5
     68      78       6
     68      78       7
     68      78       8
     68      78       9
     68      78      10
     68      78      11
     68      78      12
     68      78      13
     68      78      14
     68      78      15
     68      78      16
     68      78      17
     68      79       5
     68      79       6
     68      79       7
     68      79       8
     68      79       9
     68      79      10
     68      79      11
     68      79      12
     68      79      13
     68      79      14
     68      79      15
     68      79      16
     68      79      17
     68      80       5
     68      80       6
     68      80       7
     68      80       8
     68      80       9
     68      80      10
     68      80      11
     68      80      12
     68      80      13
     68      80      14
     68      80      15
     68      80      16
     68      80      17
     68      81       5
     68      81       6
     68      81       7
     68      81       8
     68      81       9
     68      81      10
     68      81      11
     68      81      12
     68      81      13
     68      81      14
     68      81      15
     68      81      16
     68      81      17
     68      82       5
     68      82       6
     68      82       7
     68      82       8
     68      82       9
     68      82      10
     68      82      11
     68      82      12
     68      82      13
     68      82      14
     68      82      15
     68      82      16
     68      82      17
     68      83       5
     68      83       6
     68      83       7
     68      83       8
     68      83       9
     68      83      10
     68      83      11
     68      83      12
     68      83      13
     68      83      14
     68      83      15
     68      83      16
     68      83      17
     68      84       5
     68      84       6
     68      84       7
     68      84       8
     68      84       9
     68      84      10
     68      84      11
     68      84      12
     68      84      13
     68      84      14
     68      84      15
     68      84      16
     68      84      17
     69      40       5
     69      40       6
     69      40       7
     69      40       8
     69      40       9
     69      40      10
     69      40      11
     69      40      12
     69      40      13
     69      40      14
     69      40      15
     69      40      16
     69      40      17
     69      41       5
     69      41       6
     69      41       7
     69      41       8
     69      41       9
     69      41      10
     69      41      11
     69      41      12
     69      41      13
     69      41      14
     69      41      15
     69      41      16
     69      41      17
     69      42       5
     69      42       6
     69      42       7
     69      42       8
     69      42       9
     69      42      10
     69      42      11
     69      42      12
     69      42      13
     69      42      14
     69      42      15
     69      42      16
     69      42      17
     69      43       5
     69      43       6
     69      43       7
     69      43       8
     69      43       9
     69      43      10
     69      43      11
     69      43      12
     69      43      13
     69      43      14
     69      43      15
     69      43      16
     69      43      17
     69      44       5
     69      44       6
     69      44       7
     69      44       8
     69      44       9
     69      44      10
     69      44      11
     69      44      12
     69      44      13
     69      44      14
     69      44      15
     69      44      16
     69      44      17
     69      45       5
     69      45       6
     69      45       7
     69      45       8
     69      45       9
     69      45      10
     69      45      11
     69      45      12
     69      45      13
     69      45      14
     69      45      15
     69      45      16
     69      45      17
     69      46       5
     69      46       6
     69      46       7
     69      46       8
     69      46       9
     69      46      10
     69      46      11
     69      46      12
     69      46      13
     69      46      14
     69      46      15
     69      46      16
     69      46      17
     69      47       5
     69      47       6
     69      47       7
     69      47       8
     69      47       9
     69      47      10
     69      47      11
     69      47      12
     69      47      13
     69      47      14
     69      47      15
     69      47      16
     69      47      17
     69      48       5
     69      48       6
     69      48       7
     69      48       8
     69      48       9
     69      48      10
     69      48      11
     69      48      12
     69      48      13
     69      48      14
     69      48      15
     69      48      16
     69      48      17
     69      49       5
     69      49       6
     69      49       7
     69      49       8
     69      49       9
     69      49      10
     69      49      11
     69      49      12
     69      49      13
     69      49      14
     69      49      15
     69      49      16
     69      49      17
     69      50       5
     69      50       6
     69      50       7
     69      50       8
     69      50       9
     69      50      10
     69      50      11
     69      50      12
     69      50      13
     69      50      14
     69      50      15
     69      50      16
     69      50      17
     69      51       5
     69      51       6
     69      51       7
     69      51       8
     69      51       9
     69      51      10
     69      51      11
     69      51      12
     69      51      13
     69      51      14
     69      51      15
     69      51      16
     69      51      17
     69      52       5
     69      52       6
     69      52       7
     69      52       8
     69      52       9
     69      52      10
     69      52      11
     69      52      12
     69      52      13
     69      52      14
     69      52      15
     69      52      16
     69      52      17
     69      53       5
     69      53       6
     69      53       7
     69      53       8
     69      53       9
     69      53      10
     69      53      11
     69      53      12
     69      53      13
     69      53      14
     69      53      15
     69      53      16
     69      53      17
     69      54       5
     69      54       6
     69      54       7
     69      54       8
     69      54       9
     69      54      10
     69      54      11
     69      54      12
     69      54      13
     69      54      14
     69      54      15
     69      54      16
     69      54      17
     69      55       5
     69      55       6
     69      55       7
     69      55       8
     69      55       9
     69      55      10
     69      55      11
     69      55      12
     69      55      13
     69      55      14
     69      55      15
     69      55      16
     69      55      17
     69      56       5
     69      56       6
     69      56       7
     69      56       8
     69      56       9
     69      56      10
     69      56      11
     69      56      12
     69      56      13
     69      56      14
     69      56      15
     69      56      16
     69      56      17
     69      57       5
     69      57       6
     69      57       7
     69      57       8
     69      57       9
     69      57      10
     69      57      11
     69      57      12
     69      57      13
     69      57      14
     69      57      15
     69      57      16
     69      57      17
     69      58       5
     69      58       6
     69      58       7
     69      58       8
     69      58       9
     69      58      10
     69      58      11
     69      58      12
     69      58      13
     69      58      14
     69      58      15
     69      58      16
     69      58      17
     69      59       5
     69      59       6
     69      59       7
     69      59       8
     69      59       9
     69      59      10
     69      59      11
     69      59      12
     69      59      13
     69      59      14
     69      59      15
     69      59      16
     69      59      17
     69      60       5
     69      60       6
     69      60       7
     69      60       8
     69      60       9
     69      60      10
     69      60      11
     69      60      12
     69      60      13
     69      60      14
     69      60      15
     69      60      16
     69      60      17
     69      61       5
     69      61       6
     69      61       7
     69      61       8
     69      61       9
     69      61      10
     69      61      11
     69      61      12
     69      61      13
     69      61      14
     69      61      15
     69      61      16
     69      61      17
     69      62       5
     69      62       6
     69      62       7
     69      62       8
     69      62       9
     69      62      10
     69      62      11
     69      62      12
     69      62      13
     69      62      14
     69      62      15
     69      62      16
     69      62      17
     69      63       5
     69      63       6
     69      63       7
     69      63       8
     69      63       9
     69      63      10
     69      63      11
     69      63      12
     69      63      13
     69      63      14
     69      63      15
     69      63      16
     69      63      17
     69      64       5
     69      64       6
     69      64       7
     69      64       8
     69      64       9
     69      64      10
     69      64      11
     69      64      12
     69      64      13
     69      64      14
     69      64      15
     69      64      16
     69      64      17
     69      65       5
     69      65       6
     69      65       7
     69      65       8
     69      65       9
     69      65      10
     69      65      11
     69      65      12
     69      65      13
     69      65      14
     69      65      15
     69      65      16
     69      65      17
     69      66       5
     69      66       6
     69      66       7
     69      66       8
     69      66       9
     69      66      10
     69      66      11
     69      66      12
     69      66      13
     69      66      14
     69      66      15
     69      66      16
     69      66      17
     69      67       5
     69      67       6
     69      67       7
     69      67       8
     69      67       9
     69      67      10
     69      67      11
     69      67      12
     69      67      13
     69      67      14
     69      67      15
     69      67      16
     69      67      17
     69      68       5
     69      68       6
     69      68       7
     69      68       8
     69      68       9
     69      68      10
     69      68      11
     69      68      12
     69      68      13
     69      68      14
     69      68      15
     69      68      16
     69      68      17
     69      69       5
     69      69       6
     69      69       7
     69      69       8
     69      69       9
     69      69      10
     69      69      11
     69      69      12
     69      69      13
     69      69      14
     69      69      15
     69      69      16
     69      69      17
     69      70       5
     69      70       6
     69      70       7
     69      70       8
     69      70       9
     69      70      10
     69      70      11
     69      70      12
     69      70      13
     69      70      14
     69      70      15
     69      70      16
     69      70      17
     69      71       5
     69      71       6
     69      71       7
     69      71       8
     69      71       9
     69      71      10
     69      71      11
     69      71      12
     69      71      13
     69      71      14
     69      71      15
     69      71      16
     69      71      17
     69      72       5
     69      72       6
     69      72       7
     69      72       8
     69      72       9
     69      72      10
     69      72      11
     69      72      12
     69      72      13
     69      72      14
     69      72      15
     69      72      16
     69      72      17
     69      73       5
     69      73       6
     69      73       7
     69      73       8
     69      73       9
     69      73      10
     69      73      11
     69      73      12
     69      73      13
     69      73      14
     69      73      15
     69      73      16
     69      73      17
     69      74       5
     69      74       6
     69      74       7
     69      74       8
     69      74       9
     69      74      10
     69      74      11
     69      74      12
     69      74      13
     69      74      14
     69      74      15
     69      74      16
     69      74      17
     69      75       5
     69      75       6
     69      75       7
     69      75       8
     69      75       9
     69      75      10
     69      75      11
     69      75      12
     69      75      13
     69      75      14
     69      75      15
     69      75      16
     69      75      17
     69      76       5
     69      76       6
     69      76       7
     69      76       8
     69      76       9
     69      76      10
     69      76      11
     69      76      12
     69      76      13
     69      76      14
     69      76      15
     69      76      16
     69      76      17
     69      77       5
     69      77       6
     69      77       7
     69      77       8
     69      77       9
     69      77      10
     69      77      11
     69      77      12
     69      77      13
     69      77      14
     69      77      15
     69      77      16
     69      77      17
     69      78       5
     69      78       6
     69      78       7
     69      78       8
     69      78       9
     69      78      10
     69      78      11
     69      78      12
     69      78      13
     69      78      14
     69      78      15
     69      78      16
     69      78      17
     69      79       5
     69      79       6
     69      79       7
     69      79       8
     69      79       9
     69      79      10
     69      79      11
     69      79      12
     69      79      13
     69      79      14
     69      79      15
     69      79      16
     69      79      17
     69      80       5
     69      80       6
     69      80       7
     69      80       8
     69      80       9
     69      80      10
     69      80      11
     69      80      12
     69      80      13
     69      80      14
     69      80      15
     69      80      16
     69      80      17
     69      81       5
     69      81       6
     69      81       7
     69      81       8
     69      81       9
     69      81      10
     69      81      11
     69      81      12
     69      81      13
     69      81      14
     69      81      15
     69      81      16
     69      81      17
     69      82       5
     69      82       6
     69      82       7
     69      82       8
     69      82       9
     69      82      10
     69      82      11
     69      82      12
     69      82      13
     69      82      14
     69      82      15
     69      82      16
     69      82      17
     69      83       5
     69      83       6
     69      83       7
     69      83       8
     69      83       9
     69      83      10
     69      83      11
     69      83      12
     69      83      13
     69      83      14
     69      83      15
     69      83      16
     69      83      17
     69      84       5
     69      84       6
     69      84       7
     69      84       8
     69      84       9
     69      84      10
     69      84      11
     69      84      12
     69      84      13
     69      84      14
     69      84      15
     69      84      16
     69      84      17
     70      40       5
     70      40       6
     70      40       7
     70      40       8
     70      40       9
     70      40      10
     70      40      11
     70      40      12
     70      40      13
     70      40      14
     70      40      15
     70      40      16
     70      40      17
     70      41       5
     70      41       6
     70      41       7
     70      41       8
     70      41       9
     70      41      10
     70      41      11
     70      41      12
     70      41      13
     70      41      14
     70      41      15
     70      41      16
     70      41      17
     70      42       5
     70      42       6
     70      42       7
     70      42       8
     70      42       9
     70      42      10
     70      42      11
     70      42      12
     70      42      13
     70      42      14
     70      42      15
     70      42      16
     70      42      17
     70      43       5
     70      43       6
     70      43       7
     70      43       8
     70      43       9
     70      43      10
     70      43      11
     70      43      12
     70      43      13
     70      43      14
     70      43      15
     70      43      16
     70      43      17
     70      44       5
     70      44       6
     70      44       7
     70      44       8
     70      44       9
     70      44      10
     70      44      11
     70      44      12
     70      44      13
     70      44      14
     70      44      15
     70      44      16
     70      44      17
     70      45       5
     70      45       6
     70      45       7
     70      45       8
     70      45       9
     70      45      10
     70      45      11
     70      45      12
     70      45      13
     70      45      14
     70      45      15
     70      45      16
     70      45      17
     70      46       5
     70      46       6
     70      46       7
     70      46       8
     70      46       9
     70      46      10
     70      46      11
     70      46      12
     70      46      13
     70      46      14
     70      46      15
     70      46      16
     70      46      17
     70      47       5
     70      47       6
     70      47       7
     70      47       8
     70      47       9
     70      47      10
     70      47      11
     70      47      12
     70      47      13
     70      47      14
     70      47      15
     70      47      16
     70      47      17
     70      48       5
     70      48       6
     70      48       7
     70      48       8
     70      48       9
     70      48      10
     70      48      11
     70      48      12
     70      48      13
     70      48      14
     70      48      15
     70      48      16
     70      48      17
     70      49       5
     70      49       6
     70      49       7
     70      49       8
     70      49       9
     70      49      10
     70      49      11
     70      49      12
     70      49      13
     70      49      14
     70      49      15
     70      49      16
     70      49      17
     70      50       5
     70      50       6
     70      50       7
     70      50       8
     70      50       9
     70      50      10
     70      50      11
     70      50      12
     70      50      13
     70      50      14
     70      50      15
     70      50      16
     70      50      17
     70      51       5
     70      51       6
     70      51       7
     70      51       8
     70      51       9
     70      51      10
     70      51      11
     70      51      12
     70      51      13
     70      51      14
     70      51      15
     70      51      16
     70      51      17
     70      52       5
     70      52       6
     70      52       7
     70      52       8
     70      52       9
     70      52      10
     70      52      11
     70      52      12
     70      52      13
     70      52      14
     70      52      15
     70      52      16
     70      52      17
     70      53       5
     70      53       6
     70      53       7
     70      53       8
     70      53       9
     70      53      10
     70      53      11
     70      53      12
     70      53      13
     70      53      14
     70      53      15
     70      53      16
     70      53      17
     70      54       5
     70      54       6
     70      54       7
     70      54       8
     70      54       9
     70      54      10
     70      54      11
     70      54      12
     70      54      13
     70      54      14
     70      54      15
     70      54      16
     70      54      17
     70      55       5
     70      55       6
     70      55       7
     70      55       8
     70      55       9
     70      55      10
     70      55      11
     70      55      12
     70      55      13
     70      55      14
     70      55      15
     70      55      16
     70      55      17
     70      56       5
     70      56       6
     70      56       7
     70      56       8
     70      56       9
     70      56      10
     70      56      11
     70      56      12
     70      56      13
     70      56      14
     70      56      15
     70      56      16
     70      56      17
     70      57       5
     70      57       6
     70      57       7
     70      57       8
     70      57       9
     70      57      10
     70      57      11
     70      57      12
     70      57      13
     70      57      14
     70      57      15
     70      57      16
     70      57      17
     70      58       5
     70      58       6
     70      58       7
     70      58       8
     70      58       9
     70      58      10
     70      58      11
     70      58      12
     70      58      13
     70      58      14
     70      58      15
     70      58      16
     70      58      17
     70      59       5
     70      59       6
     70      59       7
     70      59       8
     70      59       9
     70      59      10
     70      59      11
     70      59      12
     70      59      13
     70      59      14
     70      59      15
     70      59      16
     70      59      17
     70      60       5
     70      60       6
     70      60       7
     70      60       8
     70      60       9
     70      60      10
     70      60      11
     70      60      12
     70      60      13
     70      60      14
     70      60      15
     70      60      16
     70      60      17
     70      61       5
     70      61       6
     70      61       7
     70      61       8
     70      61       9
     70      61      10
     70      61      11
     70      61      12
     70      61      13
     70      61      14
     70      61      15
     70      61      16
     70      61      17
     70      62       5
     70      62       6
     70      62       7
     70      62       8
     70      62       9
     70      62      10
     70      62      11
     70      62      12
     70      62      13
     70      62      14
     70      62      15
     70      62      16
     70      62      17
     70      63       5
     70      63       6
     70      63       7
     70      63       8
     70      63       9
     70      63      10
     70      63      11
     70      63      12
     70      63      13
     70      63      14
     70      63      15
     70      63      16
     70      63      17
     70      64       5
     70      64       6
     70      64       7
     70      64       8
     70      64       9
     70      64      10
     70      64      11
     70      64      12
     70      64      13
     70      64      14
     70      64      15
     70      64      16
     70      64      17
     70      65       5
     70      65       6
     70      65       7
     70      65       8
     70      65       9
     70      65      10
     70      65      11
     70      65      12
     70      65      13
     70      65      14
     70      65      15
     70      65      16
     70      65      17
     70      66       5
     70      66       6
     70      66       7
     70      66       8
     70      66       9
     70      66      10
     70      66      11
     70      66      12
     70      66      13
     70      66      14
     70      66      15
     70      66      16
     70      66      17
     70      67       5
     70      67       6
     70      67       7
     70      67       8
     70      67       9
     70      67      10
     70      67      11
     70      67      12
     70      67      13
     70      67      14
     70      67      15
     70      67      16
     70      67      17
     70      68       5
     70      68       6
     70      68       7
     70      68       8
     70      68       9
     70      68      10
     70      68      11
     70      68      12
     70      68      13
     70      68      14
     70      68      15
     70      68      16
     70      68      17
     70      69       5
     70      69       6
     70      69       7
     70      69       8
     70      69       9
     70      69      10
     70      69      11
     70      69      12
     70      69      13
     70      69      14
     70      69      15
     70      69      16
     70      69      17
     70      70       5
     70      70       6
     70      70       7
     70      70       8
     70      70       9
     70      70      10
     70      70      11
     70      70      12
     70      70      13
     70      70      14
     70      70      15
     70      70      16
     70      70      17
     70      71       5
     70      71       6
     70      71       7
     70      71       8
     70      71       9
     70      71      10
     70      71      11
     70      71      12
     70      71      13
     70      71      14
     70      71      15
     70      71      16
     70      71      17
     70      72       5
     70      72       6
     70      72       7
     70      72       8
     70      72       9
     70      72      10
     70      72      11
     70      72      12
     70      72      13
     70      72      14
     70      72      15
     70      72      16
     70      72      17
     70      73       5
     70      73       6
     70      73       7
     70      73       8
     70      73       9
     70      73      10
     70      73      11
     70      73      12
     70      73      13
     70      73      14
     70      73      15
     70      73      16
     70      73      17
     70      74       5
     70      74       6
     70      74       7
     70      74       8
     70      74       9
     70      74      10
     70      74      11
     70      74      12
     70      74      13
     70      74      14
     70      74      15
     70      74      16
     70      74      17
     70      75       5
     70      75       6
     70      75       7
     70      75       8
     70      75       9
     70      75      10
     70      75      11
     70      75      12
     70      75      13
     70      75      14
     70      75      15
     70      75      16
     70      75      17
     70      76       5
     70      76       6
     70      76       7
     70      76       8
     70      76       9
     70      76      10
     70      76      11
     70      76      12
     70      76      13
     70      76      14
     70      76      15
     70      76      16
     70      76      17
     70      77       5
     70      77       6
     70      77       7
     70      77       8
     70      77       9
     70      77      10
     70      77      11
     70      77      12
     70      77      13
     70      77      14
     70      77      15
     70      77      16
     70      77      17
     70      78       5
     70      78       6
     70      78       7
     70      78       8
     70      78       9
     70      78      10
     70      78      11
     70      78      12
     70      78      13
     70      78      14
     70      78      15
     70      78      16
     70      78      17
     70      79       5
     70      79       6
     70      79       7
     70      79       8
     70      79       9
     70      79      10
     70      79      11
     70      79      12
     70      79      13
     70      79      14
     70      79      15
     70      79      16
     70      79      17
     70      80       5
     70      80       6
     70      80       7
     70      80       8
     70      80       9
     70      80      10
     70      80      11
     70      80      12
     70      80      13
     70      80      14
     70      80      15
     70      80      16
     70      80      17
     70      81       5
     70      81       6
     70      81       7
     70      81       8
     70      81       9
     70      81      10
     70      81      11
     70      81      12
     70      81      13
     70      81      14
     70      81      15
     70      81      16
     70      81      17
     70      82       5
     70      82       6
     70      82       7
     70      82       8
     70      82       9
     70      82      10
     70      82      11
     70      82      12
     70      82      13
     70      82      14
     70      82      15
     70      82      16
     70      82      17
     70      83       5
     70      83       6
     70      83       7
     70      83       8
     70      83       9
     70      83      10
     70      83      11
     70      83      12
     70      83      13
     70      83      14
     70      83      15
     70      83      16
     70      83      17
     70      84       5
     70      84       6
     70      84       7
     70      84       8
     70      84       9
     70      84      10
     70      84      11
     70      84      12
     70      84      13
     70      84      14
     70      84      15
     70      84      16
     70      84      17
     71      40       5
     71      40       6
     71      40       7
     71      40       8
     71      40       9
     71      40      10
     71      40      11
     71      40      12
     71      40      13
     71      40      14
     71      40      15
     71      40      16
     71      40      17
     71      41       5
     71      41       6
     71      41       7
     71      41       8
     71      41       9
     71      41      10
     71      41      11
     71      41      12
     71      41      13
     71      41      14
     71      41      15
     71      41      16
     71      41      17
     71      42       5
     71      42       6
     71      42       7
     71      42       8
     71      42       9
     71      42      10
     71      42      11
     71      42      12
     71      42      13
     71      42      14
     71      42      15
     71      42      16
     71      42      17
     71      43       5
     71      43       6
     71      43       7
     71      43       8
     71      43       9
     71      43      10
     71      43      11
     71      43      12
     71      43      13
     71      43      14
     71      43      15
     71      43      16
     71      43      17
     71      44       5
     71      44       6
     71      44       7
     71      44       8
     71      44       9
     71      44      10
     71      44      11
     71      44      12
     71      44      13
     71      44      14
     71      44      15
     71      44      16
     71      44      17
     71      45       5
     71      45       6
     71      45       7
     71      45       8
     71      45       9
     71      45      10
     71      45      11
     71      45      12
     71      45      13
     71      45      14
     71      45      15
     71      45      16
     71      45      17
     71      46       5
     71      46       6
     71      46       7
     71      46       8
     71      46       9
     71      46      10
     71      46      11
     71      46      12
     71      46      13
     71      46      14
     71      46      15
     71      46      16
     71      46      17
     71      47       5
     71      47       6
     71      47       7
     71      47       8
     71      47       9
     71      47      10
     71      47      11
     71      47      12
     71      47      13
     71      47      14
     71      47      15
     71      47      16
     71      47      17
     71      48       5
     71      48       6
     71      48       7
     71      48       8
     71      48       9
     71      48      10
     71      48      11
     71      48      12
     71      48      13
     71      48      14
     71      48      15
     71      48      16
     71      48      17
     71      49       5
     71      49       6
     71      49       7
     71      49       8
     71      49       9
     71      49      10
     71      49      11
     71      49      12
     71      49      13
     71      49      14
     71      49      15
     71      49      16
     71      49      17
     71      50       5
     71      50       6
     71      50       7
     71      50       8
     71      50       9
     71      50      10
     71      50      11
     71      50      12
     71      50      13
     71      50      14
     71      50      15
     71      50      16
     71      50      17
     71      51       5
     71      51       6
     71      51       7
     71      51       8
     71      51       9
     71      51      10
     71      51      11
     71      51      12
     71      51      13
     71      51      14
     71      51      15
     71      51      16
     71      51      17
     71      52       5
     71      52       6
     71      52       7
     71      52       8
     71      52       9
     71      52      10
     71      52      11
     71      52      12
     71      52      13
     71      52      14
     71      52      15
     71      52      16
     71      52      17
     71      53       5
     71      53       6
     71      53       7
     71      53       8
     71      53       9
     71      53      10
     71      53      11
     71      53      12
     71      53      13
     71      53      14
     71      53      15
     71      53      16
     71      53      17
     71      54       5
     71      54       6
     71      54       7
     71      54       8
     71      54       9
     71      54      10
     71      54      11
     71      54      12
     71      54      13
     71      54      14
     71      54      15
     71      54      16
     71      54      17
     71      55       5
     71      55       6
     71      55       7
     71      55       8
     71      55       9
     71      55      10
     71      55      11
     71      55      12
     71      55      13
     71      55      14
     71      55      15
     71      55      16
     71      55      17
     71      56       5
     71      56       6
     71      56       7
     71      56       8
     71      56       9
     71      56      10
     71      56      11
     71      56      12
     71      56      13
     71      56      14
     71      56      15
     71      56      16
     71      56      17
     71      57       5
     71      57       6
     71      57       7
     71      57       8
     71      57       9
     71      57      10
     71      57      11
     71      57      12
     71      57      13
     71      57      14
     71      57      15
     71      57      16
     71      57      17
     71      58       5
     71      58       6
     71      58       7
     71      58       8
     71      58       9
     71      58      10
     71      58      11
     71      58      12
     71      58      13
     71      58      14
     71      58      15
     71      58      16
     71      58      17
     71      59       5
     71      59       6
     71      59       7
     71      59       8
     71      59       9
     71      59      10
     71      59      11
     71      59      12
     71      59      13
     71      59      14
     71      59      15
     71      59      16
     71      59      17
     71      60       5
     71      60       6
     71      60       7
     71      60       8
     71      60       9
     71      60      10
     71      60      11
     71      60      12
     71      60      13
     71      60      14
     71      60      15
     71      60      16
     71      60      17
     71      61       5
     71      61       6
     71      61       7
     71      61       8
     71      61       9
     71      61      10
     71      61      11
     71      61      12
     71      61      13
     71      61      14
     71      61      15
     71      61      16
     71      61      17
     71      62       5
     71      62       6
     71      62       7
     71      62       8
     71      62       9
     71      62      10
     71      62      11
     71      62      12
     71      62      13
     71      62      14
     71      62      15
     71      62      16
     71      62      17
     71      63       5
     71      63       6
     71      63       7
     71      63       8
     71      63       9
     71      63      10
     71      63      11
     71      63      12
     71      63      13
     71      63      14
     71      63      15
     71      63      16
     71      63      17
     71      64       5
     71      64       6
     71      64       7
     71      64       8
     71      64       9
     71      64      10
     71      64      11
     71      64      12
     71      64      13
     71      64      14
     71      64      15
     71      64      16
     71      64      17
     71      65       5
     71      65       6
     71      65       7
     71      65       8
     71      65       9
     71      65      10
     71      65      11
     71      65      12
     71      65      13
     71      65      14
     71      65      15
     71      65      16
     71      65      17
     71      66       5
     71      66       6
     71      66       7
     71      66       8
     71      66       9
     71      66      10
     71      66      11
     71      66      12
     71      66      13
     71      66      14
     71      66      15
     71      66      16
     71      66      17
     71      67       5
     71      67       6
     71      67       7
     71      67       8
     71      67       9
     71      67      10
     71      67      11
     71      67      12
     71      67      13
     71      67      14
     71      67      15
     71      67      16
     71      67      17
     71      68       5
     71      68       6
     71      68       7
     71      68       8
     71      68       9
     71      68      10
     71      68      11
     71      68      12
     71      68      13
     71      68      14
     71      68      15
     71      68      16
     71      68      17
     71      69       5
     71      69       6
     71      69       7
     71      69       8
     71      69       9
     71      69      10
     71      69      11
     71      69      12
     71      69      13
     71      69      14
     71      69      15
     71      69      16
     71      69      17
     71      70       5
     71      70       6
     71      70       7
     71      70       8
     71      70       9
     71      70      10
     71      70      11
     71      70      12
     71      70      13
     71      70      14
     71      70      15
     71      70      16
     71      70      17
     71      71       5
     71      71       6
     71      71       7
     71      71       8
     71      71       9
     71      71      10
     71      71      11
     71      71      12
     71      71      13
     71      71      14
     71      71      15
     71      71      16
     71      71      17
     71      72       5
     71      72       6
     71      72       7
     71      72       8
     71      72       9
     71      72      10
     71      72      11
     71      72      12
     71      72      13
     71      72      14
     71      72      15
     71      72      16
     71      72      17
     71      73       5
     71      73       6
     71      73       7
     71      73       8
     71      73       9
     71      73      10
     71      73      11
     71      73      12
     71      73      13
     71      73      14
     71      73      15
     71      73      16
     71      73      17
     71      74       5
     71      74       6
     71      74       7
     71      74       8
     71      74       9
     71      74      10
     71      74      11
     71      74      12
     71      74      13
     71      74      14
     71      74      15
     71      74      16
     71      74      17
     71      75       5
     71      75       6
     71      75       7
     71      75       8
     71      75       9
     71      75      10
     71      75      11
     71      75      12
     71      75      13
     71      75      14
     71      75      15
     71      75      16
     71      75      17
     71      76       5
     71      76       6
     71      76       7
     71      76       8
     71      76       9
     71      76      10
     71      76      11
     71      76      12
     71      76      13
     71      76      14
     71      76      15
     71      76      16
     71      76      17
     71      77       5
     71      77       6
     71      77       7
     71      77       8
     71      77       9
     71      77      10
     71      77      11
     71      77      12
     71      77      13
     71      77      14
     71      77      15
     71      77      16
     71      77      17
     71      78       5
     71      78       6
     71      78       7
     71      78       8
     71      78       9
     71      78      10
     71      78      11
     71      78      12
     71      78      13
     71      78      14
     71      78      15
     71      78      16
     71      78      17
     71      79       5
     71      79       6
     71      79       7
     71      79       8
     71      79       9
     71      79      10
     71      79      11
     71      79      12
     71      79      13
     71      79      14
     71      79      15
     71      79      16
     71      79      17
     71      80       5
     71      80       6
     71      80       7
     71      80       8
     71      80       9
     71      80      10
     71      80      11
     71      80      12
     71      80      13
     71      80      14
     71      80      15
     71      80      16
     71      80      17
     71      81       5
     71      81       6
     71      81       7
     71      81       8
     71      81       9
     71      81      10
     71      81      11
     71      81      12
     71      81      13
     71      81      14
     71      81      15
     71      81      16
     71      81      17
     71      82       5
     71      82       6
     71      82       7
     71      82       8
     71      82       9
     71      82      10
     71      82      11
     71      82      12
     71      82      13
     71      82      14
     71      82      15
     71      82      16
     71      82      17
     71      83       5
     71      83       6
     71      83       7
     71      83       8
     71      83       9
     71      83      10
     71      83      11
     71      83      12
     71      83      13
     71      83      14
     71      83      15
     71      83      16
     71      83      17
     71      84       5
     71      84       6
     71      84       7
     71      84       8
     71      84       9
     71      84      10
     71      84      11
     71      84      12
     71      84      13
     71      84      14
     71      84      15
     71      84      16
     71      84      17
     72      40       5
     72      40       6
     72      40       7
     72      40       8
     72      40       9
     72      40      10
     72      40      11
     72      40      12
     72      40      13
     72      40      14
     72      40      15
     72      40      16
     72      40      17
     72      41       5
     72      41       6
     72      41       7
     72      41       8
     72      41       9
     72      41      10
     72      41      11
     72      41      12
     72      41      13
     72      41      14
     72      41      15
     72      41      16
     72      41      17
     72      42       5
     72      42       6
     72      42       7
     72      42       8
     72      42       9
     72      42      10
     72      42      11
     72      42      12
     72      42      13
     72      42      14
     72      42      15
     72      42      16
     72      42      17
     72      43       5
     72      43       6
     72      43       7
     72      43       8
     72      43       9
     72      43      10
     72      43      11
     72      43      12
     72      43      13
     72      43      14
     72      43      15
     72      43      16
     72      43      17
     72      44       5
     72      44       6
     72      44       7
     72      44       8
     72      44       9
     72      44      10
     72      44      11
     72      44      12
     72      44      13
     72      44      14
     72      44      15
     72      44      16
     72      44      17
     72      45       5
     72      45       6
     72      45       7
     72      45       8
     72      45       9
     72      45      10
     72      45      11
     72      45      12
     72      45      13
     72      45      14
     72      45      15
     72      45      16
     72      45      17
     72      46       5
     72      46       6
     72      46       7
     72      46       8
     72      46       9
     72      46      10
     72      46      11
     72      46      12
     72      46      13
     72      46      14
     72      46      15
     72      46      16
     72      46      17
     72      47       5
     72      47       6
     72      47       7
     72      47       8
     72      47       9
     72      47      10
     72      47      11
     72      47      12
     72      47      13
     72      47      14
     72      47      15
     72      47      16
     72      47      17
     72      48       5
     72      48       6
     72      48       7
     72      48       8
     72      48       9
     72      48      10
     72      48      11
     72      48      12
     72      48      13
     72      48      14
     72      48      15
     72      48      16
     72      48      17
     72      49       5
     72      49       6
     72      49       7
     72      49       8
     72      49       9
     72      49      10
     72      49      11
     72      49      12
     72      49      13
     72      49      14
     72      49      15
     72      49      16
     72      49      17
     72      50       5
     72      50       6
     72      50       7
     72      50       8
     72      50       9
     72      50      10
     72      50      11
     72      50      12
     72      50      13
     72      50      14
     72      50      15
     72      50      16
     72      50      17
     72      51       5
     72      51       6
     72      51       7
     72      51       8
     72      51       9
     72      51      10
     72      51      11
     72      51      12
     72      51      13
     72      51      14
     72      51      15
     72      51      16
     72      51      17
     72      52       5
     72      52       6
     72      52       7
     72      52       8
     72      52       9
     72      52      10
     72      52      11
     72      52      12
     72      52      13
     72      52      14
     72      52      15
     72      52      16
     72      52      17
     72      53       5
     72      53       6
     72      53       7
     72      53       8
     72      53       9
     72      53      10
     72      53      11
     72      53      12
     72      53      13
     72      53      14
     72      53      15
     72      53      16
     72      53      17
     72      54       5
     72      54       6
     72      54       7
     72      54       8
     72      54       9
     72      54      10
     72      54      11
     72      54      12
     72      54      13
     72      54      14
     72      54      15
     72      54      16
     72      54      17
     72      55       5
     72      55       6
     72      55       7
     72      55       8
     72      55       9
     72      55      10
     72      55      11
     72      55      12
     72      55      13
     72      55      14
     72      55      15
     72      55      16
     72      55      17
     72      56       5
     72      56       6
     72      56       7
     72      56       8
     72      56       9
     72      56      10
     72      56      11
     72      56      12
     72      56      13
     72      56      14
     72      56      15
     72      56      16
     72      56      17
     72      57       5
     72      57       6
     72      57       7
     72      57       8
     72      57       9
     72      57      10
     72      57      11
     72      57      12
     72      57      13
     72      57      14
     72      57      15
     72      57      16
     72      57      17
     72      58       5
     72      58       6
     72      58       7
     72      58       8
     72      58       9
     72      58      10
     72      58      11
     72      58      12
     72      58      13
     72      58      14
     72      58      15
     72      58      16
     72      58      17
     72      59       5
     72      59       6
     72      59       7
     72      59       8
     72      59       9
     72      59      10
     72      59      11
     72      59      12
     72      59      13
     72      59      14
     72      59      15
     72      59      16
     72      59      17
     72      60       5
     72      60       6
     72      60       7
     72      60       8
     72      60       9
     72      60      10
     72      60      11
     72      60      12
     72      60      13
     72      60      14
     72      60      15
     72      60      16
     72      60      17
     72      61       5
     72      61       6
     72      61       7
     72      61       8
     72      61       9
     72      61      10
     72      61      11
     72      61      12
     72      61      13
     72      61      14
     72      61      15
     72      61      16
     72      61      17
     72      62       5
     72      62       6
     72      62       7
     72      62       8
     72      62       9
     72      62      10
     72      62      11
     72      62      12
     72      62      13
     72      62      14
     72      62      15
     72      62      16
     72      62      17
     72      63       5
     72      63       6
     72      63       7
     72      63       8
     72      63       9
     72      63      10
     72      63      11
     72      63      12
     72      63      13
     72      63      14
     72      63      15
     72      63      16
     72      63      17
     72      64       5
     72      64       6
     72      64       7
     72      64       8
     72      64       9
     72      64      10
     72      64      11
     72      64      12
     72      64      13
     72      64      14
     72      64      15
     72      64      16
     72      64      17
     72      65       5
     72      65       6
     72      65       7
     72      65       8
     72      65       9
     72      65      10
     72      65      11
     72      65      12
     72      65      13
     72      65      14
     72      65      15
     72      65      16
     72      65      17
     72      66       5
     72      66       6
     72      66       7
     72      66       8
     72      66       9
     72      66      10
     72      66      11
     72      66      12
     72      66      13
     72      66      14
     72      66      15
     72      66      16
     72      66      17
     72      67       5
     72      67       6
     72      67       7
     72      67       8
     72      67       9
     72      67      10
     72      67      11
     72      67      12
     72      67      13
     72      67      14
     72      67      15
     72      67      16
     72      67      17
     72      68       5
     72      68       6
     72      68       7
     72      68       8
     72      68       9
     72      68      10
     72      68      11
     72      68      12
     72      68      13
     72      68      14
     72      68      15
     72      68      16
     72      68      17
     72      69       5
     72      69       6
     72      69       7
     72      69       8
     72      69       9
     72      69      10
     72      69      11
     72      69      12
     72      69      13
     72      69      14
     72      69      15
     72      69      16
     72      69      17
     72      70       5
     72      70       6
     72      70       7
     72      70       8
     72      70       9
     72      70      10
     72      70      11
     72      70      12
     72      70      13
     72      70      14
     72      70      15
     72      70      16
     72      70      17
     72      71       5
     72      71       6
     72      71       7
     72      71       8
     72      71       9
     72      71      10
     72      71      11
     72      71      12
     72      71      13
     72      71      14
     72      71      15
     72      71      16
     72      71      17
     72      72       5
     72      72       6
     72      72       7
     72      72       8
     72      72       9
     72      72      10
     72      72      11
     72      72      12
     72      72      13
     72      72      14
     72      72      15
     72      72      16
     72      72      17
     72      73       5
     72      73       6
     72      73       7
     72      73       8
     72      73       9
     72      73      10
     72      73      11
     72      73      12
     72      73      13
     72      73      14
     72      73      15
     72      73      16
     72      73      17
     72      74       5
     72      74       6
     72      74       7
     72      74       8
     72      74       9
     72      74      10
     72      74      11
     72      74      12
     72      74      13
     72      74      14
     72      74      15
     72      74      16
     72      74      17
     72      75       5
     72      75       6
     72      75       7
     72      75       8
     72      75       9
     72      75      10
     72      75      11
     72      75      12
     72      75      13
     72      75      14
     72      75      15
     72      75      16
     72      75      17
     72      76       5
     72      76       6
     72      76       7
     72      76       8
     72      76       9
     72      76      10
     72      76      11
     72      76      12
     72      76      13
     72      76      14
     72      76      15
     72      76      16
     72      76      17
     72      77       5
     72      77       6
     72      77       7
     72      77       8
     72      77       9
     72      77      10
     72      77      11
     72      77      12
     72      77      13
     72      77      14
     72      77      15
     72      77      16
     72      77      17
     72      78       5
     72      78       6
     72      78       7
     72      78       8
     72      78       9
     72      78      10
     72      78      11
     72      78      12
     72      78      13
     72      78      14
     72      78      15
     72      78      16
     72      78      17
     72      79       5
     72      79       6
     72      79       7
     72      79       8
     72      79       9
     72      79      10
     72      79      11
     72      79      12
     72      79      13
     72      79      14
     72      79      15
     72      79      16
     72      79      17
     72      80       5
     72      80       6
     72      80       7
     72      80       8
     72      80       9
     72      80      10
     72      80      11
     72      80      12
     72      80      13
     72      80      14
     72      80      15
     72      80      16
     72      80      17
     72      81       5
     72      81       6
     72      81       7
     72      81       8
     72      81       9
     72      81      10
     72      81      11
     72      81      12
     72      81      13
     72      81      14
     72      81      15
     72      81      16
     72      81      17
     72      82       5
     72      82       6
     72      82       7
     72      82       8
     72      82       9
     72      82      10
     72      82      11
     72      82      12
     72      82      13
     72      82      14
     72      82      15
     72      82      16
     72      82      17
     72      83       5
     72      83       6
     72      83       7
     72      83       8
     72      83       9
     72      83      10
     72      83      11
     72      83      12
     72      83      13
     72      83      14
     72      83      15
     72      83      16
     72      83      17
     72      84       5
     72      84       6
     72      84       7
     72      84       8
     72      84       9
     72      84      10
     72      84      11
     72      84      12
     72      84      13
     72      84      14
     72      84      15
     72      84      16
     72      84      17
     73      40       5
     73      40       6
     73      40       7
     73      40       8
     73      40       9
     73      40      10
     73      40      11
     73      40      12
     73      40      13
     73      40      14
     73      40      15
     73      40      16
     73      40      17
     73      41       5
     73      41       6
     73      41       7
     73      41       8
     73      41       9
     73      41      10
     73      41      11
     73      41      12
     73      41      13
     73      41      14
     73      41      15
     73      41      16
     73      41      17
     73      42       5
     73      42       6
     73      42       7
     73      42       8
     73      42       9
     73      42      10
     73      42      11
     73      42      12
     73      42      13
     73      42      14
     73      42      15
     73      42      16
     73      42      17
     73      43       5
     73      43       6
     73      43       7
     73      43       8
     73      43       9
     73      43      10
     73      43      11
     73      43      12
     73      43      13
     73      43      14
     73      43      15
     73      43      16
     73      43      17
     73      44       5
     73      44       6
     73      44       7
     73      44       8
     73      44       9
     73      44      10
     73      44      11
     73      44      12
     73      44      13
     73      44      14
     73      44      15
     73      44      16
     73      44      17
     73      45       5
     73      45       6
     73      45       7
     73      45       8
     73      45       9
     73      45      10
     73      45      11
     73      45      12
     73      45      13
     73      45      14
     73      45      15
     73      45      16
     73      45      17
     73      46       5
     73      46       6
     73      46       7
     73      46       8
     73      46       9
     73      46      10
     73      46      11
     73      46      12
     73      46      13
     73      46      14
     73      46      15
     73      46      16
     73      46      17
     73      47       5
     73      47       6
     73      47       7
     73      47       8
     73      47       9
     73      47      10
     73      47      11
     73      47      12
     73      47      13
     73      47      14
     73      47      15
     73      47      16
     73      47      17
     73      48       5
     73      48       6
     73      48       7
     73      48       8
     73      48       9
     73      48      10
     73      48      11
     73      48      12
     73      48      13
     73      48      14
     73      48      15
     73      48      16
     73      48      17
     73      49       5
     73      49       6
     73      49       7
     73      49       8
     73      49       9
     73      49      10
     73      49      11
     73      49      12
     73      49      13
     73      49      14
     73      49      15
     73      49      16
     73      49      17
     73      50       5
     73      50       6
     73      50       7
     73      50       8
     73      50       9
     73      50      10
     73      50      11
     73      50      12
     73      50      13
     73      50      14
     73      50      15
     73      50      16
     73      50      17
     73      51       5
     73      51       6
     73      51       7
     73      51       8
     73      51       9
     73      51      10
     73      51      11
     73      51      12
     73      51      13
     73      51      14
     73      51      15
     73      51      16
     73      51      17
     73      52       5
     73      52       6
     73      52       7
     73      52       8
     73      52       9
     73      52      10
     73      52      11
     73      52      12
     73      52      13
     73      52      14
     73      52      15
     73      52      16
     73      52      17
     73      53       5
     73      53       6
     73      53       7
     73      53       8
     73      53       9
     73      53      10
     73      53      11
     73      53      12
     73      53      13
     73      53      14
     73      53      15
     73      53      16
     73      53      17
     73      54       5
     73      54       6
     73      54       7
     73      54       8
     73      54       9
     73      54      10
     73      54      11
     73      54      12
     73      54      13
     73      54      14
     73      54      15
     73      54      16
     73      54      17
     73      55       5
     73      55       6
     73      55       7
     73      55       8
     73      55       9
     73      55      10
     73      55      11
     73      55      12
     73      55      13
     73      55      14
     73      55      15
     73      55      16
     73      55      17
     73      56       5
     73      56       6
     73      56       7
     73      56       8
     73      56       9
     73      56      10
     73      56      11
     73      56      12
     73      56      13
     73      56      14
     73      56      15
     73      56      16
     73      56      17
     73      57       5
     73      57       6
     73      57       7
     73      57       8
     73      57       9
     73      57      10
     73      57      11
     73      57      12
     73      57      13
     73      57      14
     73      57      15
     73      57      16
     73      57      17
     73      58       5
     73      58       6
     73      58       7
     73      58       8
     73      58       9
     73      58      10
     73      58      11
     73      58      12
     73      58      13
     73      58      14
     73      58      15
     73      58      16
     73      58      17
     73      59       5
     73      59       6
     73      59       7
     73      59       8
     73      59       9
     73      59      10
     73      59      11
     73      59      12
     73      59      13
     73      59      14
     73      59      15
     73      59      16
     73      59      17
     73      60       5
     73      60       6
     73      60       7
     73      60       8
     73      60       9
     73      60      10
     73      60      11
     73      60      12
     73      60      13
     73      60      14
     73      60      15
     73      60      16
     73      60      17
     73      61       5
     73      61       6
     73      61       7
     73      61       8
     73      61       9
     73      61      10
     73      61      11
     73      61      12
     73      61      13
     73      61      14
     73      61      15
     73      61      16
     73      61      17
     73      62       5
     73      62       6
     73      62       7
     73      62       8
     73      62       9
     73      62      10
     73      62      11
     73      62      12
     73      62      13
     73      62      14
     73      62      15
     73      62      16
     73      62      17
     73      63       5
     73      63       6
     73      63       7
     73      63       8
     73      63       9
     73      63      10
     73      63      11
     73      63      12
     73      63      13
     73      63      14
     73      63      15
     73      63      16
     73      63      17
     73      64       5
     73      64       6
     73      64       7
     73      64       8
     73      64       9
     73      64      10
     73      64      11
     73      64      12
     73      64      13
     73      64      14
     73      64      15
     73      64      16
     73      64      17
     73      65       5
     73      65       6
     73      65       7
     73      65       8
     73      65       9
     73      65      10
     73      65      11
     73      65      12
     73      65      13
     73      65      14
     73      65      15
     73      65      16
     73      65      17
     73      66       5
     73      66       6
     73      66       7
     73      66       8
     73      66       9
     73      66      10
     73      66      11
     73      66      12
     73      66      13
     73      66      14
     73      66      15
     73      66      16
     73      66      17
     73      67       5
     73      67       6
     73      67       7
     73      67       8
     73      67       9
     73      67      10
     73      67      11
     73      67      12
     73      67      13
     73      67      14
     73      67      15
     73      67      16
     73      67      17
     73      68       5
     73      68       6
     73      68       7
     73      68       8
     73      68       9
     73      68      10
     73      68      11
     73      68      12
     73      68      13
     73      68      14
     73      68      15
     73      68      16
     73      68      17
     73      69       5
     73      69       6
     73      69       7
     73      69       8
     73      69       9
     73      69      10
     73      69      11
     73      69      12
     73      69      13
     73      69      14
     73      69      15
     73      69      16
     73      69      17
     73      70       5
     73      70       6
     73      70       7
     73      70       8
     73      70       9
     73      70      10
     73      70      11
     73      70      12
     73      70      13
     73      70      14
     73      70      15
     73      70      16
     73      70      17
     73      71       5
     73      71       6
     73      71       7
     73      71       8
     73      71       9
     73      71      10
     73      71      11
     73      71      12
     73      71      13
     73      71      14
     73      71      15
     73      71      16
     73      71      17
     73      72       5
     73      72       6
     73      72       7
     73      72       8
     73      72       9
     73      72      10
     73      72      11
     73      72      12
     73      72      13
     73      72      14
     73      72      15
     73      72      16
     73      72      17
     73      73       5
     73      73       6
     73      73       7
     73      73       8
     73      73       9
     73      73      10
     73      73      11
     73      73      12
     73      73      13
     73      73      14
     73      73      15
     73      73      16
     73      73      17
     73      74       5
     73      74       6
     73      74       7
     73      74       8
     73      74       9
     73      74      10
     73      74      11
     73      74      12
     73      74      13
     73      74      14
     73      74      15
     73      74      16
     73      74      17
     73      75       5
     73      75       6
     73      75       7
     73      75       8
     73      75       9
     73      75      10
     73      75      11
     73      75      12
     73      75      13
     73      75      14
     73      75      15
     73      75      16
     73      75      17
     73      76       5
     73      76       6
     73      76       7
     73      76       8
     73      76       9
     73      76      10
     73      76      11
     73      76      12
     73      76      13
     73      76      14
     73      76      15
     73      76      16
     73      76      17
     73      77       5
     73      77       6
     73      77       7
     73      77       8
     73      77       9
     73      77      10
     73      77      11
     73      77      12
     73      77      13
     73      77      14
     73      77      15
     73      77      16
     73      77      17
     73      78       5
     73      78       6
     73      78       7
     73      78       8
     73      78       9
     73      78      10
     73      78      11
     73      78      12
     73      78      13
     73      78      14
     73      78      15
     73      78      16
     73      78      17
     73      79       5
     73      79       6
     73      79       7
     73      79       8
     73      79       9
     73      79      10
     73      79      11
     73      79      12
     73      79      13
     73      79      14
     73      79      15
     73      79      16
     73      79      17
     73      80       5
     73      80       6
     73      80       7
     73      80       8
     73      80       9
     73      80      10
     73      80      11
     73      80      12
     73      80      13
     73      80      14
     73      80      15
     73      80      16
     73      80      17
     73      81       5
     73      81       6
     73      81       7
     73      81       8
     73      81       9
     73      81      10
     73      81      11
     73      81      12
     73      81      13
     73      81      14
     73      81      15
     73      81      16
     73      81      17
     73      82       5
     73      82       6
     73      82       7
     73      82       8
     73      82       9
     73      82      10
     73      82      11
     73      82      12
     73      82      13
     73      82      14
     73      82      15
     73      82      16
     73      82      17
     73      83       5
     73      83       6
     73      83       7
     73      83       8
     73      83       9
     73      83      10
     73      83      11
     73      83      12
     73      83      13
     73      83      14
     73      83      15
     73      83      16
     73      83      17
     73      84       5
     73      84       6
     73      84       7
     73      84       8
     73      84       9
     73      84      10
     73      84      11
     73      84      12
     73      84      13
     73      84      14
     73      84      15
     73      84      16
     73      84      17
     74      40       5
     74      40       6
     74      40       7
     74      40       8
     74      40       9
     74      40      10
     74      40      11
     74      40      12
     74      40      13
     74      40      14
     74      40      15
     74      40      16
     74      40      17
     74      41       5
     74      41       6
     74      41       7
     74      41       8
     74      41       9
     74      41      10
     74      41      11
     74      41      12
     74      41      13
     74      41      14
     74      41      15
     74      41      16
     74      41      17
     74      42       5
     74      42       6
     74      42       7
     74      42       8
     74      42       9
     74      42      10
     74      42      11
     74      42      12
     74      42      13
     74      42      14
     74      42      15
     74      42      16
     74      42      17
     74      43       5
     74      43       6
     74      43       7
     74      43       8
     74      43       9
     74      43      10
     74      43      11
     74      43      12
     74      43      13
     74      43      14
     74      43      15
     74      43      16
     74      43      17
     74      44       5
     74      44       6
     74      44       7
     74      44       8
     74      44       9
     74      44      10
     74      44      11
     74      44      12
     74      44      13
     74      44      14
     74      44      15
     74      44      16
     74      44      17
     74      45       5
     74      45       6
     74      45       7
     74      45       8
     74      45       9
     74      45      10
     74      45      11
     74      45      12
     74      45      13
     74      45      14
     74      45      15
     74      45      16
     74      45      17
     74      46       5
     74      46       6
     74      46       7
     74      46       8
     74      46       9
     74      46      10
     74      46      11
     74      46      12
     74      46      13
     74      46      14
     74      46      15
     74      46      16
     74      46      17
     74      47       5
     74      47       6
     74      47       7
     74      47       8
     74      47       9
     74      47      10
     74      47      11
     74      47      12
     74      47      13
     74      47      14
     74      47      15
     74      47      16
     74      47      17
     74      48       5
     74      48       6
     74      48       7
     74      48       8
     74      48       9
     74      48      10
     74      48      11
     74      48      12
     74      48      13
     74      48      14
     74      48      15
     74      48      16
     74      48      17
     74      49       5
     74      49       6
     74      49       7
     74      49       8
     74      49       9
     74      49      10
     74      49      11
     74      49      12
     74      49      13
     74      49      14
     74      49      15
     74      49      16
     74      49      17
     74      50       5
     74      50       6
     74      50       7
     74      50       8
     74      50       9
     74      50      10
     74      50      11
     74      50      12
     74      50      13
     74      50      14
     74      50      15
     74      50      16
     74      50      17
     74      51       5
     74      51       6
     74      51       7
     74      51       8
     74      51       9
     74      51      10
     74      51      11
     74      51      12
     74      51      13
     74      51      14
     74      51      15
     74      51      16
     74      51      17
     74      52       5
     74      52       6
     74      52       7
     74      52       8
     74      52       9
     74      52      10
     74      52      11
     74      52      12
     74      52      13
     74      52      14
     74      52      15
     74      52      16
     74      52      17
     74      53       5
     74      53       6
     74      53       7
     74      53       8
     74      53       9
     74      53      10
     74      53      11
     74      53      12
     74      53      13
     74      53      14
     74      53      15
     74      53      16
     74      53      17
     74      54       5
     74      54       6
     74      54       7
     74      54       8
     74      54       9
     74      54      10
     74      54      11
     74      54      12
     74      54      13
     74      54      14
     74      54      15
     74      54      16
     74      54      17
     74      55       5
     74      55       6
     74      55       7
     74      55       8
     74      55       9
     74      55      10
     74      55      11
     74      55      12
     74      55      13
     74      55      14
     74      55      15
     74      55      16
     74      55      17
     74      56       5
     74      56       6
     74      56       7
     74      56       8
     74      56       9
     74      56      10
     74      56      11
     74      56      12
     74      56      13
     74      56      14
     74      56      15
     74      56      16
     74      56      17
     74      57       5
     74      57       6
     74      57       7
     74      57       8
     74      57       9
     74      57      10
     74      57      11
     74      57      12
     74      57      13
     74      57      14
     74      57      15
     74      57      16
     74      57      17
     74      58       5
     74      58       6
     74      58       7
     74      58       8
     74      58       9
     74      58      10
     74      58      11
     74      58      12
     74      58      13
     74      58      14
     74      58      15
     74      58      16
     74      58      17
     74      59       5
     74      59       6
     74      59       7
     74      59       8
     74      59       9
     74      59      10
     74      59      11
     74      59      12
     74      59      13
     74      59      14
     74      59      15
     74      59      16
     74      59      17
     74      60       5
     74      60       6
     74      60       7
     74      60       8
     74      60       9
     74      60      10
     74      60      11
     74      60      12
     74      60      13
     74      60      14
     74      60      15
     74      60      16
     74      60      17
     74      61       5
     74      61       6
     74      61       7
     74      61       8
     74      61       9
     74      61      10
     74      61      11
     74      61      12
     74      61      13
     74      61      14
     74      61      15
     74      61      16
     74      61      17
     74      62       5
     74      62       6
     74      62       7
     74      62       8
     74      62       9
     74      62      10
     74      62      11
     74      62      12
     74      62      13
     74      62      14
     74      62      15
     74      62      16
     74      62      17
     74      63       5
     74      63       6
     74      63       7
     74      63       8
     74      63       9
     74      63      10
     74      63      11
     74      63      12
     74      63      13
     74      63      14
     74      63      15
     74      63      16
     74      63      17
     74      64       5
     74      64       6
     74      64       7
     74      64       8
     74      64       9
     74      64      10
     74      64      11
     74      64      12
     74      64      13
     74      64      14
     74      64      15
     74      64      16
     74      64      17
     74      65       5
     74      65       6
     74      65       7
     74      65       8
     74      65       9
     74      65      10
     74      65      11
     74      65      12
     74      65      13
     74      65      14
     74      65      15
     74      65      16
     74      65      17
     74      66       5
     74      66       6
     74      66       7
     74      66       8
     74      66       9
     74      66      10
     74      66      11
     74      66      12
     74      66      13
     74      66      14
     74      66      15
     74      66      16
     74      66      17
     74      67       5
     74      67       6
     74      67       7
     74      67       8
     74      67       9
     74      67      10
     74      67      11
     74      67      12
     74      67      13
     74      67      14
     74      67      15
     74      67      16
     74      67      17
     74      68       5
     74      68       6
     74      68       7
     74      68       8
     74      68       9
     74      68      10
     74      68      11
     74      68      12
     74      68      13
     74      68      14
     74      68      15
     74      68      16
     74      68      17
     74      69       5
     74      69       6
     74      69       7
     74      69       8
     74      69       9
     74      69      10
     74      69      11
     74      69      12
     74      69      13
     74      69      14
     74      69      15
     74      69      16
     74      69      17
     74      70       5
     74      70       6
     74      70       7
     74      70       8
     74      70       9
     74      70      10
     74      70      11
     74      70      12
     74      70      13
     74      70      14
     74      70      15
     74      70      16
     74      70      17
     74      71       5
     74      71       6
     74      71       7
     74      71       8
     74      71       9
     74      71      10
     74      71      11
     74      71      12
     74      71      13
     74      71      14
     74      71      15
     74      71      16
     74      71      17
     74      72       5
     74      72       6
     74      72       7
     74      72       8
     74      72       9
     74      72      10
     74      72      11
     74      72      12
     74      72      13
     74      72      14
     74      72      15
     74      72      16
     74      72      17
     74      73       5
     74      73       6
     74      73       7
     74      73       8
     74      73       9
     74      73      10
     74      73      11
     74      73      12
     74      73      13
     74      73      14
     74      73      15
     74      73      16
     74      73      17
     74      74       5
     74      74       6
     74      74       7
     74      74       8
     74      74       9
     74      74      10
     74      74      11
     74      74      12
     74      74      13
     74      74      14
     74      74      15
     74      74      16
     74      74      17
     74      75       5
     74      75       6
     74      75       7
     74      75       8
     74      75       9
     74      75      10
     74      75      11
     74      75      12
     74      75      13
     74      75      14
     74      75      15
     74      75      16
     74      75      17
     74      76       5
     74      76       6
     74      76       7
     74      76       8
     74      76       9
     74      76      10
     74      76      11
     74      76      12
     74      76      13
     74      76      14
     74      76      15
     74      76      16
     74      76      17
     74      77       5
     74      77       6
     74      77       7
     74      77       8
     74      77       9
     74      77      10
     74      77      11
     74      77      12
     74      77      13
     74      77      14
     74      77      15
     74      77      16
     74      77      17
     74      78       5
     74      78       6
     74      78       7
     74      78       8
     74      78       9
     74      78      10
     74      78      11
     74      78      12
     74      78      13
     74      78      14
     74      78      15
     74      78      16
     74      78      17
     74      79       5
     74      79       6
     74      79       7
     74      79       8
     74      79       9
     74      79      10
     74      79      11
     74      79      12
     74      79      13
     74      79      14
     74      79      15
     74      79      16
     74      79      17
     74      80       5
     74      80       6
     74      80       7
     74      80       8
     74      80       9
     74      80      10
     74      80      11
     74      80      12
     74      80      13
     74      80      14
     74      80      15
     74      80      16
     74      80      17
     74      81       5
     74      81       6
     74      81       7
     74      81       8
     74      81       9
     74      81      10
     74      81      11
     74      81      12
     74      81      13
     74      81      14
     74      81      15
     74      81      16
     74      81      17
     74      82       5
     74      82       6
     74      82       7
     74      82       8
     74      82       9
     74      82      10
     74      82      11
     74      82      12
     74      82      13
     74      82      14
     74      82      15
     74      82      16
     74      82      17
     74      83       5
     74      83       6
     74      83       7
     74      83       8
     74      83       9
     74      83      10
     74      83      11
     74      83      12
     74      83      13
     74      83      14
     74      83      15
     74      83      16
     74      83      17
     74      84       5
     74      84       6
     74      84       7
     74      84       8
     74      84       9
     74      84      10
     74      84      11
     74      84      12
     74      84      13
     74      84      14
     74      84      15
     74      84      16
     74      84      17
     75      40       5
     75      40       6
     75      40       7
     75      40       8
     75      40       9
     75      40      10
     75      40      11
     75      40      12
     75      40      13
     75      40      14
     75      40      15
     75      40      16
     75      40      17
     75      41       5
     75      41       6
     75      41       7
     75      41       8
     75      41       9
     75      41      10
     75      41      11
     75      41      12
     75      41      13
     75      41      14
     75      41      15
     75      41      16
     75      41      17
     75      42       5
     75      42       6
     75      42       7
     75      42       8
     75      42       9
     75      42      10
     75      42      11
     75      42      12
     75      42      13
     75      42      14
     75      42      15
     75      42      16
     75      42      17
     75      43       5
     75      43       6
     75      43       7
     75      43       8
     75      43       9
     75      43      10
     75      43      11
     75      43      12
     75      43      13
     75      43      14
     75      43      15
     75      43      16
     75      43      17
     75      44       5
     75      44       6
     75      44       7
     75      44       8
     75      44       9
     75      44      10
     75      44      11
     75      44      12
     75      44      13
     75      44      14
     75      44      15
     75      44      16
     75      44      17
     75      45       5
     75      45       6
     75      45       7
     75      45       8
     75      45       9
     75      45      10
     75      45      11
     75      45      12
     75      45      13
     75      45      14
     75      45      15
     75      45      16
     75      45      17
     75      46       5
     75      46       6
     75      46       7
     75      46       8
     75      46       9
     75      46      10
     75      46      11
     75      46      12
     75      46      13
     75      46      14
     75      46      15
     75      46      16
     75      46      17
     75      47       5
     75      47       6
     75      47       7
     75      47       8
     75      47       9
     75      47      10
     75      47      11
     75      47      12
     75      47      13
     75      47      14
     75      47      15
     75      47      16
     75      47      17
     75      48       5
     75      48       6
     75      48       7
     75      48       8
     75      48       9
     75      48      10
     75      48      11
     75      48      12
     75      48      13
     75      48      14
     75      48      15
     75      48      16
     75      48      17
     75      49       5
     75      49       6
     75      49       7
     75      49       8
     75      49       9
     75      49      10
     75      49      11
     75      49      12
     75      49      13
     75      49      14
     75      49      15
     75      49      16
     75      49      17
     75      50       5
     75      50       6
     75      50       7
     75      50       8
     75      50       9
     75      50      10
     75      50      11
     75      50      12
     75      50      13
     75      50      14
     75      50      15
     75      50      16
     75      50      17
     75      51       5
     75      51       6
     75      51       7
     75      51       8
     75      51       9
     75      51      10
     75      51      11
     75      51      12
     75      51      13
     75      51      14
     75      51      15
     75      51      16
     75      51      17
     75      52       5
     75      52       6
     75      52       7
     75      52       8
     75      52       9
     75      52      10
     75      52      11
     75      52      12
     75      52      13
     75      52      14
     75      52      15
     75      52      16
     75      52      17
     75      53       5
     75      53       6
     75      53       7
     75      53       8
     75      53       9
     75      53      10
     75      53      11
     75      53      12
     75      53      13
     75      53      14
     75      53      15
     75      53      16
     75      53      17
     75      54       5
     75      54       6
     75      54       7
     75      54       8
     75      54       9
     75      54      10
     75      54      11
     75      54      12
     75      54      13
     75      54      14
     75      54      15
     75      54      16
     75      54      17
     75      55       5
     75      55       6
     75      55       7
     75      55       8
     75      55       9
     75      55      10
     75      55      11
     75      55      12
     75      55      13
     75      55      14
     75      55      15
     75      55      16
     75      55      17
     75      56       5
     75      56       6
     75      56       7
     75      56       8
     75      56       9
     75      56      10
     75      56      11
     75      56      12
     75      56      13
     75      56      14
     75      56      15
     75      56      16
     75      56      17
     75      57       5
     75      57       6
     75      57       7
     75      57       8
     75      57       9
     75      57      10
     75      57      11
     75      57      12
     75      57      13
     75      57      14
     75      57      15
     75      57      16
     75      57      17
     75      58       5
     75      58       6
     75      58       7
     75      58       8
     75      58       9
     75      58      10
     75      58      11
     75      58      12
     75      58      13
     75      58      14
     75      58      15
     75      58      16
     75      58      17
     75      59       5
     75      59       6
     75      59       7
     75      59       8
     75      59       9
     75      59      10
     75      59      11
     75      59      12
     75      59      13
     75      59      14
     75      59      15
     75      59      16
     75      59      17
     75      60       5
     75      60       6
     75      60       7
     75      60       8
     75      60       9
     75      60      10
     75      60      11
     75      60      12
     75      60      13
     75      60      14
     75      60      15
     75      60      16
     75      60      17
     75      61       5
     75      61       6
     75      61       7
     75      61       8
     75      61       9
     75      61      10
     75      61      11
     75      61      12
     75      61      13
     75      61      14
     75      61      15
     75      61      16
     75      61      17
     75      62       5
     75      62       6
     75      62       7
     75      62       8
     75      62       9
     75      62      10
     75      62      11
     75      62      12
     75      62      13
     75      62      14
     75      62      15
     75      62      16
     75      62      17
     75      63       5
     75      63       6
     75      63       7
     75      63       8
     75      63       9
     75      63      10
     75      63      11
     75      63      12
     75      63      13
     75      63      14
     75      63      15
     75      63      16
     75      63      17
     75      64       5
     75      64       6
     75      64       7
     75      64       8
     75      64       9
     75      64      10
     75      64      11
     75      64      12
     75      64      13
     75      64      14
     75      64      15
     75      64      16
     75      64      17
     75      65       5
     75      65       6
     75      65       7
     75      65       8
     75      65       9
     75      65      10
     75      65      11
     75      65      12
     75      65      13
     75      65      14
     75      65      15
     75      65      16
     75      65      17
     75      66       5
     75      66       6
     75      66       7
     75      66       8
     75      66       9
     75      66      10
     75      66      11
     75      66      12
     75      66      13
     75      66      14
     75      66      15
     75      66      16
     75      66      17
     75      67       5
     75      67       6
     75      67       7
     75      67       8
     75      67       9
     75      67      10
     75      67      11
     75      67      12
     75      67      13
     75      67      14
     75      67      15
     75      67      16
     75      67      17
     75      68       5
     75      68       6
     75      68       7
     75      68       8
     75      68       9
     75      68      10
     75      68      11
     75      68      12
     75      68      13
     75      68      14
     75      68      15
     75      68      16
     75      68      17
     75      69       5
     75      69       6
     75      69       7
     75      69       8
     75      69       9
     75      69      10
     75      69      11
     75      69      12
     75      69      13
     75      69      14
     75      69      15
     75      69      16
     75      69      17
     75      70       5
     75      70       6
     75      70       7
     75      70       8
     75      70       9
     75      70      10
     75      70      11
     75      70      12
     75      70      13
     75      70      14
     75      70      15
     75      70      16
     75      70      17
     75      71       5
     75      71       6
     75      71       7
     75      71       8
     75      71       9
     75      71      10
     75      71      11
     75      71      12
     75      71      13
     75      71      14
     75      71      15
     75      71      16
     75      71      17
     75      72       5
     75      72       6
     75      72       7
     75      72       8
     75      72       9
     75      72      10
     75      72      11
     75      72      12
     75      72      13
     75      72      14
     75      72      15
     75      72      16
     75      72      17
     75      73       5
     75      73       6
     75      73       7
     75      73       8
     75      73       9
     75      73      10
     75      73      11
     75      73      12
     75      73      13
     75      73      14
     75      73      15
     75      73      16
     75      73      17
     75      74       5
     75      74       6
     75      74       7
     75      74       8
     75      74       9
     75      74      10
     75      74      11
     75      74      12
     75      74      13
     75      74      14
     75      74      15
     75      74      16
     75      74      17
     75      75       5
     75      75       6
     75      75       7
     75      75       8
     75      75       9
     75      75      10
     75      75      11
     75      75      12
     75      75      13
     75      75      14
     75      75      15
     75      75      16
     75      75      17
     75      76       5
     75      76       6
     75      76       7
     75      76       8
     75      76       9
     75      76      10
     75      76      11
     75      76      12
     75      76      13
     75      76      14
     75      76      15
     75      76      16
     75      76      17
     75      77       5
     75      77       6
     75      77       7
     75      77       8
     75      77       9
     75      77      10
     75      77      11
     75      77      12
     75      77      13
     75      77      14
     75      77      15
     75      77      16
     75      77      17
     75      78       5
     75      78       6
     75      78       7
     75      78       8
     75      78       9
     75      78      10
     75      78      11
     75      78      12
     75      78      13
     75      78      14
     75      78      15
     75      78      16
     75      78      17
     75      79       5
     75      79       6
     75      79       7
     75      79       8
     75      79       9
     75      79      10
     75      79      11
     75      79      12
     75      79      13
     75      79      14
     75      79      15
     75      79      16
     75      79      17
     75      80       5
     75      80       6
     75      80       7
     75      80       8
     75      80       9
     75      80      10
     75      80      11
     75      80      12
     75      80      13
     75      80      14
     75      80      15
     75      80      16
     75      80      17
     75      81       5
     75      81       6
     75      81       7
     75      81       8
     75      81       9
     75      81      10
     75      81      11
     75      81      12
     75      81      13
     75      81      14
     75      81      15
     75      81      16
     75      81      17
     75      82       5
     75      82       6
     75      82       7
     75      82       8
     75      82       9
     75      82      10
     75      82      11
     75      82      12
     75      82      13
     75      82      14
     75      82      15
     75      82      16
     75      82      17
     75      83       5
     75      83       6
     75      83       7
     75      83       8
     75      83       9
     75      83      10
     75      83      11
     75      83      12
     75      83      13
     75      83      14
     75      83      15
     75      83      16
     75      83      17
     75      84       5
     75      84       6
     75      84       7
     75      84       8
     75      84       9
     75      84      10
     75      84      11
     75      84      12
     75      84      13
     75      84      14
     75      84      15
     75      84      16
     75      84      17
     76      40       5
     76      40       6
     76      40       7
     76      40       8
     76      40       9
     76      40      10
     76      40      11
     76      40      12
     76      40      13
     76      40      14
     76      40      15
     76      40      16
     76      40      17
     76      41       5
     76      41       6
     76      41       7
     76      41       8
     76      41       9
     76      41      10
     76      41      11
     76      41      12
     76      41      13
     76      41      14
     76      41      15
     76      41      16
     76      41      17
     76      42       5
     76      42       6
     76      42       7
     76      42       8
     76      42       9
     76      42      10
     76      42      11
     76      42      12
     76      42      13
     76      42      14
     76      42      15
     76      42      16
     76      42      17
     76      43       5
     76      43       6
     76      43       7
     76      43       8
     76      43       9
     76      43      10
     76      43      11
     76      43      12
     76      43      13
     76      43      14
     76      43      15
     76      43      16
     76      43      17
     76      44       5
     76      44       6
     76      44       7
     76      44       8
     76      44       9
     76      44      10
     76      44      11
     76      44      12
     76      44      13
     76      44      14
     76      44      15
     76      44      16
     76      44      17
     76      45       5
     76      45       6
     76      45       7
     76      45       8
     76      45       9
     76      45      10
     76      45      11
     76      45      12
     76      45      13
     76      45      14
     76      45      15
     76      45      16
     76      45      17
     76      46       5
     76      46       6
     76      46       7
     76      46       8
     76      46       9
     76      46      10
     76      46      11
     76      46      12
     76      46      13
     76      46      14
     76      46      15
     76      46      16
     76      46      17
     76      47       5
     76      47       6
     76      47       7
     76      47       8
     76      47       9
     76      47      10
     76      47      11
     76      47      12
     76      47      13
     76      47      14
     76      47      15
     76      47      16
     76      47      17
     76      48       5
     76      48       6
     76      48       7
     76      48       8
     76      48       9
     76      48      10
     76      48      11
     76      48      12
     76      48      13
     76      48      14
     76      48      15
     76      48      16
     76      48      17
     76      49       5
     76      49       6
     76      49       7
     76      49       8
     76      49       9
     76      49      10
     76      49      11
     76      49      12
     76      49      13
     76      49      14
     76      49      15
     76      49      16
     76      49      17
     76      50       5
     76      50       6
     76      50       7
     76      50       8
     76      50       9
     76      50      10
     76      50      11
     76      50      12
     76      50      13
     76      50      14
     76      50      15
     76      50      16
     76      50      17
     76      51       5
     76      51       6
     76      51       7
     76      51       8
     76      51       9
     76      51      10
     76      51      11
     76      51      12
     76      51      13
     76      51      14
     76      51      15
     76      51      16
     76      51      17
     76      52       5
     76      52       6
     76      52       7
     76      52       8
     76      52       9
     76      52      10
     76      52      11
     76      52      12
     76      52      13
     76      52      14
     76      52      15
     76      52      16
     76      52      17
     76      53       5
     76      53       6
     76      53       7
     76      53       8
     76      53       9
     76      53      10
     76      53      11
     76      53      12
     76      53      13
     76      53      14
     76      53      15
     76      53      16
     76      53      17
     76      54       5
     76      54       6
     76      54       7
     76      54       8
     76      54       9
     76      54      10
     76      54      11
     76      54      12
     76      54      13
     76      54      14
     76      54      15
     76      54      16
     76      54      17
     76      55       5
     76      55       6
     76      55       7
     76      55       8
     76      55       9
     76      55      10
     76      55      11
     76      55      12
     76      55      13
     76      55      14
     76      55      15
     76      55      16
     76      55      17
     76      56       5
     76      56       6
     76      56       7
     76      56       8
     76      56       9
     76      56      10
     76      56      11
     76      56      12
     76      56      13
     76      56      14
     76      56      15
     76      56      16
     76      56      17
     76      57       5
     76      57       6
     76      57       7
     76      57       8
     76      57       9
     76      57      10
     76      57      11
     76      57      12
     76      57      13
     76      57      14
     76      57      15
     76      57      16
     76      57      17
     76      58       5
     76      58       6
     76      58       7
     76      58       8
     76      58       9
     76      58      10
     76      58      11
     76      58      12
     76      58      13
     76      58      14
     76      58      15
     76      58      16
     76      58      17
     76      59       5
     76      59       6
     76      59       7
     76      59       8
     76      59       9
     76      59      10
     76      59      11
     76      59      12
     76      59      13
     76      59      14
     76      59      15
     76      59      16
     76      59      17
     76      60       5
     76      60       6
     76      60       7
     76      60       8
     76      60       9
     76      60      10
     76      60      11
     76      60      12
     76      60      13
     76      60      14
     76      60      15
     76      60      16
     76      60      17
     76      61       5
     76      61       6
     76      61       7
     76      61       8
     76      61       9
     76      61      10
     76      61      11
     76      61      12
     76      61      13
     76      61      14
     76      61      15
     76      61      16
     76      61      17
     76      62       5
     76      62       6
     76      62       7
     76      62       8
     76      62       9
     76      62      10
     76      62      11
     76      62      12
     76      62      13
     76      62      14
     76      62      15
     76      62      16
     76      62      17
     76      63       5
     76      63       6
     76      63       7
     76      63       8
     76      63       9
     76      63      10
     76      63      11
     76      63      12
     76      63      13
     76      63      14
     76      63      15
     76      63      16
     76      63      17
     76      64       5
     76      64       6
     76      64       7
     76      64       8
     76      64       9
     76      64      10
     76      64      11
     76      64      12
     76      64      13
     76      64      14
     76      64      15
     76      64      16
     76      64      17
     76      65       5
     76      65       6
     76      65       7
     76      65       8
     76      65       9
     76      65      10
     76      65      11
     76      65      12
     76      65      13
     76      65      14
     76      65      15
     76      65      16
     76      65      17
     76      66       5
     76      66       6
     76      66       7
     76      66       8
     76      66       9
     76      66      10
     76      66      11
     76      66      12
     76      66      13
     76      66      14
     76      66      15
     76      66      16
     76      66      17
     76      67       5
     76      67       6
     76      67       7
     76      67       8
     76      67       9
     76      67      10
     76      67      11
     76      67      12
     76      67      13
     76      67      14
     76      67      15
     76      67      16
     76      67      17
     76      68       5
     76      68       6
     76      68       7
     76      68       8
     76      68       9
     76      68      10
     76      68      11
     76      68      12
     76      68      13
     76      68      14
     76      68      15
     76      68      16
     76      68      17
     76      69       5
     76      69       6
     76      69       7
     76      69       8
     76      69       9
     76      69      10
     76      69      11
     76      69      12
     76      69      13
     76      69      14
     76      69      15
     76      69      16
     76      69      17
     76      70       5
     76      70       6
     76      70       7
     76      70       8
     76      70       9
     76      70      10
     76      70      11
     76      70      12
     76      70      13
     76      70      14
     76      70      15
     76      70      16
     76      70      17
     76      71       5
     76      71       6
     76      71       7
     76      71       8
     76      71       9
     76      71      10
     76      71      11
     76      71      12
     76      71      13
     76      71      14
     76      71      15
     76      71      16
     76      71      17
     76      72       5
     76      72       6
     76      72       7
     76      72       8
     76      72       9
     76      72      10
     76      72      11
     76      72      12
     76      72      13
     76      72      14
     76      72      15
     76      72      16
     76      72      17
     76      73       5
     76      73       6
     76      73       7
     76      73       8
     76      73       9
     76      73      10
     76      73      11
     76      73      12
     76      73      13
     76      73      14
     76      73      15
     76      73      16
     76      73      17
     76      74       5
     76      74       6
     76      74       7
     76      74       8
     76      74       9
     76      74      10
     76      74      11
     76      74      12
     76      74      13
     76      74      14
     76      74      15
     76      74      16
     76      74      17
     76      75       5
     76      75       6
     76      75       7
     76      75       8
     76      75       9
     76      75      10
     76      75      11
     76      75      12
     76      75      13
     76      75      14
     76      75      15
     76      75      16
     76      75      17
     76      76       5
     76      76       6
     76      76       7
     76      76       8
     76      76       9
     76      76      10
     76      76      11
     76      76      12
     76      76      13
     76      76      14
     76      76      15
     76      76      16
     76      76      17
     76      77       5
     76      77       6
     76      77       7
     76      77       8
     76      77       9
     76      77      10
     76      77      11
     76      77      12
     76      77      13
     76      77      14
     76      77      15
     76      77      16
     76      77      17
     76      78       5
     76      78       6
     76      78       7
     76      78       8
     76      78       9
     76      78      10
     76      78      11
     76      78      12
     76      78      13
     76      78      14
     76      78      15
     76      78      16
     76      78      17
     76      79       5
     76      79       6
     76      79       7
     76      79       8
     76      79       9
     76      79      10
     76      79      11
     76      79      12
     76      79      13
     76      79      14
     76      79      15
     76      79      16
     76      79      17
     76      80       5
     76      80       6
     76      80       7
     76      80       8
     76      80       9
     76      80      10
     76      80      11
     76      80      12
     76      80      13
     76      80      14
     76      80      15
     76      80      16
     76      80      17
     76      81       5
     76      81       6
     76      81       7
     76      81       8
     76      81       9
     76      81      10
     76      81      11
     76      81      12
     76      81      13
     76      81      14
     76      81      15
     76      81      16
     76      81      17
     76      82       5
     76      82       6
     76      82       7
     76      82       8
     76      82       9
     76      82      10
     76      82      11
     76      82      12
     76      82      13
     76      82      14
     76      82      15
     76      82      16
     76      82      17
     76      83       5
     76      83       6
     76      83       7
     76      83       8
     76      83       9
     76      83      10
     76      83      11
     76      83      12
     76      83      13
     76      83      14
     76      83      15
     76      83      16
     76      83      17
     76      84       5
     76      84       6
     76      84       7
     76      84       8
     76      84       9
     76      84      10
     76      84      11
     76      84      12
     76      84      13
     76      84      14
     76      84      15
     76      84      16
     76      84      17
     77      40       5
     77      40       6
     77      40       7
     77      40       8
     77      40       9
     77      40      10
     77      40      11
     77      40      12
     77      40      13
     77      40      14
     77      40      15
     77      40      16
     77      40      17
     77      41       5
     77      41       6
     77      41       7
     77      41       8
     77      41       9
     77      41      10
     77      41      11
     77      41      12
     77      41      13
     77      41      14
     77      41      15
     77      41      16
     77      41      17
     77      42       5
     77      42       6
     77      42       7
     77      42       8
     77      42       9
     77      42      10
     77      42      11
     77      42      12
     77      42      13
     77      42      14
     77      42      15
     77      42      16
     77      42      17
     77      43       5
     77      43       6
     77      43       7
     77      43       8
     77      43       9
     77      43      10
     77      43      11
     77      43      12
     77      43      13
     77      43      14
     77      43      15
     77      43      16
     77      43      17
     77      44       5
     77      44       6
     77      44       7
     77      44       8
     77      44       9
     77      44      10
     77      44      11
     77      44      12
     77      44      13
     77      44      14
     77      44      15
     77      44      16
     77      44      17
     77      45       5
     77      45       6
     77      45       7
     77      45       8
     77      45       9
     77      45      10
     77      45      11
     77      45      12
     77      45      13
     77      45      14
     77      45      15
     77      45      16
     77      45      17
     77      46       5
     77      46       6
     77      46       7
     77      46       8
     77      46       9
     77      46      10
     77      46      11
     77      46      12
     77      46      13
     77      46      14
     77      46      15
     77      46      16
     77      46      17
     77      47       5
     77      47       6
     77      47       7
     77      47       8
     77      47       9
     77      47      10
     77      47      11
     77      47      12
     77      47      13
     77      47      14
     77      47      15
     77      47      16
     77      47      17
     77      48       5
     77      48       6
     77      48       7
     77      48       8
     77      48       9
     77      48      10
     77      48      11
     77      48      12
     77      48      13
     77      48      14
     77      48      15
     77      48      16
     77      48      17
     77      49       5
     77      49       6
     77      49       7
     77      49       8
     77      49       9
     77      49      10
     77      49      11
     77      49      12
     77      49      13
     77      49      14
     77      49      15
     77      49      16
     77      49      17
     77      50       5
     77      50       6
     77      50       7
     77      50       8
     77      50       9
     77      50      10
     77      50      11
     77      50      12
     77      50      13
     77      50      14
     77      50      15
     77      50      16
     77      50      17
     77      51       5
     77      51       6
     77      51       7
     77      51       8
     77      51       9
     77      51      10
     77      51      11
     77      51      12
     77      51      13
     77      51      14
     77      51      15
     77      51      16
     77      51      17
     77      52       5
     77      52       6
     77      52       7
     77      52       8
     77      52       9
     77      52      10
     77      52      11
     77      52      12
     77      52      13
     77      52      14
     77      52      15
     77      52      16
     77      52      17
     77      53       5
     77      53       6
     77      53       7
     77      53       8
     77      53       9
     77      53      10
     77      53      11
     77      53      12
     77      53      13
     77      53      14
     77      53      15
     77      53      16
     77      53      17
     77      54       5
     77      54       6
     77      54       7
     77      54       8
     77      54       9
     77      54      10
     77      54      11
     77      54      12
     77      54      13
     77      54      14
     77      54      15
     77      54      16
     77      54      17
     77      55       5
     77      55       6
     77      55       7
     77      55       8
     77      55       9
     77      55      10
     77      55      11
     77      55      12
     77      55      13
     77      55      14
     77      55      15
     77      55      16
     77      55      17
     77      56       5
     77      56       6
     77      56       7
     77      56       8
     77      56       9
     77      56      10
     77      56      11
     77      56      12
     77      56      13
     77      56      14
     77      56      15
     77      56      16
     77      56      17
     77      57       5
     77      57       6
     77      57       7
     77      57       8
     77      57       9
     77      57      10
     77      57      11
     77      57      12
     77      57      13
     77      57      14
     77      57      15
     77      57      16
     77      57      17
     77      58       5
     77      58       6
     77      58       7
     77      58       8
     77      58       9
     77      58      10
     77      58      11
     77      58      12
     77      58      13
     77      58      14
     77      58      15
     77      58      16
     77      58      17
     77      59       5
     77      59       6
     77      59       7
     77      59       8
     77      59       9
     77      59      10
     77      59      11
     77      59      12
     77      59      13
     77      59      14
     77      59      15
     77      59      16
     77      59      17
     77      60       5
     77      60       6
     77      60       7
     77      60       8
     77      60       9
     77      60      10
     77      60      11
     77      60      12
     77      60      13
     77      60      14
     77      60      15
     77      60      16
     77      60      17
     77      61       5
     77      61       6
     77      61       7
     77      61       8
     77      61       9
     77      61      10
     77      61      11
     77      61      12
     77      61      13
     77      61      14
     77      61      15
     77      61      16
     77      61      17
     77      62       5
     77      62       6
     77      62       7
     77      62       8
     77      62       9
     77      62      10
     77      62      11
     77      62      12
     77      62      13
     77      62      14
     77      62      15
     77      62      16
     77      62      17
     77      63       5
     77      63       6
     77      63       7
     77      63       8
     77      63       9
     77      63      10
     77      63      11
     77      63      12
     77      63      13
     77      63      14
     77      63      15
     77      63      16
     77      63      17
     77      64       5
     77      64       6
     77      64       7
     77      64       8
     77      64       9
     77      64      10
     77      64      11
     77      64      12
     77      64      13
     77      64      14
     77      64      15
     77      64      16
     77      64      17
     77      65       5
     77      65       6
     77      65       7
     77      65       8
     77      65       9
     77      65      10
     77      65      11
     77      65      12
     77      65      13
     77      65      14
     77      65      15
     77      65      16
     77      65      17
     77      66       5
     77      66       6
     77      66       7
     77      66       8
     77      66       9
     77      66      10
     77      66      11
     77      66      12
     77      66      13
     77      66      14
     77      66      15
     77      66      16
     77      66      17
     77      67       5
     77      67       6
     77      67       7
     77      67       8
     77      67       9
     77      67      10
     77      67      11
     77      67      12
     77      67      13
     77      67      14
     77      67      15
     77      67      16
     77      67      17
     77      68       5
     77      68       6
     77      68       7
     77      68       8
     77      68       9
     77      68      10
     77      68      11
     77      68      12
     77      68      13
     77      68      14
     77      68      15
     77      68      16
     77      68      17
     77      69       5
     77      69       6
     77      69       7
     77      69       8
     77      69       9
     77      69      10
     77      69      11
     77      69      12
     77      69      13
     77      69      14
     77      69      15
     77      69      16
     77      69      17
     77      70       5
     77      70       6
     77      70       7
     77      70       8
     77      70       9
     77      70      10
     77      70      11
     77      70      12
     77      70      13
     77      70      14
     77      70      15
     77      70      16
     77      70      17
     77      71       5
     77      71       6
     77      71       7
     77      71       8
     77      71       9
     77      71      10
     77      71      11
     77      71      12
     77      71      13
     77      71      14
     77      71      15
     77      71      16
     77      71      17
     77      72       5
     77      72       6
     77      72       7
     77      72       8
     77      72       9
     77      72      10
     77      72      11
     77      72      12
     77      72      13
     77      72      14
     77      72      15
     77      72      16
     77      72      17
     77      73       5
     77      73       6
     77      73       7
     77      73       8
     77      73       9
     77      73      10
     77      73      11
     77      73      12
     77      73      13
     77      73      14
     77      73      15
     77      73      16
     77      73      17
     77      74       5
     77      74       6
     77      74       7
     77      74       8
     77      74       9
     77      74      10
     77      74      11
     77      74      12
     77      74      13
     77      74      14
     77      74      15
     77      74      16
     77      74      17
     77      75       5
     77      75       6
     77      75       7
     77      75       8
     77      75       9
     77      75      10
     77      75      11
     77      75      12
     77      75      13
     77      75      14
     77      75      15
     77      75      16
     77      75      17
     77      76       5
     77      76       6
     77      76       7
     77      76       8
     77      76       9
     77      76      10
     77      76      11
     77      76      12
     77      76      13
     77      76      14
     77      76      15
     77      76      16
     77      76      17
     77      77       5
     77      77       6
     77      77       7
     77      77       8
     77      77       9
     77      77      10
     77      77      11
     77      77      12
     77      77      13
     77      77      14
     77      77      15
     77      77      16
     77      77      17
     77      78       5
     77      78       6
     77      78       7
     77      78       8
     77      78       9
     77      78      10
     77      78      11
     77      78      12
     77      78      13
     77      78      14
     77      78      15
     77      78      16
     77      78      17
     77      79       5
     77      79       6
     77      79       7
     77      79       8
     77      79       9
     77      79      10
     77      79      11
     77      79      12
     77      79      13
     77      79      14
     77      79      15
     77      79      16
     77      79      17
     77      80       5
     77      80       6
     77      80       7
     77      80       8
     77      80       9
     77      80      10
     77      80      11
     77      80      12
     77      80      13
     77      80      14
     77      80      15
     77      80      16
     77      80      17
     77      81       5
     77      81       6
     77      81       7
     77      81       8
     77      81       9
     77      81      10
     77      81      11
     77      81      12
     77      81      13
     77      81      14
     77      81      15
     77      81      16
     77      81      17
     77      82       5
     77      82       6
     77      82       7
     77      82       8
     77      82       9
     77      82      10
     77      82      11
     77      82      12
     77      82      13
     77      82      14
     77      82      15
     77      82      16
     77      82      17
     77      83       5
     77      83       6
     77      83       7
     77      83       8
     77      83       9
     77      83      10
     77      83      11
     77      83      12
     77      83      13
     77      83      14
     77      83      15
     77      83      16
     77      83      17
     77      84       5
     77      84       6
     77      84       7
     77      84       8
     77      84       9
     77      84      10
     77      84      11
     77      84      12
     77      84      13
     77      84      14
     77      84      15
     77      84      16
     77      84      17
     78      40       5
     78      40       6
     78      40       7
     78      40       8
     78      40       9
     78      40      10
     78      40      11
     78      40      12
     78      40      13
     78      40      14
     78      40      15
     78      40      16
     78      40      17
     78      41       5
     78      41       6
     78      41       7
     78      41       8
     78      41       9
     78      41      10
     78      41      11
     78      41      12
     78      41      13
     78      41      14
     78      41      15
     78      41      16
     78      41      17
     78      42       5
     78      42       6
     78      42       7
     78      42       8
     78      42       9
     78      42      10
     78      42      11
     78      42      12
     78      42      13
     78      42      14
     78      42      15
     78      42      16
     78      42      17
     78      43       5
     78      43       6
     78      43       7
     78      43       8
     78      43       9
     78      43      10
     78      43      11
     78      43      12
     78      43      13
     78      43      14
     78      43      15
     78      43      16
     78      43      17
     78      44       5
     78      44       6
     78      44       7
     78      44       8
     78      44       9
     78      44      10
     78      44      11
     78      44      12
     78      44      13
     78      44      14
     78      44      15
     78      44      16
     78      44      17
     78      45       5
     78      45       6
     78      45       7
     78      45       8
     78      45       9
     78      45      10
     78      45      11
     78      45      12
     78      45      13
     78      45      14
     78      45      15
     78      45      16
     78      45      17
     78      46       5
     78      46       6
     78      46       7
     78      46       8
     78      46       9
     78      46      10
     78      46      11
     78      46      12
     78      46      13
     78      46      14
     78      46      15
     78      46      16
     78      46      17
     78      47       5
     78      47       6
     78      47       7
     78      47       8
     78      47       9
     78      47      10
     78      47      11
     78      47      12
     78      47      13
     78      47      14
     78      47      15
     78      47      16
     78      47      17
     78      48       5
     78      48       6
     78      48       7
     78      48       8
     78      48       9
     78      48      10
     78      48      11
     78      48      12
     78      48      13
     78      48      14
     78      48      15
     78      48      16
     78      48      17
     78      49       5
     78      49       6
     78      49       7
     78      49       8
     78      49       9
     78      49      10
     78      49      11
     78      49      12
     78      49      13
     78      49      14
     78      49      15
     78      49      16
     78      49      17
     78      50       5
     78      50       6
     78      50       7
     78      50       8
     78      50       9
     78      50      10
     78      50      11
     78      50      12
     78      50      13
     78      50      14
     78      50      15
     78      50      16
     78      50      17
     78      51       5
     78      51       6
     78      51       7
     78      51       8
     78      51       9
     78      51      10
     78      51      11
     78      51      12
     78      51      13
     78      51      14
     78      51      15
     78      51      16
     78      51      17
     78      52       5
     78      52       6
     78      52       7
     78      52       8
     78      52       9
     78      52      10
     78      52      11
     78      52      12
     78      52      13
     78      52      14
     78      52      15
     78      52      16
     78      52      17
     78      53       5
     78      53       6
     78      53       7
     78      53       8
     78      53       9
     78      53      10
     78      53      11
     78      53      12
     78      53      13
     78      53      14
     78      53      15
     78      53      16
     78      53      17
     78      54       5
     78      54       6
     78      54       7
     78      54       8
     78      54       9
     78      54      10
     78      54      11
     78      54      12
     78      54      13
     78      54      14
     78      54      15
     78      54      16
     78      54      17
     78      55       5
     78      55       6
     78      55       7
     78      55       8
     78      55       9
     78      55      10
     78      55      11
     78      55      12
     78      55      13
     78      55      14
     78      55      15
     78      55      16
     78      55      17
     78      56       5
     78      56       6
     78      56       7
     78      56       8
     78      56       9
     78      56      10
     78      56      11
     78      56      12
     78      56      13
     78      56      14
     78      56      15
     78      56      16
     78      56      17
     78      57       5
     78      57       6
     78      57       7
     78      57       8
     78      57       9
     78      57      10
     78      57      11
     78      57      12
     78      57      13
     78      57      14
     78      57      15
     78      57      16
     78      57      17
     78      58       5
     78      58       6
     78      58       7
     78      58       8
     78      58       9
     78      58      10
     78      58      11
     78      58      12
     78      58      13
     78      58      14
     78      58      15
     78      58      16
     78      58      17
     78      59       5
     78      59       6
     78      59       7
     78      59       8
     78      59       9
     78      59      10
     78      59      11
     78      59      12
     78      59      13
     78      59      14
     78      59      15
     78      59      16
     78      59      17
     78      60       5
     78      60       6
     78      60       7
     78      60       8
     78      60       9
     78      60      10
     78      60      11
     78      60      12
     78      60      13
     78      60      14
     78      60      15
     78      60      16
     78      60      17
     78      61       5
     78      61       6
     78      61       7
     78      61       8
     78      61       9
     78      61      10
     78      61      11
     78      61      12
     78      61      13
     78      61      14
     78      61      15
     78      61      16
     78      61      17
     78      62       5
     78      62       6
     78      62       7
     78      62       8
     78      62       9
     78      62      10
     78      62      11
     78      62      12
     78      62      13
     78      62      14
     78      62      15
     78      62      16
     78      62      17
     78      63       5
     78      63       6
     78      63       7
     78      63       8
     78      63       9
     78      63      10
     78      63      11
     78      63      12
     78      63      13
     78      63      14
     78      63      15
     78      63      16
     78      63      17
     78      64       5
     78      64       6
     78      64       7
     78      64       8
     78      64       9
     78      64      10
     78      64      11
     78      64      12
     78      64      13
     78      64      14
     78      64      15
     78      64      16
     78      64      17
     78      65       5
     78      65       6
     78      65       7
     78      65       8
     78      65       9
     78      65      10
     78      65      11
     78      65      12
     78      65      13
     78      65      14
     78      65      15
     78      65      16
     78      65      17
     78      66       5
     78      66       6
     78      66       7
     78      66       8
     78      66       9
     78      66      10
     78      66      11
     78      66      12
     78      66      13
     78      66      14
     78      66      15
     78      66      16
     78      66      17
     78      67       5
     78      67       6
     78      67       7
     78      67       8
     78      67       9
     78      67      10
     78      67      11
     78      67      12
     78      67      13
     78      67      14
     78      67      15
     78      67      16
     78      67      17
     78      68       5
     78      68       6
     78      68       7
     78      68       8
     78      68       9
     78      68      10
     78      68      11
     78      68      12
     78      68      13
     78      68      14
     78      68      15
     78      68      16
     78      68      17
     78      69       5
     78      69       6
     78      69       7
     78      69       8
     78      69       9
     78      69      10
     78      69      11
     78      69      12
     78      69      13
     78      69      14
     78      69      15
     78      69      16
     78      69      17
     78      70       5
     78      70       6
     78      70       7
     78      70       8
     78      70       9
     78      70      10
     78      70      11
     78      70      12
     78      70      13
     78      70      14
     78      70      15
     78      70      16
     78      70      17
     78      71       5
     78      71       6
     78      71       7
     78      71       8
     78      71       9
     78      71      10
     78      71      11
     78      71      12
     78      71      13
     78      71      14
     78      71      15
     78      71      16
     78      71      17
     78      72       5
     78      72       6
     78      72       7
     78      72       8
     78      72       9
     78      72      10
     78      72      11
     78      72      12
     78      72      13
     78      72      14
     78      72      15
     78      72      16
     78      72      17
     78      73       5
     78      73       6
     78      73       7
     78      73       8
     78      73       9
     78      73      10
     78      73      11
     78      73      12
     78      73      13
     78      73      14
     78      73      15
     78      73      16
     78      73      17
     78      74       5
     78      74       6
     78      74       7
     78      74       8
     78      74       9
     78      74      10
     78      74      11
     78      74      12
     78      74      13
     78      74      14
     78      74      15
     78      74      16
     78      74      17
     78      75       5
     78      75       6
     78      75       7
     78      75       8
     78      75       9
     78      75      10
     78      75      11
     78      75      12
     78      75      13
     78      75      14
     78      75      15
     78      75      16
     78      75      17
     78      76       5
     78      76       6
     78      76       7
     78      76       8
     78      76       9
     78      76      10
     78      76      11
     78      76      12
     78      76      13
     78      76      14
     78      76      15
     78      76      16
     78      76      17
     78      77       5
     78      77       6
     78      77       7
     78      77       8
     78      77       9
     78      77      10
     78      77      11
     78      77      12
     78      77      13
     78      77      14
     78      77      15
     78      77      16
     78      77      17
     78      78       5
     78      78       6
     78      78       7
     78      78       8
     78      78       9
     78      78      10
     78      78      11
     78      78      12
     78      78      13
     78      78      14
     78      78      15
     78      78      16
     78      78      17
     78      79       5
     78      79       6
     78      79       7
     78      79       8
     78      79       9
     78      79      10
     78      79      11
     78      79      12
     78      79      13
     78      79      14
     78      79      15
     78      79      16
     78      79      17
     78      80       5
     78      80       6
     78      80       7
     78      80       8
     78      80       9
     78      80      10
     78      80      11
     78      80      12
     78      80      13
     78      80      14
     78      80      15
     78      80      16
     78      80      17
     78      81       5
     78      81       6
     78      81       7
     78      81       8
     78      81       9
     78      81      10
     78      81      11
     78      81      12
     78      81      13
     78      81      14
     78      81      15
     78      81      16
     78      81      17
     78      82       5
     78      82       6
     78      82       7
     78      82       8
     78      82       9
     78      82      10
     78      82      11
     78      82      12
     78      82      13
     78      82      14
     78      82      15
     78      82      16
     78      82      17
     78      83       5
     78      83       6
     78      83       7
     78      83       8
     78      83       9
     78      83      10
     78      83      11
     78      83      12
     78      83      13
     78      83      14
     78      83      15
     78      83      16
     78      83      17
     78      84       5
     78      84       6
     78      84       7
     78      84       8
     78      84       9
     78      84      10
     78      84      11
     78      84      12
     78      84      13
     78      84      14
     78      84      15
     78      84      16
     78      84      17
     79      40       5
     79      40       6
     79      40       7
     79      40       8
     79      40       9
     79      40      10
     79      40      11
     79      40      12
     79      40      13
     79      40      14
     79      40      15
     79      40      16
     79      40      17
     79      41       5
     79      41       6
     79      41       7
     79      41       8
     79      41       9
     79      41      10
     79      41      11
     79      41      12
     79      41      13
     79      41      14
     79      41      15
     79      41      16
     79      41      17
     79      42       5
     79      42       6
     79      42       7
     79      42       8
     79      42       9
     79      42      10
     79      42      11
     79      42      12
     79      42      13
     79      42      14
     79      42      15
     79      42      16
     79      42      17
     79      43       5
     79      43       6
     79      43       7
     79      43       8
     79      43       9
     79      43      10
     79      43      11
     79      43      12
     79      43      13
     79      43      14
     79      43      15
     79      43      16
     79      43      17
     79      44       5
     79      44       6
     79      44       7
     79      44       8
     79      44       9
     79      44      10
     79      44      11
     79      44      12
     79      44      13
     79      44      14
     79      44      15
     79      44      16
     79      44      17
     79      45       5
     79      45       6
     79      45       7
     79      45       8
     79      45       9
     79      45      10
     79      45      11
     79      45      12
     79      45      13
     79      45      14
     79      45      15
     79      45      16
     79      45      17
     79      46       5
     79      46       6
     79      46       7
     79      46       8
     79      46       9
     79      46      10
     79      46      11
     79      46      12
     79      46      13
     79      46      14
     79      46      15
     79      46      16
     79      46      17
     79      47       5
     79      47       6
     79      47       7
     79      47       8
     79      47       9
     79      47      10
     79      47      11
     79      47      12
     79      47      13
     79      47      14
     79      47      15
     79      47      16
     79      47      17
     79      48       5
     79      48       6
     79      48       7
     79      48       8
     79      48       9
     79      48      10
     79      48      11
     79      48      12
     79      48      13
     79      48      14
     79      48      15
     79      48      16
     79      48      17
     79      49       5
     79      49       6
     79      49       7
     79      49       8
     79      49       9
     79      49      10
     79      49      11
     79      49      12
     79      49      13
     79      49      14
     79      49      15
     79      49      16
     79      49      17
     79      50       5
     79      50       6
     79      50       7
     79      50       8
     79      50       9
     79      50      10
     79      50      11
     79      50      12
     79      50      13
     79      50      14
     79      50      15
     79      50      16
     79      50      17
     79      51       5
     79      51       6
     79      51       7
     79      51       8
     79      51       9
     79      51      10
     79      51      11
     79      51      12
     79      51      13
     79      51      14
     79      51      15
     79      51      16
     79      51      17
     79      52       5
     79      52       6
     79      52       7
     79      52       8
     79      52       9
     79      52      10
     79      52      11
     79      52      12
     79      52      13
     79      52      14
     79      52      15
     79      52      16
     79      52      17
     79      53       5
     79      53       6
     79      53       7
     79      53       8
     79      53       9
     79      53      10
     79      53      11
     79      53      12
     79      53      13
     79      53      14
     79      53      15
     79      53      16
     79      53      17
     79      54       5
     79      54       6
     79      54       7
     79      54       8
     79      54       9
     79      54      10
     79      54      11
     79      54      12
     79      54      13
     79      54      14
     79      54      15
     79      54      16
     79      54      17
     79      55       5
     79      55       6
     79      55       7
     79      55       8
     79      55       9
     79      55      10
     79      55      11
     79      55      12
     79      55      13
     79      55      14
     79      55      15
     79      55      16
     79      55      17
     79      56       5
     79      56       6
     79      56       7
     79      56       8
     79      56       9
     79      56      10
     79      56      11
     79      56      12
     79      56      13
     79      56      14
     79      56      15
     79      56      16
     79      56      17
     79      57       5
     79      57       6
     79      57       7
     79      57       8
     79      57       9
     79      57      10
     79      57      11
     79      57      12
     79      57      13
     79      57      14
     79      57      15
     79      57      16
     79      57      17
     79      58       5
     79      58       6
     79      58       7
     79      58       8
     79      58       9
     79      58      10
     79      58      11
     79      58      12
     79      58      13
     79      58      14
     79      58      15
     79      58      16
     79      58      17
     79      59       5
     79      59       6
     79      59       7
     79      59       8
     79      59       9
     79      59      10
     79      59      11
     79      59      12
     79      59      13
     79      59      14
     79      59      15
     79      59      16
     79      59      17
     79      60       5
     79      60       6
     79      60       7
     79      60       8
     79      60       9
     79      60      10
     79      60      11
     79      60      12
     79      60      13
     79      60      14
     79      60      15
     79      60      16
     79      60      17
     79      61       5
     79      61       6
     79      61       7
     79      61       8
     79      61       9
     79      61      10
     79      61      11
     79      61      12
     79      61      13
     79      61      14
     79      61      15
     79      61      16
     79      61      17
     79      62       5
     79      62       6
     79      62       7
     79      62       8
     79      62       9
     79      62      10
     79      62      11
     79      62      12
     79      62      13
     79      62      14
     79      62      15
     79      62      16
     79      62      17
     79      63       5
     79      63       6
     79      63       7
     79      63       8
     79      63       9
     79      63      10
     79      63      11
     79      63      12
     79      63      13
     79      63      14
     79      63      15
     79      63      16
     79      63      17
     79      64       5
     79      64       6
     79      64       7
     79      64       8
     79      64       9
     79      64      10
     79      64      11
     79      64      12
     79      64      13
     79      64      14
     79      64      15
     79      64      16
     79      64      17
     79      65       5
     79      65       6
     79      65       7
     79      65       8
     79      65       9
     79      65      10
     79      65      11
     79      65      12
     79      65      13
     79      65      14
     79      65      15
     79      65      16
     79      65      17
     79      66       5
     79      66       6
     79      66       7
     79      66       8
     79      66       9
     79      66      10
     79      66      11
     79      66      12
     79      66      13
     79      66      14
     79      66      15
     79      66      16
     79      66      17
     79      67       5
     79      67       6
     79      67       7
     79      67       8
     79      67       9
     79      67      10
     79      67      11
     79      67      12
     79      67      13
     79      67      14
     79      67      15
     79      67      16
     79      67      17
     79      68       5
     79      68       6
     79      68       7
     79      68       8
     79      68       9
     79      68      10
     79      68      11
     79      68      12
     79      68      13
     79      68      14
     79      68      15
     79      68      16
     79      68      17
     79      69       5
     79      69       6
     79      69       7
     79      69       8
     79      69       9
     79      69      10
     79      69      11
     79      69      12
     79      69      13
     79      69      14
     79      69      15
     79      69      16
     79      69      17
     79      70       5
     79      70       6
     79      70       7
     79      70       8
     79      70       9
     79      70      10
     79      70      11
     79      70      12
     79      70      13
     79      70      14
     79      70      15
     79      70      16
     79      70      17
     79      71       5
     79      71       6
     79      71       7
     79      71       8
     79      71       9
     79      71      10
     79      71      11
     79      71      12
     79      71      13
     79      71      14
     79      71      15
     79      71      16
     79      71      17
     79      72       5
     79      72       6
     79      72       7
     79      72       8
     79      72       9
     79      72      10
     79      72      11
     79      72      12
     79      72      13
     79      72      14
     79      72      15
     79      72      16
     79      72      17
     79      73       5
     79      73       6
     79      73       7
     79      73       8
     79      73       9
     79      73      10
     79      73      11
     79      73      12
     79      73      13
     79      73      14
     79      73      15
     79      73      16
     79      73      17
     79      74       5
     79      74       6
     79      74       7
     79      74       8
     79      74       9
     79      74      10
     79      74      11
     79      74      12
     79      74      13
     79      74      14
     79      74      15
     79      74      16
     79      74      17
     79      75       5
     79      75       6
     79      75       7
     79      75       8
     79      75       9
     79      75      10
     79      75      11
     79      75      12
     79      75      13
     79      75      14
     79      75      15
     79      75      16
     79      75      17
     79      76       5
     79      76       6
     79      76       7
     79      76       8
     79      76       9
     79      76      10
     79      76      11
     79      76      12
     79      76      13
     79      76      14
     79      76      15
     79      76      16
     79      76      17
     79      77       5
     79      77       6
     79      77       7
     79      77       8
     79      77       9
     79      77      10
     79      77      11
     79      77      12
     79      77      13
     79      77      14
     79      77      15
     79      77      16
     79      77      17
     79      78       5
     79      78       6
     79      78       7
     79      78       8
     79      78       9
     79      78      10
     79      78      11
     79      78      12
     79      78      13
     79      78      14
     79      78      15
     79      78      16
     79      78      17
     79      79       5
     79      79       6
     79      79       7
     79      79       8
     79      79       9
     79      79      10
     79      79      11
     79      79      12
     79      79      13
     79      79      14
     79      79      15
     79      79      16
     79      79      17
     79      80       5
     79      80       6
     79      80       7
     79      80       8
     79      80       9
     79      80      10
     79      80      11
     79      80      12
     79      80      13
     79      80      14
     79      80      15
     79      80      16
     79      80      17
     79      81       5
     79      81       6
     79      81       7
     79      81       8
     79      81       9
     79      81      10
     79      81      11
     79      81      12
     79      81      13
     79      81      14
     79      81      15
     79      81      16
     79      81      17
     79      82       5
     79      82       6
     79      82       7
     79      82       8
     79      82       9
     79      82      10
     79      82      11
     79      82      12
     79      82      13
     79      82      14
     79      82      15
     79      82      16
     79      82      17
     79      83       5
     79      83       6
     79      83       7
     79      83       8
     79      83       9
     79      83      10
     79      83      11
     79      83      12
     79      83      13
     79      83      14
     79      83      15
     79      83      16
     79      83      17
     79      84       5
     79      84       6
     79      84       7
     79      84       8
     79      84       9
     79      84      10
     79      84      11
     79      84      12
     79      84      13
     79      84      14
     79      84      15
     79      84      16
     79      84      17
     80      40       5
     80      40       6
     80      40       7
     80      40       8
     80      40       9
     80      40      10
     80      40      11
     80      40      12
     80      40      13
     80      40      14
     80      40      15
     80      40      16
     80      40      17
     80      41       5
     80      41       6
     80      41       7
     80      41       8
     80      41       9
     80      41      10
     80      41      11
     80      41      12
     80      41      13
     80      41      14
     80      41      15
     80      41      16
     80      41      17
     80      42       5
     80      42       6
     80      42       7
     80      42       8
     80      42       9
     80      42      10
     80      42      11
     80      42      12
     80      42      13
     80      42      14
     80      42      15
     80      42      16
     80      42      17
     80      43       5
     80      43       6
     80      43       7
     80      43       8
     80      43       9
     80      43      10
     80      43      11
     80      43      12
     80      43      13
     80      43      14
     80      43      15
     80      43      16
     80      43      17
     80      44       5
     80      44       6
     80      44       7
     80      44       8
     80      44       9
     80      44      10
     80      44      11
     80      44      12
     80      44      13
     80      44      14
     80      44      15
     80      44      16
     80      44      17
     80      45       5
     80      45       6
     80      45       7
     80      45       8
     80      45       9
     80      45      10
     80      45      11
     80      45      12
     80      45      13
     80      45      14
     80      45      15
     80      45      16
     80      45      17
     80      46       5
     80      46       6
     80      46       7
     80      46       8
     80      46       9
     80      46      10
     80      46      11
     80      46      12
     80      46      13
     80      46      14
     80      46      15
     80      46      16
     80      46      17
     80      47       5
     80      47       6
     80      47       7
     80      47       8
     80      47       9
     80      47      10
     80      47      11
     80      47      12
     80      47      13
     80      47      14
     80      47      15
     80      47      16
     80      47      17
     80      48       5
     80      48       6
     80      48       7
     80      48       8
     80      48       9
     80      48      10
     80      48      11
     80      48      12
     80      48      13
     80      48      14
     80      48      15
     80      48      16
     80      48      17
     80      49       5
     80      49       6
     80      49       7
     80      49       8
     80      49       9
     80      49      10
     80      49      11
     80      49      12
     80      49      13
     80      49      14
     80      49      15
     80      49      16
     80      49      17
     80      50       5
     80      50       6
     80      50       7
     80      50       8
     80      50       9
     80      50      10
     80      50      11
     80      50      12
     80      50      13
     80      50      14
     80      50      15
     80      50      16
     80      50      17
     80      51       5
     80      51       6
     80      51       7
     80      51       8
     80      51       9
     80      51      10
     80      51      11
     80      51      12
     80      51      13
     80      51      14
     80      51      15
     80      51      16
     80      51      17
     80      52       5
     80      52       6
     80      52       7
     80      52       8
     80      52       9
     80      52      10
     80      52      11
     80      52      12
     80      52      13
     80      52      14
     80      52      15
     80      52      16
     80      52      17
     80      53       5
     80      53       6
     80      53       7
     80      53       8
     80      53       9
     80      53      10
     80      53      11
     80      53      12
     80      53      13
     80      53      14
     80      53      15
     80      53      16
     80      53      17
     80      54       5
     80      54       6
     80      54       7
     80      54       8
     80      54       9
     80      54      10
     80      54      11
     80      54      12
     80      54      13
     80      54      14
     80      54      15
     80      54      16
     80      54      17
     80      55       5
     80      55       6
     80      55       7
     80      55       8
     80      55       9
     80      55      10
     80      55      11
     80      55      12
     80      55      13
     80      55      14
     80      55      15
     80      55      16
     80      55      17
     80      56       5
     80      56       6
     80      56       7
     80      56       8
     80      56       9
     80      56      10
     80      56      11
     80      56      12
     80      56      13
     80      56      14
     80      56      15
     80      56      16
     80      56      17
     80      57       5
     80      57       6
     80      57       7
     80      57       8
     80      57       9
     80      57      10
     80      57      11
     80      57      12
     80      57      13
     80      57      14
     80      57      15
     80      57      16
     80      57      17
     80      58       5
     80      58       6
     80      58       7
     80      58       8
     80      58       9
     80      58      10
     80      58      11
     80      58      12
     80      58      13
     80      58      14
     80      58      15
     80      58      16
     80      58      17
     80      59       5
     80      59       6
     80      59       7
     80      59       8
     80      59       9
     80      59      10
     80      59      11
     80      59      12
     80      59      13
     80      59      14
     80      59      15
     80      59      16
     80      59      17
     80      60       5
     80      60       6
     80      60       7
     80      60       8
     80      60       9
     80      60      10
     80      60      11
     80      60      12
     80      60      13
     80      60      14
     80      60      15
     80      60      16
     80      60      17
     80      61       5
     80      61       6
     80      61       7
     80      61       8
     80      61       9
     80      61      10
     80      61      11
     80      61      12
     80      61      13
     80      61      14
     80      61      15
     80      61      16
     80      61      17
     80      62       5
     80      62       6
     80      62       7
     80      62       8
     80      62       9
     80      62      10
     80      62      11
     80      62      12
     80      62      13
     80      62      14
     80      62      15
     80      62      16
     80      62      17
     80      63       5
     80      63       6
     80      63       7
     80      63       8
     80      63       9
     80      63      10
     80      63      11
     80      63      12
     80      63      13
     80      63      14
     80      63      15
     80      63      16
     80      63      17
     80      64       5
     80      64       6
     80      64       7
     80      64       8
     80      64       9
     80      64      10
     80      64      11
     80      64      12
     80      64      13
     80      64      14
     80      64      15
     80      64      16
     80      64      17
     80      65       5
     80      65       6
     80      65       7
     80      65       8
     80      65       9
     80      65      10
     80      65      11
     80      65      12
     80      65      13
     80      65      14
     80      65      15
     80      65      16
     80      65      17
     80      66       5
     80      66       6
     80      66       7
     80      66       8
     80      66       9
     80      66      10
     80      66      11
     80      66      12
     80      66      13
     80      66      14
     80      66      15
     80      66      16
     80      66      17
     80      67       5
     80      67       6
     80      67       7
     80      67       8
     80      67       9
     80      67      10
     80      67      11
     80      67      12
     80      67      13
     80      67      14
     80      67      15
     80      67      16
     80      67      17
     80      68       5
     80      68       6
     80      68       7
     80      68       8
     80      68       9
     80      68      10
     80      68      11
     80      68      12
     80      68      13
     80      68      14
     80      68      15
     80      68      16
     80      68      17
     80      69       5
     80      69       6
     80      69       7
     80      69       8
     80      69       9
     80      69      10
     80      69      11
     80      69      12
     80      69      13
     80      69      14
     80      69      15
     80      69      16
     80      69      17
     80      70       5
     80      70       6
     80      70       7
     80      70       8
     80      70       9
     80      70      10
     80      70      11
     80      70      12
     80      70      13
     80      70      14
     80      70      15
     80      70      16
     80      70      17
     80      71       5
     80      71       6
     80      71       7
     80      71       8
     80      71       9
     80      71      10
     80      71      11
     80      71      12
     80      71      13
     80      71      14
     80      71      15
     80      71      16
     80      71      17
     80      72       5
     80      72       6
     80      72       7
     80      72       8
     80      72       9
     80      72      10
     80      72      11
     80      72      12
     80      72      13
     80      72      14
     80      72      15
     80      72      16
     80      72      17
     80      73       5
     80      73       6
     80      73       7
     80      73       8
     80      73       9
     80      73      10
     80      73      11
     80      73      12
     80      73      13
     80      73      14
     80      73      15
     80      73      16
     80      73      17
     80      74       5
     80      74       6
     80      74       7
     80      74       8
     80      74       9
     80      74      10
     80      74      11
     80      74      12
     80      74      13
     80      74      14
     80      74      15
     80      74      16
     80      74      17
     80      75       5
     80      75       6
     80      75       7
     80      75       8
     80      75       9
     80      75      10
     80      75      11
     80      75      12
     80      75      13
     80      75      14
     80      75      15
     80      75      16
     80      75      17
     80      76       5
     80      76       6
     80      76       7
     80      76       8
     80      76       9
     80      76      10
     80      76      11
     80      76      12
     80      76      13
     80      76      14
     80      76      15
     80      76      16
     80      76      17
     80      77       5
     80      77       6
     80      77       7
     80      77       8
     80      77       9
     80      77      10
     80      77      11
     80      77      12
     80      77      13
     80      77      14
     80      77      15
     80      77      16
     80      77      17
     80      78       5
     80      78       6
     80      78       7
     80      78       8
     80      78       9
     80      78      10
     80      78      11
     80      78      12
     80      78      13
     80      78      14
     80      78      15
     80      78      16
     80      78      17
     80      79       5
     80      79       6
     80      79       7
     80      79       8
     80      79       9
     80      79      10
     80      79      11
     80      79      12
     80      79      13
     80      79      14
     80      79      15
     80      79      16
     80      79      17
     80      80       5
     80      80       6
     80      80       7
     80      80       8
     80      80       9
     80      80      10
     80      80      11
     80      80      12
     80      80      13
     80      80      14
     80      80      15
     80      80      16
     80      80      17
     80      81       5
     80      81       6
     80      81       7
     80      81       8
     80      81       9
     80      81      10
     80      81      11
     80      81      12
     80      81      13
     80      81      14
     80      81      15
     80      81      16
     80      81      17
     80      82       5
     80      82       6
     80      82       7
     80      82       8
     80      82       9
     80      82      10
     80      82      11
     80      82      12
     80      82      13
     80      82      14
     80      82      15
     80      82      16
     80      82      17
     80      83       5
     80      83       6
     80      83       7
     80      83       8
     80      83       9
     80      83      10
     80      83      11
     80      83      12
     80      83      13
     80      83      14
     80      83      15
     80      83      16
     80      83      17
     80      84       5
     80      84       6
     80      84       7
     80      84       8
     80      84       9
     80      84      10
     80      84      11
     80      84      12
     80      84      13
     80      84      14
     80      84      15
     80      84      16
     80      84      17
     81      40       5
     81      40       6
     81      40       7
     81      40       8
     81      40       9
     81      40      10
     81      40      11
     81      40      12
     81      40      13
     81      40      14
     81      40      15
     81      40      16
     81      40      17
     81      41       5
     81      41       6
     81      41       7
     81      41       8
     81      41       9
     81      41      10
     81      41      11
     81      41      12
     81      41      13
     81      41      14
     81      41      15
     81      41      16
     81      41      17
     81      42       5
     81      42       6
     81      42       7
     81      42       8
     81      42       9
     81      42      10
     81      42      11
     81      42      12
     81      42      13
     81      42      14
     81      42      15
     81      42      16
     81      42      17
     81      43       5
     81      43       6
     81      43       7
     81      43       8
     81      43       9
     81      43      10
     81      43      11
     81      43      12
     81      43      13
     81      43      14
     81      43      15
     81      43      16
     81      43      17
     81      44       5
     81      44       6
     81      44       7
     81      44       8
     81      44       9
     81      44      10
     81      44      11
     81      44      12
     81      44      13
     81      44      14
     81      44      15
     81      44      16
     81      44      17
     81      45       5
     81      45       6
     81      45       7
     81      45       8
     81      45       9
     81      45      10
     81      45      11
     81      45      12
     81      45      13
     81      45      14
     81      45      15
     81      45      16
     81      45      17
     81      46       5
     81      46       6
     81      46       7
     81      46       8
     81      46       9
     81      46      10
     81      46      11
     81      46      12
     81      46      13
     81      46      14
     81      46      15
     81      46      16
     81      46      17
     81      47       5
     81      47       6
     81      47       7
     81      47       8
     81      47       9
     81      47      10
     81      47      11
     81      47      12
     81      47      13
     81      47      14
     81      47      15
     81      47      16
     81      47      17
     81      48       5
     81      48       6
     81      48       7
     81      48       8
     81      48       9
     81      48      10
     81      48      11
     81      48      12
     81      48      13
     81      48      14
     81      48      15
     81      48      16
     81      48      17
     81      49       5
     81      49       6
     81      49       7
     81      49       8
     81      49       9
     81      49      10
     81      49      11
     81      49      12
     81      49      13
     81      49      14
     81      49      15
     81      49      16
     81      49      17
     81      50       5
     81      50       6
     81      50       7
     81      50       8
     81      50       9
     81      50      10
     81      50      11
     81      50      12
     81      50      13
     81      50      14
     81      50      15
     81      50      16
     81      50      17
     81      51       5
     81      51       6
     81      51       7
     81      51       8
     81      51       9
     81      51      10
     81      51      11
     81      51      12
     81      51      13
     81      51      14
     81      51      15
     81      51      16
     81      51      17
     81      52       5
     81      52       6
     81      52       7
     81      52       8
     81      52       9
     81      52      10
     81      52      11
     81      52      12
     81      52      13
     81      52      14
     81      52      15
     81      52      16
     81      52      17
     81      53       5
     81      53       6
     81      53       7
     81      53       8
     81      53       9
     81      53      10
     81      53      11
     81      53      12
     81      53      13
     81      53      14
     81      53      15
     81      53      16
     81      53      17
     81      54       5
     81      54       6
     81      54       7
     81      54       8
     81      54       9
     81      54      10
     81      54      11
     81      54      12
     81      54      13
     81      54      14
     81      54      15
     81      54      16
     81      54      17
     81      55       5
     81      55       6
     81      55       7
     81      55       8
     81      55       9
     81      55      10
     81      55      11
     81      55      12
     81      55      13
     81      55      14
     81      55      15
     81      55      16
     81      55      17
     81      56       5
     81      56       6
     81      56       7
     81      56       8
     81      56       9
     81      56      10
     81      56      11
     81      56      12
     81      56      13
     81      56      14
     81      56      15
     81      56      16
     81      56      17
     81      57       5
     81      57       6
     81      57       7
     81      57       8
     81      57       9
     81      57      10
     81      57      11
     81      57      12
     81      57      13
     81      57      14
     81      57      15
     81      57      16
     81      57      17
     81      58       5
     81      58       6
     81      58       7
     81      58       8
     81      58       9
     81      58      10
     81      58      11
     81      58      12
     81      58      13
     81      58      14
     81      58      15
     81      58      16
     81      58      17
     81      59       5
     81      59       6
     81      59       7
     81      59       8
     81      59       9
     81      59      10
     81      59      11
     81      59      12
     81      59      13
     81      59      14
     81      59      15
     81      59      16
     81      59      17
     81      60       5
     81      60       6
     81      60       7
     81      60       8
     81      60       9
     81      60      10
     81      60      11
     81      60      12
     81      60      13
     81      60      14
     81      60      15
     81      60      16
     81      60      17
     81      61       5
     81      61       6
     81      61       7
     81      61       8
     81      61       9
     81      61      10
     81      61      11
     81      61      12
     81      61      13
     81      61      14
     81      61      15
     81      61      16
     81      61      17
     81      62       5
     81      62       6
     81      62       7
     81      62       8
     81      62       9
     81      62      10
     81      62      11
     81      62      12
     81      62      13
     81      62      14
     81      62      15
     81      62      16
     81      62      17
     81      63       5
     81      63       6
     81      63       7
     81      63       8
     81      63       9
     81      63      10
     81      63      11
     81      63      12
     81      63      13
     81      63      14
     81      63      15
     81      63      16
     81      63      17
     81      64       5
     81      64       6
     81      64       7
     81      64       8
     81      64       9
     81      64      10
     81      64      11
     81      64      12
     81      64      13
     81      64      14
     81      64      15
     81      64      16
     81      64      17
     81      65       5
     81      65       6
     81      65       7
     81      65       8
     81      65       9
     81      65      10
     81      65      11
     81      65      12
     81      65      13
     81      65      14
     81      65      15
     81      65      16
     81      65      17
     81      66       5
     81      66       6
     81      66       7
     81      66       8
     81      66       9
     81      66      10
     81      66      11
     81      66      12
     81      66      13
     81      66      14
     81      66      15
     81      66      16
     81      66      17
     81      67       5
     81      67       6
     81      67       7
     81      67       8
     81      67       9
     81      67      10
     81      67      11
     81      67      12
     81      67      13
     81      67      14
     81      67      15
     81      67      16
     81      67      17
     81      68       5
     81      68       6
     81      68       7
     81      68       8
     81      68       9
     81      68      10
     81      68      11
     81      68      12
     81      68      13
     81      68      14
     81      68      15
     81      68      16
     81      68      17
     81      69       5
     81      69       6
     81      69       7
     81      69       8
     81      69       9
     81      69      10
     81      69      11
     81      69      12
     81      69      13
     81      69      14
     81      69      15
     81      69      16
     81      69      17
     81      70       5
     81      70       6
     81      70       7
     81      70       8
     81      70       9
     81      70      10
     81      70      11
     81      70      12
     81      70      13
     81      70      14
     81      70      15
     81      70      16
     81      70      17
     81      71       5
     81      71       6
     81      71       7
     81      71       8
     81      71       9
     81      71      10
     81      71      11
     81      71      12
     81      71      13
     81      71      14
     81      71      15
     81      71      16
     81      71      17
     81      72       5
     81      72       6
     81      72       7
     81      72       8
     81      72       9
     81      72      10
     81      72      11
     81      72      12
     81      72      13
     81      72      14
     81      72      15
     81      72      16
     81      72      17
     81      73       5
     81      73       6
     81      73       7
     81      73       8
     81      73       9
     81      73      10
     81      73      11
     81      73      12
     81      73      13
     81      73      14
     81      73      15
     81      73      16
     81      73      17
     81      74       5
     81      74       6
     81      74       7
     81      74       8
     81      74       9
     81      74      10
     81      74      11
     81      74      12
     81      74      13
     81      74      14
     81      74      15
     81      74      16
     81      74      17
     81      75       5
     81      75       6
     81      75       7
     81      75       8
     81      75       9
     81      75      10
     81      75      11
     81      75      12
     81      75      13
     81      75      14
     81      75      15
     81      75      16
     81      75      17
     81      76       5
     81      76       6
     81      76       7
     81      76       8
     81      76       9
     81      76      10
     81      76      11
     81      76      12
     81      76      13
     81      76      14
     81      76      15
     81      76      16
     81      76      17
     81      77       5
     81      77       6
     81      77       7
     81      77       8
     81      77       9
     81      77      10
     81      77      11
     81      77      12
     81      77      13
     81      77      14
     81      77      15
     81      77      16
     81      77      17
     81      78       5
     81      78       6
     81      78       7
     81      78       8
     81      78       9
     81      78      10
     81      78      11
     81      78      12
     81      78      13
     81      78      14
     81      78      15
     81      78      16
     81      78      17
     81      79       5
     81      79       6
     81      79       7
     81      79       8
     81      79       9
     81      79      10
     81      79      11
     81      79      12
     81      79      13
     81      79      14
     81      79      15
     81      79      16
     81      79      17
     81      80       5
     81      80       6
     81      80       7
     81      80       8
     81      80       9
     81      80      10
     81      80      11
     81      80      12
     81      80      13
     81      80      14
     81      80      15
     81      80      16
     81      80      17
     81      81       5
     81      81       6
     81      81       7
     81      81       8
     81      81       9
     81      81      10
     81      81      11
     81      81      12
     81      81      13
     81      81      14
     81      81      15
     81      81      16
     81      81      17
     81      82       5
     81      82       6
     81      82       7
     81      82       8
     81      82       9
     81      82      10
     81      82      11
     81      82      12
     81      82      13
     81      82      14
     81      82      15
     81      82      16
     81      82      17
     81      83       5
     81      83       6
     81      83       7
     81      83       8
     81      83       9
     81      83      10
     81      83      11
     81      83      12
     81      83      13
     81      83      14
     81      83      15
     81      83      16
     81      83      17
     81      84       5
     81      84       6
     81      84       7
     81      84       8
     81      84       9
     81      84      10
     81      84      11
     81      84      12
     81      84      13
     81      84      14
     81      84      15
     81      84      16
     81      84      17
     82      40       5
     82      40       6
     82      40       7
     82      40       8
     82      40       9
     82      40      10
     82      40      11
     82      40      12
     82      40      13
     82      40      14
     82      40      15
     82      40      16
     82      40      17
     82      41       5
     82      41       6
     82      41       7
     82      41       8
     82      41       9
     82      41      10
     82      41      11
     82      41      12
     82      41      13
     82      41      14
     82      41      15
     82      41      16
     82      41      17
     82      42       5
     82      42       6
     82      42       7
     82      42       8
     82      42       9
     82      42      10
     82      42      11
     82      42      12
     82      42      13
     82      42      14
     82      42      15
     82      42      16
     82      42      17
     82      43       5
     82      43       6
     82      43       7
     82      43       8
     82      43       9
     82      43      10
     82      43      11
     82      43      12
     82      43      13
     82      43      14
     82      43      15
     82      43      16
     82      43      17
     82      44       5
     82      44       6
     82      44       7
     82      44       8
     82      44       9
     82      44      10
     82      44      11
     82      44      12
     82      44      13
     82      44      14
     82      44      15
     82      44      16
     82      44      17
     82      45       5
     82      45       6
     82      45       7
     82      45       8
     82      45       9
     82      45      10
     82      45      11
     82      45      12
     82      45      13
     82      45      14
     82      45      15
     82      45      16
     82      45      17
     82      46       5
     82      46       6
     82      46       7
     82      46       8
     82      46       9
     82      46      10
     82      46      11
     82      46      12
     82      46      13
     82      46      14
     82      46      15
     82      46      16
     82      46      17
     82      47       5
     82      47       6
     82      47       7
     82      47       8
     82      47       9
     82      47      10
     82      47      11
     82      47      12
     82      47      13
     82      47      14
     82      47      15
     82      47      16
     82      47      17
     82      48       5
     82      48       6
     82      48       7
     82      48       8
     82      48       9
     82      48      10
     82      48      11
     82      48      12
     82      48      13
     82      48      14
     82      48      15
     82      48      16
     82      48      17
     82      49       5
     82      49       6
     82      49       7
     82      49       8
     82      49       9
     82      49      10
     82      49      11
     82      49      12
     82      49      13
     82      49      14
     82      49      15
     82      49      16
     82      49      17
     82      50       5
     82      50       6
     82      50       7
     82      50       8
     82      50       9
     82      50      10
     82      50      11
     82      50      12
     82      50      13
     82      50      14
     82      50      15
     82      50      16
     82      50      17
     82      51       5
     82      51       6
     82      51       7
     82      51       8
     82      51       9
     82      51      10
     82      51      11
     82      51      12
     82      51      13
     82      51      14
     82      51      15
     82      51      16
     82      51      17
     82      52       5
     82      52       6
     82      52       7
     82      52       8
     82      52       9
     82      52      10
     82      52      11
     82      52      12
     82      52      13
     82      52      14
     82      52      15
     82      52      16
     82      52      17
     82      53       5
     82      53       6
     82      53       7
     82      53       8
     82      53       9
     82      53      10
     82      53      11
     82      53      12
     82      53      13
     82      53      14
     82      53      15
     82      53      16
     82      53      17
     82      54       5
     82      54       6
     82      54       7
     82      54       8
     82      54       9
     82      54      10
     82      54      11
     82      54      12
     82      54      13
     82      54      14
     82      54      15
     82      54      16
     82      54      17
     82      55       5
     82      55       6
     82      55       7
     82      55       8
     82      55       9
     82      55      10
     82      55      11
     82      55      12
     82      55      13
     82      55      14
     82      55      15
     82      55      16
     82      55      17
     82      56       5
     82      56       6
     82      56       7
     82      56       8
     82      56       9
     82      56      10
     82      56      11
     82      56      12
     82      56      13
     82      56      14
     82      56      15
     82      56      16
     82      56      17
     82      57       5
     82      57       6
     82      57       7
     82      57       8
     82      57       9
     82      57      10
     82      57      11
     82      57      12
     82      57      13
     82      57      14
     82      57      15
     82      57      16
     82      57      17
     82      58       5
     82      58       6
     82      58       7
     82      58       8
     82      58       9
     82      58      10
     82      58      11
     82      58      12
     82      58      13
     82      58      14
     82      58      15
     82      58      16
     82      58      17
     82      59       5
     82      59       6
     82      59       7
     82      59       8
     82      59       9
     82      59      10
     82      59      11
     82      59      12
     82      59      13
     82      59      14
     82      59      15
     82      59      16
     82      59      17
     82      60       5
     82      60       6
     82      60       7
     82      60       8
     82      60       9
     82      60      10
     82      60      11
     82      60      12
     82      60      13
     82      60      14
     82      60      15
     82      60      16
     82      60      17
     82      61       5
     82      61       6
     82      61       7
     82      61       8
     82      61       9
     82      61      10
     82      61      11
     82      61      12
     82      61      13
     82      61      14
     82      61      15
     82      61      16
     82      61      17
     82      62       5
     82      62       6
     82      62       7
     82      62       8
     82      62       9
     82      62      10
     82      62      11
     82      62      12
     82      62      13
     82      62      14
     82      62      15
     82      62      16
     82      62      17
     82      63       5
     82      63       6
     82      63       7
     82      63       8
     82      63       9
     82      63      10
     82      63      11
     82      63      12
     82      63      13
     82      63      14
     82      63      15
     82      63      16
     82      63      17
     82      64       5
     82      64       6
     82      64       7
     82      64       8
     82      64       9
     82      64      10
     82      64      11
     82      64      12
     82      64      13
     82      64      14
     82      64      15
     82      64      16
     82      64      17
     82      65       5
     82      65       6
     82      65       7
     82      65       8
     82      65       9
     82      65      10
     82      65      11
     82      65      12
     82      65      13
     82      65      14
     82      65      15
     82      65      16
     82      65      17
     82      66       5
     82      66       6
     82      66       7
     82      66       8
     82      66       9
     82      66      10
     82      66      11
     82      66      12
     82      66      13
     82      66      14
     82      66      15
     82      66      16
     82      66      17
     82      67       5
     82      67       6
     82      67       7
     82      67       8
     82      67       9
     82      67      10
     82      67      11
     82      67      12
     82      67      13
     82      67      14
     82      67      15
     82      67      16
     82      67      17
     82      68       5
     82      68       6
     82      68       7
     82      68       8
     82      68       9
     82      68      10
     82      68      11
     82      68      12
     82      68      13
     82      68      14
     82      68      15
     82      68      16
     82      68      17
     82      69       5
     82      69       6
     82      69       7
     82      69       8
     82      69       9
     82      69      10
     82      69      11
     82      69      12
     82      69      13
     82      69      14
     82      69      15
     82      69      16
     82      69      17
     82      70       5
     82      70       6
     82      70       7
     82      70       8
     82      70       9
     82      70      10
     82      70      11
     82      70      12
     82      70      13
     82      70      14
     82      70      15
     82      70      16
     82      70      17
     82      71       5
     82      71       6
     82      71       7
     82      71       8
     82      71       9
     82      71      10
     82      71      11
     82      71      12
     82      71      13
     82      71      14
     82      71      15
     82      71      16
     82      71      17
     82      72       5
     82      72       6
     82      72       7
     82      72       8
     82      72       9
     82      72      10
     82      72      11
     82      72      12
     82      72      13
     82      72      14
     82      72      15
     82      72      16
     82      72      17
     82      73       5
     82      73       6
     82      73       7
     82      73       8
     82      73       9
     82      73      10
     82      73      11
     82      73      12
     82      73      13
     82      73      14
     82      73      15
     82      73      16
     82      73      17
     82      74       5
     82      74       6
     82      74       7
     82      74       8
     82      74       9
     82      74      10
     82      74      11
     82      74      12
     82      74      13
     82      74      14
     82      74      15
     82      74      16
     82      74      17
     82      75       5
     82      75       6
     82      75       7
     82      75       8
     82      75       9
     82      75      10
     82      75      11
     82      75      12
     82      75      13
     82      75      14
     82      75      15
     82      75      16
     82      75      17
     82      76       5
     82      76       6
     82      76       7
     82      76       8
     82      76       9
     82      76      10
     82      76      11
     82      76      12
     82      76      13
     82      76      14
     82      76      15
     82      76      16
     82      76      17
     82      77       5
     82      77       6
     82      77       7
     82      77       8
     82      77       9
     82      77      10
     82      77      11
     82      77      12
     82      77      13
     82      77      14
     82      77      15
     82      77      16
     82      77      17
     82      78       5
     82      78       6
     82      78       7
     82      78       8
     82      78       9
     82      78      10
     82      78      11
     82      78      12
     82      78      13
     82      78      14
     82      78      15
     82      78      16
     82      78      17
     82      79       5
     82      79       6
     82      79       7
     82      79       8
     82      79       9
     82      79      10
     82      79      11
     82      79      12
     82      79      13
     82      79      14
     82      79      15
     82      79      16
     82      79      17
     82      80       5
     82      80       6
     82      80       7
     82      80       8
     82      80       9
     82      80      10
     82      80      11
     82      80      12
     82      80      13
     82      80      14
     82      80      15
     82      80      16
     82      80      17
     82      81       5
     82      81       6
     82      81       7
     82      81       8
     82      81       9
     82      81      10
     82      81      11
     82      81      12
     82      81      13
     82      81      14
     82      81      15
     82      81      16
     82      81      17
     82      82       5
     82      82       6
     82      82       7
     82      82       8
     82      82       9
     82      82      10
     82      82      11
     82      82      12
     82      82      13
     82      82      14
     82      82      15
     82      82      16
     82      82      17
     82      83       5
     82      83       6
     82      83       7
     82      83       8
     82      83       9
     82      83      10
     82      83      11
     82      83      12
     82      83      13
     82      83      14
     82      83      15
     82      83      16
     82      83      17
     82      84       5
     82      84       6
     82      84       7
     82      84       8
     82      84       9
     82      84      10
     82      84      11
     82      84      12
     82      84      13
     82      84      14
     82      84      15
     82      84      16
     82      84      17
     83      40       5
     83      40       6
     83      40       7
     83      40       8
     83      40       9
     83      40      10
     83      40      11
     83      40      12
     83      40      13
     83      40      14
     83      40      15
     83      40      16
     83      40      17
     83      41       5
     83      41       6
     83      41       7
     83      41       8
     83      41       9
     83      41      10
     83      41      11
     83      41      12
     83      41      13
     83      41      14
     83      41      15
     83      41      16
     83      41      17
     83      42       5
     83      42       6
     83      42       7
     83      42       8
     83      42       9
     83      42      10
     83      42      11
     83      42      12
     83      42      13
     83      42      14
     83      42      15
     83      42      16
     83      42      17
     83      43       5
     83      43       6
     83      43       7
     83      43       8
     83      43       9
     83      43      10
     83      43      11
     83      43      12
     83      43      13
     83      43      14
     83      43      15
     83      43      16
     83      43      17
     83      44       5
     83      44       6
     83      44       7
     83      44       8
     83      44       9
     83      44      10
     83      44      11
     83      44      12
     83      44      13
     83      44      14
     83      44      15
     83      44      16
     83      44      17
     83      45       5
     83      45       6
     83      45       7
     83      45       8
     83      45       9
     83      45      10
     83      45      11
     83      45      12
     83      45      13
     83      45      14
     83      45      15
     83      45      16
     83      45      17
     83      46       5
     83      46       6
     83      46       7
     83      46       8
     83      46       9
     83      46      10
     83      46      11
     83      46      12
     83      46      13
     83      46      14
     83      46      15
     83      46      16
     83      46      17
     83      47       5
     83      47       6
     83      47       7
     83      47       8
     83      47       9
     83      47      10
     83      47      11
     83      47      12
     83      47      13
     83      47      14
     83      47      15
     83      47      16
     83      47      17
     83      48       5
     83      48       6
     83      48       7
     83      48       8
     83      48       9
     83      48      10
     83      48      11
     83      48      12
     83      48      13
     83      48      14
     83      48      15
     83      48      16
     83      48      17
     83      49       5
     83      49       6
     83      49       7
     83      49       8
     83      49       9
     83      49      10
     83      49      11
     83      49      12
     83      49      13
     83      49      14
     83      49      15
     83      49      16
     83      49      17
     83      50       5
     83      50       6
     83      50       7
     83      50       8
     83      50       9
     83      50      10
     83      50      11
     83      50      12
     83      50      13
     83      50      14
     83      50      15
     83      50      16
     83      50      17
     83      51       5
     83      51       6
     83      51       7
     83      51       8
     83      51       9
     83      51      10
     83      51      11
     83      51      12
     83      51      13
     83      51      14
     83      51      15
     83      51      16
     83      51      17
     83      52       5
     83      52       6
     83      52       7
     83      52       8
     83      52       9
     83      52      10
     83      52      11
     83      52      12
     83      52      13
     83      52      14
     83      52      15
     83      52      16
     83      52      17
     83      53       5
     83      53       6
     83      53       7
     83      53       8
     83      53       9
     83      53      10
     83      53      11
     83      53      12
     83      53      13
     83      53      14
     83      53      15
     83      53      16
     83      53      17
     83      54       5
     83      54       6
     83      54       7
     83      54       8
     83      54       9
     83      54      10
     83      54      11
     83      54      12
     83      54      13
     83      54      14
     83      54      15
     83      54      16
     83      54      17
     83      55       5
     83      55       6
     83      55       7
     83      55       8
     83      55       9
     83      55      10
     83      55      11
     83      55      12
     83      55      13
     83      55      14
     83      55      15
     83      55      16
     83      55      17
     83      56       5
     83      56       6
     83      56       7
     83      56       8
     83      56       9
     83      56      10
     83      56      11
     83      56      12
     83      56      13
     83      56      14
     83      56      15
     83      56      16
     83      56      17
     83      57       5
     83      57       6
     83      57       7
     83      57       8
     83      57       9
     83      57      10
     83      57      11
     83      57      12
     83      57      13
     83      57      14
     83      57      15
     83      57      16
     83      57      17
     83      58       5
     83      58       6
     83      58       7
     83      58       8
     83      58       9
     83      58      10
     83      58      11
     83      58      12
     83      58      13
     83      58      14
     83      58      15
     83      58      16
     83      58      17
     83      59       5
     83      59       6
     83      59       7
     83      59       8
     83      59       9
     83      59      10
     83      59      11
     83      59      12
     83      59      13
     83      59      14
     83      59      15
     83      59      16
     83      59      17
     83      60       5
     83      60       6
     83      60       7
     83      60       8
     83      60       9
     83      60      10
     83      60      11
     83      60      12
     83      60      13
     83      60      14
     83      60      15
     83      60      16
     83      60      17
     83      61       5
     83      61       6
     83      61       7
     83      61       8
     83      61       9
     83      61      10
     83      61      11
     83      61      12
     83      61      13
     83      61      14
     83      61      15
     83      61      16
     83      61      17
     83      62       5
     83      62       6
     83      62       7
     83      62       8
     83      62       9
     83      62      10
     83      62      11
     83      62      12
     83      62      13
     83      62      14
     83      62      15
     83      62      16
     83      62      17
     83      63       5
     83      63       6
     83      63       7
     83      63       8
     83      63       9
     83      63      10
     83      63      11
     83      63      12
     83      63      13
     83      63      14
     83      63      15
     83      63      16
     83      63      17
     83      64       5
     83      64       6
     83      64       7
     83      64       8
     83      64       9
     83      64      10
     83      64      11
     83      64      12
     83      64      13
     83      64      14
     83      64      15
     83      64      16
     83      64      17
     83      65       5
     83      65       6
     83      65       7
     83      65       8
     83      65       9
     83      65      10
     83      65      11
     83      65      12
     83      65      13
     83      65      14
     83      65      15
     83      65      16
     83      65      17
     83      66       5
     83      66       6
     83      66       7
     83      66       8
     83      66       9
     83      66      10
     83      66      11
     83      66      12
     83      66      13
     83      66      14
     83      66      15
     83      66      16
     83      66      17
     83      67       5
     83      67       6
     83      67       7
     83      67       8
     83      67       9
     83      67      10
     83      67      11
     83      67      12
     83      67      13
     83      67      14
     83      67      15
     83      67      16
     83      67      17
     83      68       5
     83      68       6
     83      68       7
     83      68       8
     83      68       9
     83      68      10
     83      68      11
     83      68      12
     83      68      13
     83      68      14
     83      68      15
     83      68      16
     83      68      17
     83      69       5
     83      69       6
     83      69       7
     83      69       8
     83      69       9
     83      69      10
     83      69      11
     83      69      12
     83      69      13
     83      69      14
     83      69      15
     83      69      16
     83      69      17
     83      70       5
     83      70       6
     83      70       7
     83      70       8
     83      70       9
     83      70      10
     83      70      11
     83      70      12
     83      70      13
     83      70      14
     83      70      15
     83      70      16
     83      70      17
     83      71       5
     83      71       6
     83      71       7
     83      71       8
     83      71       9
     83      71      10
     83      71      11
     83      71      12
     83      71      13
     83      71      14
     83      71      15
     83      71      16
     83      71      17
     83      72       5
     83      72       6
     83      72       7
     83      72       8
     83      72       9
     83      72      10
     83      72      11
     83      72      12
     83      72      13
     83      72      14
     83      72      15
     83      72      16
     83      72      17
     83      73       5
     83      73       6
     83      73       7
     83      73       8
     83      73       9
     83      73      10
     83      73      11
     83      73      12
     83      73      13
     83      73      14
     83      73      15
     83      73      16
     83      73      17
     83      74       5
     83      74       6
     83      74       7
     83      74       8
     83      74       9
     83      74      10
     83      74      11
     83      74      12
     83      74      13
     83      74      14
     83      74      15
     83      74      16
     83      74      17
     83      75       5
     83      75       6
     83      75       7
     83      75       8
     83      75       9
     83      75      10
     83      75      11
     83      75      12
     83      75      13
     83      75      14
     83      75      15
     83      75      16
     83      75      17
     83      76       5
     83      76       6
     83      76       7
     83      76       8
     83      76       9
     83      76      10
     83      76      11
     83      76      12
     83      76      13
     83      76      14
     83      76      15
     83      76      16
     83      76      17
     83      77       5
     83      77       6
     83      77       7
     83      77       8
     83      77       9
     83      77      10
     83      77      11
     83      77      12
     83      77      13
     83      77      14
     83      77      15
     83      77      16
     83      77      17
     83      78       5
     83      78       6
     83      78       7
     83      78       8
     83      78       9
     83      78      10
     83      78      11
     83      78      12
     83      78      13
     83      78      14
     83      78      15
     83      78      16
     83      78      17
     83      79       5
     83      79       6
     83      79       7
     83      79       8
     83      79       9
     83      79      10
     83      79      11
     83      79      12
     83      79      13
     83      79      14
     83      79      15
     83      79      16
     83      79      17
     83      80       5
     83      80       6
     83      80       7
     83      80       8
     83      80       9
     83      80      10
     83      80      11
     83      80      12
     83      80      13
     83      80      14
     83      80      15
     83      80      16
     83      80      17
     83      81       5
     83      81       6
     83      81       7
     83      81       8
     83      81       9
     83      81      10
     83      81      11
     83      81      12
     83      81      13
     83      81      14
     83      81      15
     83      81      16
     83      81      17
     83      82       5
     83      82       6
     83      82       7
     83      82       8
     83      82       9
     83      82      10
     83      82      11
     83      82      12
     83      82      13
     83      82      14
     83      82      15
     83      82      16
     83      82      17
     83      83       5
     83      83       6
     83      83       7
     83      83       8
     83      83       9
     83      83      10
     83      83      11
     83      83      12
     83      83      13
     83      83      14
     83      83      15
     83      83      16
     83      83      17
     83      84       5
     83      84       6
     83      84       7
     83      84       8
     83      84       9
     83      84      10
     83      84      11
     83      84      12
     83      84      13
     83      84      14
     83      84      15
     83      84      16
     83      84      17
     84      40       5
     84      40       6
     84      40       7
     84      40       8
     84      40       9
     84      40      10
     84      40      11
     84      40      12
     84      40      13
     84      40      14
     84      40      15
     84      40      16
     84      40      17
     84      41       5
     84      41       6
     84      41       7
     84      41       8
     84      41       9
     84      41      10
     84      41      11
     84      41      12
     84      41      13
     84      41      14
     84      41      15
     84      41      16
     84      41      17
     84      42       5
     84      42       6
     84      42       7
     84      42       8
     84      42       9
     84      42      10
     84      42      11
     84      42      12
     84      42      13
     84      42      14
     84      42      15
     84      42      16
     84      42      17
     84      43       5
     84      43       6
     84      43       7
     84      43       8
     84      43       9
     84      43      10
     84      43      11
     84      43      12
     84      43      13
     84      43      14
     84      43      15
     84      43      16
     84      43      17
     84      44       5
     84      44       6
     84      44       7
     84      44       8
     84      44       9
     84      44      10
     84      44      11
     84      44      12
     84      44      13
     84      44      14
     84      44      15
     84      44      16
     84      44      17
     84      45       5
     84      45       6
     84      45       7
     84      45       8
     84      45       9
     84      45      10
     84      45      11
     84      45      12
     84      45      13
     84      45      14
     84      45      15
     84      45      16
     84      45      17
     84      46       5
     84      46       6
     84      46       7
     84      46       8
     84      46       9
     84      46      10
     84      46      11
     84      46      12
     84      46      13
     84      46      14
     84      46      15
     84      46      16
     84      46      17
     84      47       5
     84      47       6
     84      47       7
     84      47       8
     84      47       9
     84      47      10
     84      47      11
     84      47      12
     84      47      13
     84      47      14
     84      47      15
     84      47      16
     84      47      17
     84      48       5
     84      48       6
     84      48       7
     84      48       8
     84      48       9
     84      48      10
     84      48      11
     84      48      12
     84      48      13
     84      48      14
     84      48      15
     84      48      16
     84      48      17
     84      49       5
     84      49       6
     84      49       7
     84      49       8
     84      49       9
     84      49      10
     84      49      11
     84      49      12
     84      49      13
     84      49      14
     84      49      15
     84      49      16
     84      49      17
     84      50       5
     84      50       6
     84      50       7
     84      50       8
     84      50       9
     84      50      10
     84      50      11
     84      50      12
     84      50      13
     84      50      14
     84      50      15
     84      50      16
     84      50      17
     84      51       5
     84      51       6
     84      51       7
     84      51       8
     84      51       9
     84      51      10
     84      51      11
     84      51      12
     84      51      13
     84      51      14
     84      51      15
     84      51      16
     84      51      17
     84      52       5
     84      52       6
     84      52       7
     84      52       8
     84      52       9
     84      52      10
     84      52      11
     84      52      12
     84      52      13
     84      52      14
     84      52      15
     84      52      16
     84      52      17
     84      53       5
     84      53       6
     84      53       7
     84      53       8
     84      53       9
     84      53      10
     84      53      11
     84      53      12
     84      53      13
     84      53      14
     84      53      15
     84      53      16
     84      53      17
     84      54       5
     84      54       6
     84      54       7
     84      54       8
     84      54       9
     84      54      10
     84      54      11
     84      54      12
     84      54      13
     84      54      14
     84      54      15
     84      54      16
     84      54      17
     84      55       5
     84      55       6
     84      55       7
     84      55       8
     84      55       9
     84      55      10
     84      55      11
     84      55      12
     84      55      13
     84      55      14
     84      55      15
     84      55      16
     84      55      17
     84      56       5
     84      56       6
     84      56       7
     84      56       8
     84      56       9
     84      56      10
     84      56      11
     84      56      12
     84      56      13
     84      56      14
     84      56      15
     84      56      16
     84      56      17
     84      57       5
     84      57       6
     84      57       7
     84      57       8
     84      57       9
     84      57      10
     84      57      11
     84      57      12
     84      57      13
     84      57      14
     84      57      15
     84      57      16
     84      57      17
     84      58       5
     84      58       6
     84      58       7
     84      58       8
     84      58       9
     84      58      10
     84      58      11
     84      58      12
     84      58      13
     84      58      14
     84      58      15
     84      58      16
     84      58      17
     84      59       5
     84      59       6
     84      59       7
     84      59       8
     84      59       9
     84      59      10
     84      59      11
     84      59      12
     84      59      13
     84      59      14
     84      59      15
     84      59      16
     84      59      17
     84      60       5
     84      60       6
     84      60       7
     84      60       8
     84      60       9
     84      60      10
     84      60      11
     84      60      12
     84      60      13
     84      60      14
     84      60      15
     84      60      16
     84      60      17
     84      61       5
     84      61       6
     84      61       7
     84      61       8
     84      61       9
     84      61      10
     84      61      11
     84      61      12
     84      61      13
     84      61      14
     84      61      15
     84      61      16
     84      61      17
     84      62       5
     84      62       6
     84      62       7
     84      62       8
     84      62       9
     84      62      10
     84      62      11
     84      62      12
     84      62      13
     84      62      14
     84      62      15
     84      62      16
     84      62      17
     84      63       5
     84      63       6
     84      63       7
     84      63       8
     84      63       9
     84      63      10
     84      63      11
     84      63      12
     84      63      13
     84      63      14
     84      63      15
     84      63      16
     84      63      17
     84      64       5
     84      64       6
     84      64       7
     84      64       8
     84      64       9
     84      64      10
     84      64      11
     84      64      12
     84      64      13
     84      64      14
     84      64      15
     84      64      16
     84      64      17
     84      65       5
     84      65       6
     84      65       7
     84      65       8
     84      65       9
     84      65      10
     84      65      11
     84      65      12
     84      65      13
     84      65      14
     84      65      15
     84      65      16
     84      65      17
     84      66       5
     84      66       6
     84      66       7
     84      66       8
     84      66       9
     84      66      10
     84      66      11
     84      66      12
     84      66      13
     84      66      14
     84      66      15
     84      66      16
     84      66      17
     84      67       5
     84      67       6
     84      67       7
     84      67       8
     84      67       9
     84      67      10
     84      67      11
     84      67      12
     84      67      13
     84      67      14
     84      67      15
     84      67      16
     84      67      17
     84      68       5
     84      68       6
     84      68       7
     84      68       8
     84      68       9
     84      68      10
     84      68      11
     84      68      12
     84      68      13
     84      68      14
     84      68      15
     84      68      16
     84      68      17
     84      69       5
     84      69       6
     84      69       7
     84      69       8
     84      69       9
     84      69      10
     84      69      11
     84      69      12
     84      69      13
     84      69      14
     84      69      15
     84      69      16
     84      69      17
     84      70       5
     84      70       6
     84      70       7
     84      70       8
     84      70       9
     84      70      10
     84      70      11
     84      70      12
     84      70      13
     84      70      14
     84      70      15
     84      70      16
     84      70      17
     84      71       5
     84      71       6
     84      71       7
     84      71       8
     84      71       9
     84      71      10
     84      71      11
     84      71      12
     84      71      13
     84      71      14
     84      71      15
     84      71      16
     84      71      17
     84      72       5
     84      72       6
     84      72       7
     84      72       8
     84      72       9
     84      72      10
     84      72      11
     84      72      12
     84      72      13
     84      72      14
     84      72      15
     84      72      16
     84      72      17
     84      73       5
     84      73       6
     84      73       7
     84      73       8
     84      73       9
     84      73      10
     84      73      11
     84      73      12
     84      73      13
     84      73      14
     84      73      15
     84      73      16
     84      73      17
     84      74       5
     84      74       6
     84      74       7
     84      74       8
     84      74       9
     84      74      10
     84      74      11
     84      74      12
     84      74      13
     84      74      14
     84      74      15
     84      74      16
     84      74      17
     84      75       5
     84      75       6
     84      75       7
     84      75       8
     84      75       9
     84      75      10
     84      75      11
     84      75      12
     84      75      13
     84      75      14
     84      75      15
     84      75      16
     84      75      17
     84      76       5
     84      76       6
     84      76       7
     84      76       8
     84      76       9
     84      76      10
     84      76      11
     84      76      12
     84      76      13
     84      76      14
     84      76      15
     84      76      16
     84      76      17
     84      77       5
     84      77       6
     84      77       7
     84      77       8
     84      77       9
     84      77      10
     84      77      11
     84      77      12
     84      77      13
     84      77      14
     84      77      15
     84      77      16
     84      77      17
     84      78       5
     84      78       6
     84      78       7
     84      78       8
     84      78       9
     84      78      10
     84      78      11
     84      78      12
     84      78      13
     84      78      14
     84      78      15
     84      78      16
     84      78      17
     84      79       5
     84      79       6
     84      79       7
     84      79       8
     84      79       9
     84      79      10
     84      79      11
     84      79      12
     84      79      13
     84      79      14
     84      79      15
     84      79      16
     84      79      17
     84      80       5
     84      80       6
     84      80       7
     84      80       8
     84      80       9
     84      80      10
     84      80      11
     84      80      12
     84      80      13
     84      80      14
     84      80      15
     84      80      16
     84      80      17
     84      81       5
     84      81       6
     84      81       7
     84      81       8
     84      81       9
     84      81      10
     84      81      11
     84      81      12
     84      81      13
     84      81      14
     84      81      15
     84      81      16
     84      81      17
     84      82       5
     84      82       6
     84      82       7
     84      82       8
     84      82       9
     84      82      10
     84      82      11
     84      82      12
     84      82      13
     84      82      14
     84      82      15
     84      82      16
     84      82      17
     84      83       5
     84      83       6
     84      83       7
     84      83       8
     84      83       9
     84      83      10
     84      83      11
     84      83      12
     84      83      13
     84      83      14
     84      83      15
     84      83      16
     84      83      17
     84      84       5
     84      84       6
     84      84       7
     84      84       8
     84      84       9
     84      84      10
     84      84      11
     84      84      12
     84      84      13
     84      84      14
     84      84      15
     84      84      16
     84      84      17
