# position (i,j,k)
     92      60       1
     92      61       1
     92      62       1
     92      63       1
     92      64       1
     92      65       1
     92      66       1
     92      67       1
     92      68       1
     92      69       1
     93      60       1
     93      61       1
     93      62       1
     93      63       1
     93      64       1
     93      65       1
     93      66       1
     93      67       1
     93      68       1
     93      69       1
     94      60       1
     94      61       1
     94      62       1
     94      63       1
     94      64       1
     94      65       1
     94      66       1
     94      67       1
     94      68       1
     94      69       1
     95      60       1
     95      61       1
     95      62       1
     95      63       1
     95      64       1
     95      65       1
     95      66       1
     95      67       1
     95      68       1
     95      69       1
     96      60       1
     96      61       1
     96      62       1
     96      63       1
     96      64       1
     96      65       1
     96      66       1
     96      67       1
     96      68       1
     96      69       1
     97      60       1
     97      61       1
     97      62       1
     97      63       1
     97      64       1
     97      65       1
     97      66       1
     97      67       1
     97      68       1
     97      69       1
     98      60       1
     98      61       1
     98      62       1
     98      63       1
     98      64       1
     98      65       1
     98      66       1
     98      67       1
     98      68       1
     98      69       1
     99      60       1
     99      61       1
     99      62       1
     99      63       1
     99      64       1
     99      65       1
     99      66       1
     99      67       1
     99      68       1
     99      69       1
    100      60       1
    100      61       1
    100      62       1
    100      63       1
    100      64       1
    100      65       1
    100      66       1
    100      67       1
    100      68       1
    100      69       1
    101      60       1
    101      61       1
    101      62       1
    101      63       1
    101      64       1
    101      65       1
    101      66       1
    101      67       1
    101      68       1
    101      69       1
     92      60       2
     92      61       2
     92      62       2
     92      63       2
     92      64       2
     92      65       2
     92      66       2
     92      67       2
     92      68       2
     92      69       2
     93      60       2
     93      61       2
     93      62       2
     93      63       2
     93      64       2
     93      65       2
     93      66       2
     93      67       2
     93      68       2
     93      69       2
     94      60       2
     94      61       2
     94      62       2
     94      63       2
     94      64       2
     94      65       2
     94      66       2
     94      67       2
     94      68       2
     94      69       2
     95      60       2
     95      61       2
     95      62       2
     95      63       2
     95      64       2
     95      65       2
     95      66       2
     95      67       2
     95      68       2
     95      69       2
     96      60       2
     96      61       2
     96      62       2
     96      63       2
     96      64       2
     96      65       2
     96      66       2
     96      67       2
     96      68       2
     96      69       2
     97      60       2
     97      61       2
     97      62       2
     97      63       2
     97      64       2
     97      65       2
     97      66       2
     97      67       2
     97      68       2
     97      69       2
     98      60       2
     98      61       2
     98      62       2
     98      63       2
     98      64       2
     98      65       2
     98      66       2
     98      67       2
     98      68       2
     98      69       2
     99      60       2
     99      61       2
     99      62       2
     99      63       2
     99      64       2
     99      65       2
     99      66       2
     99      67       2
     99      68       2
     99      69       2
    100      60       2
    100      61       2
    100      62       2
    100      63       2
    100      64       2
    100      65       2
    100      66       2
    100      67       2
    100      68       2
    100      69       2
    101      60       2
    101      61       2
    101      62       2
    101      63       2
    101      64       2
    101      65       2
    101      66       2
    101      67       2
    101      68       2
    101      69       2
     92      60       3
     92      61       3
     92      62       3
     92      63       3
     92      64       3
     92      65       3
     92      66       3
     92      67       3
     92      68       3
     92      69       3
     93      60       3
     93      61       3
     93      62       3
     93      63       3
     93      64       3
     93      65       3
     93      66       3
     93      67       3
     93      68       3
     93      69       3
     94      60       3
     94      61       3
     94      62       3
     94      63       3
     94      64       3
     94      65       3
     94      66       3
     94      67       3
     94      68       3
     94      69       3
     95      60       3
     95      61       3
     95      62       3
     95      63       3
     95      64       3
     95      65       3
     95      66       3
     95      67       3
     95      68       3
     95      69       3
     96      60       3
     96      61       3
     96      62       3
     96      63       3
     96      64       3
     96      65       3
     96      66       3
     96      67       3
     96      68       3
     96      69       3
     97      60       3
     97      61       3
     97      62       3
     97      63       3
     97      64       3
     97      65       3
     97      66       3
     97      67       3
     97      68       3
     97      69       3
     98      60       3
     98      61       3
     98      62       3
     98      63       3
     98      64       3
     98      65       3
     98      66       3
     98      67       3
     98      68       3
     98      69       3
     99      60       3
     99      61       3
     99      62       3
     99      63       3
     99      64       3
     99      65       3
     99      66       3
     99      67       3
     99      68       3
     99      69       3
    100      60       3
    100      61       3
    100      62       3
    100      63       3
    100      64       3
    100      65       3
    100      66       3
    100      67       3
    100      68       3
    100      69       3
    101      60       3
    101      61       3
    101      62       3
    101      63       3
    101      64       3
    101      65       3
    101      66       3
    101      67       3
    101      68       3
    101      69       3
     92      60       4
     92      61       4
     92      62       4
     92      63       4
     92      64       4
     92      65       4
     92      66       4
     92      67       4
     92      68       4
     92      69       4
     93      60       4
     93      61       4
     93      62       4
     93      63       4
     93      64       4
     93      65       4
     93      66       4
     93      67       4
     93      68       4
     93      69       4
     94      60       4
     94      61       4
     94      62       4
     94      63       4
     94      64       4
     94      65       4
     94      66       4
     94      67       4
     94      68       4
     94      69       4
     95      60       4
     95      61       4
     95      62       4
     95      63       4
     95      64       4
     95      65       4
     95      66       4
     95      67       4
     95      68       4
     95      69       4
     96      60       4
     96      61       4
     96      62       4
     96      63       4
     96      64       4
     96      65       4
     96      66       4
     96      67       4
     96      68       4
     96      69       4
     97      60       4
     97      61       4
     97      62       4
     97      63       4
     97      64       4
     97      65       4
     97      66       4
     97      67       4
     97      68       4
     97      69       4
     98      60       4
     98      61       4
     98      62       4
     98      63       4
     98      64       4
     98      65       4
     98      66       4
     98      67       4
     98      68       4
     98      69       4
     99      60       4
     99      61       4
     99      62       4
     99      63       4
     99      64       4
     99      65       4
     99      66       4
     99      67       4
     99      68       4
     99      69       4
    100      60       4
    100      61       4
    100      62       4
    100      63       4
    100      64       4
    100      65       4
    100      66       4
    100      67       4
    100      68       4
    100      69       4
    101      60       4
    101      61       4
    101      62       4
    101      63       4
    101      64       4
    101      65       4
    101      66       4
    101      67       4
    101      68       4
    101      69       4
     92      60       5
     92      61       5
     92      62       5
     92      63       5
     92      64       5
     92      65       5
     92      66       5
     92      67       5
     92      68       5
     92      69       5
     93      60       5
     93      61       5
     93      62       5
     93      63       5
     93      64       5
     93      65       5
     93      66       5
     93      67       5
     93      68       5
     93      69       5
     94      60       5
     94      61       5
     94      62       5
     94      63       5
     94      64       5
     94      65       5
     94      66       5
     94      67       5
     94      68       5
     94      69       5
     95      60       5
     95      61       5
     95      62       5
     95      63       5
     95      64       5
     95      65       5
     95      66       5
     95      67       5
     95      68       5
     95      69       5
     96      60       5
     96      61       5
     96      62       5
     96      63       5
     96      64       5
     96      65       5
     96      66       5
     96      67       5
     96      68       5
     96      69       5
     97      60       5
     97      61       5
     97      62       5
     97      63       5
     97      64       5
     97      65       5
     97      66       5
     97      67       5
     97      68       5
     97      69       5
     98      60       5
     98      61       5
     98      62       5
     98      63       5
     98      64       5
     98      65       5
     98      66       5
     98      67       5
     98      68       5
     98      69       5
     99      60       5
     99      61       5
     99      62       5
     99      63       5
     99      64       5
     99      65       5
     99      66       5
     99      67       5
     99      68       5
     99      69       5
    100      60       5
    100      61       5
    100      62       5
    100      63       5
    100      64       5
    100      65       5
    100      66       5
    100      67       5
    100      68       5
    100      69       5
    101      60       5
    101      61       5
    101      62       5
    101      63       5
    101      64       5
    101      65       5
    101      66       5
    101      67       5
    101      68       5
    101      69       5
     92      60       6
     92      61       6
     92      62       6
     92      63       6
     92      64       6
     92      65       6
     92      66       6
     92      67       6
     92      68       6
     92      69       6
     93      60       6
     93      61       6
     93      62       6
     93      63       6
     93      64       6
     93      65       6
     93      66       6
     93      67       6
     93      68       6
     93      69       6
     94      60       6
     94      61       6
     94      62       6
     94      63       6
     94      64       6
     94      65       6
     94      66       6
     94      67       6
     94      68       6
     94      69       6
     95      60       6
     95      61       6
     95      62       6
     95      63       6
     95      64       6
     95      65       6
     95      66       6
     95      67       6
     95      68       6
     95      69       6
     96      60       6
     96      61       6
     96      62       6
     96      63       6
     96      64       6
     96      65       6
     96      66       6
     96      67       6
     96      68       6
     96      69       6
     97      60       6
     97      61       6
     97      62       6
     97      63       6
     97      64       6
     97      65       6
     97      66       6
     97      67       6
     97      68       6
     97      69       6
     98      60       6
     98      61       6
     98      62       6
     98      63       6
     98      64       6
     98      65       6
     98      66       6
     98      67       6
     98      68       6
     98      69       6
     99      60       6
     99      61       6
     99      62       6
     99      63       6
     99      64       6
     99      65       6
     99      66       6
     99      67       6
     99      68       6
     99      69       6
    100      60       6
    100      61       6
    100      62       6
    100      63       6
    100      64       6
    100      65       6
    100      66       6
    100      67       6
    100      68       6
    100      69       6
    101      60       6
    101      61       6
    101      62       6
    101      63       6
    101      64       6
    101      65       6
    101      66       6
    101      67       6
    101      68       6
    101      69       6
     92      60       7
     92      61       7
     92      62       7
     92      63       7
     92      64       7
     92      65       7
     92      66       7
     92      67       7
     92      68       7
     92      69       7
     93      60       7
     93      61       7
     93      62       7
     93      63       7
     93      64       7
     93      65       7
     93      66       7
     93      67       7
     93      68       7
     93      69       7
     94      60       7
     94      61       7
     94      62       7
     94      63       7
     94      64       7
     94      65       7
     94      66       7
     94      67       7
     94      68       7
     94      69       7
     95      60       7
     95      61       7
     95      62       7
     95      63       7
     95      64       7
     95      65       7
     95      66       7
     95      67       7
     95      68       7
     95      69       7
     96      60       7
     96      61       7
     96      62       7
     96      63       7
     96      64       7
     96      65       7
     96      66       7
     96      67       7
     96      68       7
     96      69       7
     97      60       7
     97      61       7
     97      62       7
     97      63       7
     97      64       7
     97      65       7
     97      66       7
     97      67       7
     97      68       7
     97      69       7
     98      60       7
     98      61       7
     98      62       7
     98      63       7
     98      64       7
     98      65       7
     98      66       7
     98      67       7
     98      68       7
     98      69       7
     99      60       7
     99      61       7
     99      62       7
     99      63       7
     99      64       7
     99      65       7
     99      66       7
     99      67       7
     99      68       7
     99      69       7
    100      60       7
    100      61       7
    100      62       7
    100      63       7
    100      64       7
    100      65       7
    100      66       7
    100      67       7
    100      68       7
    100      69       7
    101      60       7
    101      61       7
    101      62       7
    101      63       7
    101      64       7
    101      65       7
    101      66       7
    101      67       7
    101      68       7
    101      69       7
     92      60       8
     92      61       8
     92      62       8
     92      63       8
     92      64       8
     92      65       8
     92      66       8
     92      67       8
     92      68       8
     92      69       8
     93      60       8
     93      61       8
     93      62       8
     93      63       8
     93      64       8
     93      65       8
     93      66       8
     93      67       8
     93      68       8
     93      69       8
     94      60       8
     94      61       8
     94      62       8
     94      63       8
     94      64       8
     94      65       8
     94      66       8
     94      67       8
     94      68       8
     94      69       8
     95      60       8
     95      61       8
     95      62       8
     95      63       8
     95      64       8
     95      65       8
     95      66       8
     95      67       8
     95      68       8
     95      69       8
     96      60       8
     96      61       8
     96      62       8
     96      63       8
     96      64       8
     96      65       8
     96      66       8
     96      67       8
     96      68       8
     96      69       8
     97      60       8
     97      61       8
     97      62       8
     97      63       8
     97      64       8
     97      65       8
     97      66       8
     97      67       8
     97      68       8
     97      69       8
     98      60       8
     98      61       8
     98      62       8
     98      63       8
     98      64       8
     98      65       8
     98      66       8
     98      67       8
     98      68       8
     98      69       8
     99      60       8
     99      61       8
     99      62       8
     99      63       8
     99      64       8
     99      65       8
     99      66       8
     99      67       8
     99      68       8
     99      69       8
    100      60       8
    100      61       8
    100      62       8
    100      63       8
    100      64       8
    100      65       8
    100      66       8
    100      67       8
    100      68       8
    100      69       8
    101      60       8
    101      61       8
    101      62       8
    101      63       8
    101      64       8
    101      65       8
    101      66       8
    101      67       8
    101      68       8
    101      69       8
     92      60       9
     92      61       9
     92      62       9
     92      63       9
     92      64       9
     92      65       9
     92      66       9
     92      67       9
     92      68       9
     92      69       9
     93      60       9
     93      61       9
     93      62       9
     93      63       9
     93      64       9
     93      65       9
     93      66       9
     93      67       9
     93      68       9
     93      69       9
     94      60       9
     94      61       9
     94      62       9
     94      63       9
     94      64       9
     94      65       9
     94      66       9
     94      67       9
     94      68       9
     94      69       9
     95      60       9
     95      61       9
     95      62       9
     95      63       9
     95      64       9
     95      65       9
     95      66       9
     95      67       9
     95      68       9
     95      69       9
     96      60       9
     96      61       9
     96      62       9
     96      63       9
     96      64       9
     96      65       9
     96      66       9
     96      67       9
     96      68       9
     96      69       9
     97      60       9
     97      61       9
     97      62       9
     97      63       9
     97      64       9
     97      65       9
     97      66       9
     97      67       9
     97      68       9
     97      69       9
     98      60       9
     98      61       9
     98      62       9
     98      63       9
     98      64       9
     98      65       9
     98      66       9
     98      67       9
     98      68       9
     98      69       9
     99      60       9
     99      61       9
     99      62       9
     99      63       9
     99      64       9
     99      65       9
     99      66       9
     99      67       9
     99      68       9
     99      69       9
    100      60       9
    100      61       9
    100      62       9
    100      63       9
    100      64       9
    100      65       9
    100      66       9
    100      67       9
    100      68       9
    100      69       9
    101      60       9
    101      61       9
    101      62       9
    101      63       9
    101      64       9
    101      65       9
    101      66       9
    101      67       9
    101      68       9
    101      69       9
     38      62      10
     38      63      10
     38      64      10
     38      65      10
     38      66      10
     38      67      10
     39      62      10
     39      63      10
     39      64      10
     39      65      10
     39      66      10
     39      67      10
     40      62      10
     40      63      10
     40      64      10
     40      65      10
     40      66      10
     40      67      10
     41      62      10
     41      63      10
     41      64      10
     41      65      10
     41      66      10
     41      67      10
     42      62      10
     42      63      10
     42      64      10
     42      65      10
     42      66      10
     42      67      10
     43      62      10
     43      63      10
     43      64      10
     43      65      10
     43      66      10
     43      67      10
     92      60      10
     92      61      10
     92      62      10
     92      63      10
     92      64      10
     92      65      10
     92      66      10
     92      67      10
     92      68      10
     92      69      10
     93      60      10
     93      61      10
     93      62      10
     93      63      10
     93      64      10
     93      65      10
     93      66      10
     93      67      10
     93      68      10
     93      69      10
     94      60      10
     94      61      10
     94      62      10
     94      63      10
     94      64      10
     94      65      10
     94      66      10
     94      67      10
     94      68      10
     94      69      10
     95      60      10
     95      61      10
     95      62      10
     95      63      10
     95      64      10
     95      65      10
     95      66      10
     95      67      10
     95      68      10
     95      69      10
     96      60      10
     96      61      10
     96      62      10
     96      63      10
     96      64      10
     96      65      10
     96      66      10
     96      67      10
     96      68      10
     96      69      10
     97      60      10
     97      61      10
     97      62      10
     97      63      10
     97      64      10
     97      65      10
     97      66      10
     97      67      10
     97      68      10
     97      69      10
     98      60      10
     98      61      10
     98      62      10
     98      63      10
     98      64      10
     98      65      10
     98      66      10
     98      67      10
     98      68      10
     98      69      10
     99      60      10
     99      61      10
     99      62      10
     99      63      10
     99      64      10
     99      65      10
     99      66      10
     99      67      10
     99      68      10
     99      69      10
    100      60      10
    100      61      10
    100      62      10
    100      63      10
    100      64      10
    100      65      10
    100      66      10
    100      67      10
    100      68      10
    100      69      10
    101      60      10
    101      61      10
    101      62      10
    101      63      10
    101      64      10
    101      65      10
    101      66      10
    101      67      10
    101      68      10
    101      69      10
     38      62      11
     38      63      11
     38      64      11
     38      65      11
     38      66      11
     38      67      11
     39      62      11
     39      63      11
     39      64      11
     39      65      11
     39      66      11
     39      67      11
     40      62      11
     40      63      11
     40      64      11
     40      65      11
     40      66      11
     40      67      11
     41      62      11
     41      63      11
     41      64      11
     41      65      11
     41      66      11
     41      67      11
     42      62      11
     42      63      11
     42      64      11
     42      65      11
     42      66      11
     42      67      11
     43      62      11
     43      63      11
     43      64      11
     43      65      11
     43      66      11
     43      67      11
     92      60      11
     92      61      11
     92      62      11
     92      63      11
     92      64      11
     92      65      11
     92      66      11
     92      67      11
     92      68      11
     92      69      11
     93      60      11
     93      61      11
     93      62      11
     93      63      11
     93      64      11
     93      65      11
     93      66      11
     93      67      11
     93      68      11
     93      69      11
     94      60      11
     94      61      11
     94      62      11
     94      63      11
     94      64      11
     94      65      11
     94      66      11
     94      67      11
     94      68      11
     94      69      11
     95      60      11
     95      61      11
     95      62      11
     95      63      11
     95      64      11
     95      65      11
     95      66      11
     95      67      11
     95      68      11
     95      69      11
     96      60      11
     96      61      11
     96      62      11
     96      63      11
     96      64      11
     96      65      11
     96      66      11
     96      67      11
     96      68      11
     96      69      11
     97      60      11
     97      61      11
     97      62      11
     97      63      11
     97      64      11
     97      65      11
     97      66      11
     97      67      11
     97      68      11
     97      69      11
     98      60      11
     98      61      11
     98      62      11
     98      63      11
     98      64      11
     98      65      11
     98      66      11
     98      67      11
     98      68      11
     98      69      11
     99      60      11
     99      61      11
     99      62      11
     99      63      11
     99      64      11
     99      65      11
     99      66      11
     99      67      11
     99      68      11
     99      69      11
    100      60      11
    100      61      11
    100      62      11
    100      63      11
    100      64      11
    100      65      11
    100      66      11
    100      67      11
    100      68      11
    100      69      11
    101      60      11
    101      61      11
    101      62      11
    101      63      11
    101      64      11
    101      65      11
    101      66      11
    101      67      11
    101      68      11
    101      69      11
     18      62      12
     18      63      12
     18      64      12
     18      65      12
     18      66      12
     18      67      12
     19      62      12
     19      63      12
     19      64      12
     19      65      12
     19      66      12
     19      67      12
     20      62      12
     20      63      12
     20      64      12
     20      65      12
     20      66      12
     20      67      12
     21      62      12
     21      63      12
     21      64      12
     21      65      12
     21      66      12
     21      67      12
     22      62      12
     22      63      12
     22      64      12
     22      65      12
     22      66      12
     22      67      12
     23      62      12
     23      63      12
     23      64      12
     23      65      12
     23      66      12
     23      67      12
     36      62      12
     36      63      12
     36      64      12
     36      65      12
     36      66      12
     36      67      12
     37      62      12
     37      63      12
     37      64      12
     37      65      12
     37      66      12
     37      67      12
     38      60      12
     38      61      12
     38      62      12
     38      63      12
     38      64      12
     38      65      12
     38      66      12
     38      67      12
     38      68      12
     38      69      12
     39      60      12
     39      61      12
     39      62      12
     39      63      12
     39      64      12
     39      65      12
     39      66      12
     39      67      12
     39      68      12
     39      69      12
     40      60      12
     40      61      12
     40      62      12
     40      63      12
     40      64      12
     40      65      12
     40      66      12
     40      67      12
     40      68      12
     40      69      12
     41      60      12
     41      61      12
     41      62      12
     41      63      12
     41      64      12
     41      65      12
     41      66      12
     41      67      12
     41      68      12
     41      69      12
     42      60      12
     42      61      12
     42      62      12
     42      63      12
     42      64      12
     42      65      12
     42      66      12
     42      67      12
     42      68      12
     42      69      12
     43      60      12
     43      61      12
     43      62      12
     43      63      12
     43      64      12
     43      65      12
     43      66      12
     43      67      12
     43      68      12
     43      69      12
     44      60      12
     44      61      12
     44      62      12
     44      63      12
     44      64      12
     44      65      12
     44      66      12
     44      67      12
     44      68      12
     44      69      12
     45      60      12
     45      61      12
     45      62      12
     45      63      12
     45      64      12
     45      65      12
     45      66      12
     45      67      12
     45      68      12
     45      69      12
     92      60      12
     92      61      12
     92      62      12
     92      63      12
     92      64      12
     92      65      12
     92      66      12
     92      67      12
     92      68      12
     92      69      12
     93      60      12
     93      61      12
     93      62      12
     93      63      12
     93      64      12
     93      65      12
     93      66      12
     93      67      12
     93      68      12
     93      69      12
     94      60      12
     94      61      12
     94      62      12
     94      63      12
     94      64      12
     94      65      12
     94      66      12
     94      67      12
     94      68      12
     94      69      12
     95      60      12
     95      61      12
     95      62      12
     95      63      12
     95      64      12
     95      65      12
     95      66      12
     95      67      12
     95      68      12
     95      69      12
     96      60      12
     96      61      12
     96      62      12
     96      63      12
     96      64      12
     96      65      12
     96      66      12
     96      67      12
     96      68      12
     96      69      12
     97      60      12
     97      61      12
     97      62      12
     97      63      12
     97      64      12
     97      65      12
     97      66      12
     97      67      12
     97      68      12
     97      69      12
     98      60      12
     98      61      12
     98      62      12
     98      63      12
     98      64      12
     98      65      12
     98      66      12
     98      67      12
     98      68      12
     98      69      12
     99      60      12
     99      61      12
     99      62      12
     99      63      12
     99      64      12
     99      65      12
     99      66      12
     99      67      12
     99      68      12
     99      69      12
    100      60      12
    100      61      12
    100      62      12
    100      63      12
    100      64      12
    100      65      12
    100      66      12
    100      67      12
    100      68      12
    100      69      12
    101      60      12
    101      61      12
    101      62      12
    101      63      12
    101      64      12
    101      65      12
    101      66      12
    101      67      12
    101      68      12
    101      69      12
     18      62      13
     18      63      13
     18      64      13
     18      65      13
     18      66      13
     18      67      13
     19      62      13
     19      63      13
     19      64      13
     19      65      13
     19      66      13
     19      67      13
     20      62      13
     20      63      13
     20      64      13
     20      65      13
     20      66      13
     20      67      13
     21      62      13
     21      63      13
     21      64      13
     21      65      13
     21      66      13
     21      67      13
     22      62      13
     22      63      13
     22      64      13
     22      65      13
     22      66      13
     22      67      13
     23      62      13
     23      63      13
     23      64      13
     23      65      13
     23      66      13
     23      67      13
     36      62      13
     36      63      13
     36      64      13
     36      65      13
     36      66      13
     36      67      13
     37      62      13
     37      63      13
     37      64      13
     37      65      13
     37      66      13
     37      67      13
     38      60      13
     38      61      13
     38      62      13
     38      63      13
     38      64      13
     38      65      13
     38      66      13
     38      67      13
     38      68      13
     38      69      13
     39      60      13
     39      61      13
     39      62      13
     39      63      13
     39      64      13
     39      65      13
     39      66      13
     39      67      13
     39      68      13
     39      69      13
     40      60      13
     40      61      13
     40      62      13
     40      63      13
     40      64      13
     40      65      13
     40      66      13
     40      67      13
     40      68      13
     40      69      13
     41      60      13
     41      61      13
     41      62      13
     41      63      13
     41      64      13
     41      65      13
     41      66      13
     41      67      13
     41      68      13
     41      69      13
     42      60      13
     42      61      13
     42      62      13
     42      63      13
     42      64      13
     42      65      13
     42      66      13
     42      67      13
     42      68      13
     42      69      13
     43      60      13
     43      61      13
     43      62      13
     43      63      13
     43      64      13
     43      65      13
     43      66      13
     43      67      13
     43      68      13
     43      69      13
     44      60      13
     44      61      13
     44      62      13
     44      63      13
     44      64      13
     44      65      13
     44      66      13
     44      67      13
     44      68      13
     44      69      13
     45      60      13
     45      61      13
     45      62      13
     45      63      13
     45      64      13
     45      65      13
     45      66      13
     45      67      13
     45      68      13
     45      69      13
     92      60      13
     92      61      13
     92      62      13
     92      63      13
     92      64      13
     92      65      13
     92      66      13
     92      67      13
     92      68      13
     92      69      13
     93      60      13
     93      61      13
     93      62      13
     93      63      13
     93      64      13
     93      65      13
     93      66      13
     93      67      13
     93      68      13
     93      69      13
     94      60      13
     94      61      13
     94      62      13
     94      63      13
     94      64      13
     94      65      13
     94      66      13
     94      67      13
     94      68      13
     94      69      13
     95      60      13
     95      61      13
     95      62      13
     95      63      13
     95      64      13
     95      65      13
     95      66      13
     95      67      13
     95      68      13
     95      69      13
     96      60      13
     96      61      13
     96      62      13
     96      63      13
     96      64      13
     96      65      13
     96      66      13
     96      67      13
     96      68      13
     96      69      13
     97      60      13
     97      61      13
     97      62      13
     97      63      13
     97      64      13
     97      65      13
     97      66      13
     97      67      13
     97      68      13
     97      69      13
     98      60      13
     98      61      13
     98      62      13
     98      63      13
     98      64      13
     98      65      13
     98      66      13
     98      67      13
     98      68      13
     98      69      13
     99      60      13
     99      61      13
     99      62      13
     99      63      13
     99      64      13
     99      65      13
     99      66      13
     99      67      13
     99      68      13
     99      69      13
    100      60      13
    100      61      13
    100      62      13
    100      63      13
    100      64      13
    100      65      13
    100      66      13
    100      67      13
    100      68      13
    100      69      13
    101      60      13
    101      61      13
    101      62      13
    101      63      13
    101      64      13
    101      65      13
    101      66      13
    101      67      13
    101      68      13
    101      69      13
     14      64      14
     14      65      14
     15      64      14
     15      65      14
     16      60      14
     16      61      14
     16      62      14
     16      63      14
     16      64      14
     16      65      14
     16      66      14
     16      67      14
     16      68      14
     16      69      14
     17      60      14
     17      61      14
     17      62      14
     17      63      14
     17      64      14
     17      65      14
     17      66      14
     17      67      14
     17      68      14
     17      69      14
     18      60      14
     18      61      14
     18      62      14
     18      63      14
     18      64      14
     18      65      14
     18      66      14
     18      67      14
     18      68      14
     18      69      14
     19      60      14
     19      61      14
     19      62      14
     19      63      14
     19      64      14
     19      65      14
     19      66      14
     19      67      14
     19      68      14
     19      69      14
     20      58      14
     20      59      14
     20      60      14
     20      61      14
     20      62      14
     20      63      14
     20      64      14
     20      65      14
     20      66      14
     20      67      14
     20      68      14
     20      69      14
     20      70      14
     20      71      14
     21      58      14
     21      59      14
     21      60      14
     21      61      14
     21      62      14
     21      63      14
     21      64      14
     21      65      14
     21      66      14
     21      67      14
     21      68      14
     21      69      14
     21      70      14
     21      71      14
     22      60      14
     22      61      14
     22      62      14
     22      63      14
     22      64      14
     22      65      14
     22      66      14
     22      67      14
     22      68      14
     22      69      14
     23      60      14
     23      61      14
     23      62      14
     23      63      14
     23      64      14
     23      65      14
     23      66      14
     23      67      14
     23      68      14
     23      69      14
     24      60      14
     24      61      14
     24      62      14
     24      63      14
     24      64      14
     24      65      14
     24      66      14
     24      67      14
     24      68      14
     24      69      14
     25      60      14
     25      61      14
     25      62      14
     25      63      14
     25      64      14
     25      65      14
     25      66      14
     25      67      14
     25      68      14
     25      69      14
     26      64      14
     26      65      14
     27      64      14
     27      65      14
     34      62      14
     34      63      14
     34      64      14
     34      65      14
     34      66      14
     34      67      14
     35      62      14
     35      63      14
     35      64      14
     35      65      14
     35      66      14
     35      67      14
     36      60      14
     36      61      14
     36      62      14
     36      63      14
     36      64      14
     36      65      14
     36      66      14
     36      67      14
     36      68      14
     36      69      14
     37      60      14
     37      61      14
     37      62      14
     37      63      14
     37      64      14
     37      65      14
     37      66      14
     37      67      14
     37      68      14
     37      69      14
     38      58      14
     38      59      14
     38      60      14
     38      61      14
     38      62      14
     38      63      14
     38      64      14
     38      65      14
     38      66      14
     38      67      14
     38      68      14
     38      69      14
     38      70      14
     38      71      14
     39      58      14
     39      59      14
     39      60      14
     39      61      14
     39      62      14
     39      63      14
     39      64      14
     39      65      14
     39      66      14
     39      67      14
     39      68      14
     39      69      14
     39      70      14
     39      71      14
     40      58      14
     40      59      14
     40      60      14
     40      61      14
     40      62      14
     40      63      14
     40      64      14
     40      65      14
     40      66      14
     40      67      14
     40      68      14
     40      69      14
     40      70      14
     40      71      14
     41      58      14
     41      59      14
     41      60      14
     41      61      14
     41      62      14
     41      63      14
     41      64      14
     41      65      14
     41      66      14
     41      67      14
     41      68      14
     41      69      14
     41      70      14
     41      71      14
     42      58      14
     42      59      14
     42      60      14
     42      61      14
     42      62      14
     42      63      14
     42      64      14
     42      65      14
     42      66      14
     42      67      14
     42      68      14
     42      69      14
     42      70      14
     42      71      14
     43      58      14
     43      59      14
     43      60      14
     43      61      14
     43      62      14
     43      63      14
     43      64      14
     43      65      14
     43      66      14
     43      67      14
     43      68      14
     43      69      14
     43      70      14
     43      71      14
     44      58      14
     44      59      14
     44      60      14
     44      61      14
     44      62      14
     44      63      14
     44      64      14
     44      65      14
     44      66      14
     44      67      14
     44      68      14
     44      69      14
     44      70      14
     44      71      14
     45      58      14
     45      59      14
     45      60      14
     45      61      14
     45      62      14
     45      63      14
     45      64      14
     45      65      14
     45      66      14
     45      67      14
     45      68      14
     45      69      14
     45      70      14
     45      71      14
     46      62      14
     46      63      14
     46      64      14
     46      65      14
     46      66      14
     46      67      14
     47      62      14
     47      63      14
     47      64      14
     47      65      14
     47      66      14
     47      67      14
     52      62      14
     52      63      14
     52      64      14
     52      65      14
     52      66      14
     52      67      14
     53      62      14
     53      63      14
     53      64      14
     53      65      14
     53      66      14
     53      67      14
     54      58      14
     54      59      14
     54      60      14
     54      61      14
     54      62      14
     54      63      14
     54      64      14
     54      65      14
     54      66      14
     54      67      14
     54      68      14
     54      69      14
     54      70      14
     54      71      14
     55      58      14
     55      59      14
     55      60      14
     55      61      14
     55      62      14
     55      63      14
     55      64      14
     55      65      14
     55      66      14
     55      67      14
     55      68      14
     55      69      14
     55      70      14
     55      71      14
     56      58      14
     56      59      14
     56      60      14
     56      61      14
     56      62      14
     56      63      14
     56      64      14
     56      65      14
     56      66      14
     56      67      14
     56      68      14
     56      69      14
     56      70      14
     56      71      14
     57      58      14
     57      59      14
     57      60      14
     57      61      14
     57      62      14
     57      63      14
     57      64      14
     57      65      14
     57      66      14
     57      67      14
     57      68      14
     57      69      14
     57      70      14
     57      71      14
     58      56      14
     58      57      14
     58      58      14
     58      59      14
     58      60      14
     58      61      14
     58      62      14
     58      63      14
     58      64      14
     58      65      14
     58      66      14
     58      67      14
     58      68      14
     58      69      14
     58      70      14
     58      71      14
     58      72      14
     58      73      14
     59      56      14
     59      57      14
     59      58      14
     59      59      14
     59      60      14
     59      61      14
     59      62      14
     59      63      14
     59      64      14
     59      65      14
     59      66      14
     59      67      14
     59      68      14
     59      69      14
     59      70      14
     59      71      14
     59      72      14
     59      73      14
     60      56      14
     60      57      14
     60      58      14
     60      59      14
     60      60      14
     60      61      14
     60      62      14
     60      63      14
     60      64      14
     60      65      14
     60      66      14
     60      67      14
     60      68      14
     60      69      14
     60      70      14
     60      71      14
     60      72      14
     60      73      14
     61      56      14
     61      57      14
     61      58      14
     61      59      14
     61      60      14
     61      61      14
     61      62      14
     61      63      14
     61      64      14
     61      65      14
     61      66      14
     61      67      14
     61      68      14
     61      69      14
     61      70      14
     61      71      14
     61      72      14
     61      73      14
     62      56      14
     62      57      14
     62      58      14
     62      59      14
     62      60      14
     62      61      14
     62      62      14
     62      63      14
     62      64      14
     62      65      14
     62      66      14
     62      67      14
     62      68      14
     62      69      14
     62      70      14
     62      71      14
     62      72      14
     62      73      14
     63      56      14
     63      57      14
     63      58      14
     63      59      14
     63      60      14
     63      61      14
     63      62      14
     63      63      14
     63      64      14
     63      65      14
     63      66      14
     63      67      14
     63      68      14
     63      69      14
     63      70      14
     63      71      14
     63      72      14
     63      73      14
     64      58      14
     64      59      14
     64      60      14
     64      61      14
     64      62      14
     64      63      14
     64      64      14
     64      65      14
     64      66      14
     64      67      14
     64      68      14
     64      69      14
     64      70      14
     64      71      14
     65      58      14
     65      59      14
     65      60      14
     65      61      14
     65      62      14
     65      63      14
     65      64      14
     65      65      14
     65      66      14
     65      67      14
     65      68      14
     65      69      14
     65      70      14
     65      71      14
     66      58      14
     66      59      14
     66      60      14
     66      61      14
     66      62      14
     66      63      14
     66      64      14
     66      65      14
     66      66      14
     66      67      14
     66      68      14
     66      69      14
     66      70      14
     66      71      14
     67      58      14
     67      59      14
     67      60      14
     67      61      14
     67      62      14
     67      63      14
     67      64      14
     67      65      14
     67      66      14
     67      67      14
     67      68      14
     67      69      14
     67      70      14
     67      71      14
     68      62      14
     68      63      14
     68      64      14
     68      65      14
     68      66      14
     68      67      14
     69      62      14
     69      63      14
     69      64      14
     69      65      14
     69      66      14
     69      67      14
     74      60      14
     74      61      14
     74      62      14
     74      63      14
     74      64      14
     74      65      14
     74      66      14
     74      67      14
     74      68      14
     74      69      14
     75      60      14
     75      61      14
     75      62      14
     75      63      14
     75      64      14
     75      65      14
     75      66      14
     75      67      14
     75      68      14
     75      69      14
     76      58      14
     76      59      14
     76      60      14
     76      61      14
     76      62      14
     76      63      14
     76      64      14
     76      65      14
     76      66      14
     76      67      14
     76      68      14
     76      69      14
     76      70      14
     76      71      14
     77      58      14
     77      59      14
     77      60      14
     77      61      14
     77      62      14
     77      63      14
     77      64      14
     77      65      14
     77      66      14
     77      67      14
     77      68      14
     77      69      14
     77      70      14
     77      71      14
     78      58      14
     78      59      14
     78      60      14
     78      61      14
     78      62      14
     78      63      14
     78      64      14
     78      65      14
     78      66      14
     78      67      14
     78      68      14
     78      69      14
     78      70      14
     78      71      14
     79      58      14
     79      59      14
     79      60      14
     79      61      14
     79      62      14
     79      63      14
     79      64      14
     79      65      14
     79      66      14
     79      67      14
     79      68      14
     79      69      14
     79      70      14
     79      71      14
     80      56      14
     80      57      14
     80      58      14
     80      59      14
     80      60      14
     80      61      14
     80      62      14
     80      63      14
     80      64      14
     80      65      14
     80      66      14
     80      67      14
     80      68      14
     80      69      14
     80      70      14
     80      71      14
     80      72      14
     80      73      14
     81      56      14
     81      57      14
     81      58      14
     81      59      14
     81      60      14
     81      61      14
     81      62      14
     81      63      14
     81      64      14
     81      65      14
     81      66      14
     81      67      14
     81      68      14
     81      69      14
     81      70      14
     81      71      14
     81      72      14
     81      73      14
     82      56      14
     82      57      14
     82      58      14
     82      59      14
     82      60      14
     82      61      14
     82      62      14
     82      63      14
     82      64      14
     82      65      14
     82      66      14
     82      67      14
     82      68      14
     82      69      14
     82      70      14
     82      71      14
     82      72      14
     82      73      14
     83      56      14
     83      57      14
     83      58      14
     83      59      14
     83      60      14
     83      61      14
     83      62      14
     83      63      14
     83      64      14
     83      65      14
     83      66      14
     83      67      14
     83      68      14
     83      69      14
     83      70      14
     83      71      14
     83      72      14
     83      73      14
     84      58      14
     84      59      14
     84      60      14
     84      61      14
     84      62      14
     84      63      14
     84      64      14
     84      65      14
     84      66      14
     84      67      14
     84      68      14
     84      69      14
     84      70      14
     84      71      14
     85      58      14
     85      59      14
     85      60      14
     85      61      14
     85      62      14
     85      63      14
     85      64      14
     85      65      14
     85      66      14
     85      67      14
     85      68      14
     85      69      14
     85      70      14
     85      71      14
     86      58      14
     86      59      14
     86      60      14
     86      61      14
     86      62      14
     86      63      14
     86      64      14
     86      65      14
     86      66      14
     86      67      14
     86      68      14
     86      69      14
     86      70      14
     86      71      14
     87      58      14
     87      59      14
     87      60      14
     87      61      14
     87      62      14
     87      63      14
     87      64      14
     87      65      14
     87      66      14
     87      67      14
     87      68      14
     87      69      14
     87      70      14
     87      71      14
     88      60      14
     88      61      14
     88      62      14
     88      63      14
     88      64      14
     88      65      14
     88      66      14
     88      67      14
     88      68      14
     88      69      14
     89      60      14
     89      61      14
     89      62      14
     89      63      14
     89      64      14
     89      65      14
     89      66      14
     89      67      14
     89      68      14
     89      69      14
     92      60      14
     92      61      14
     92      62      14
     92      63      14
     92      64      14
     92      65      14
     92      66      14
     92      67      14
     92      68      14
     92      69      14
     93      60      14
     93      61      14
     93      62      14
     93      63      14
     93      64      14
     93      65      14
     93      66      14
     93      67      14
     93      68      14
     93      69      14
     94      60      14
     94      61      14
     94      62      14
     94      63      14
     94      64      14
     94      65      14
     94      66      14
     94      67      14
     94      68      14
     94      69      14
     95      60      14
     95      61      14
     95      62      14
     95      63      14
     95      64      14
     95      65      14
     95      66      14
     95      67      14
     95      68      14
     95      69      14
     96      60      14
     96      61      14
     96      62      14
     96      63      14
     96      64      14
     96      65      14
     96      66      14
     96      67      14
     96      68      14
     96      69      14
     97      60      14
     97      61      14
     97      62      14
     97      63      14
     97      64      14
     97      65      14
     97      66      14
     97      67      14
     97      68      14
     97      69      14
     98      60      14
     98      61      14
     98      62      14
     98      63      14
     98      64      14
     98      65      14
     98      66      14
     98      67      14
     98      68      14
     98      69      14
     99      60      14
     99      61      14
     99      62      14
     99      63      14
     99      64      14
     99      65      14
     99      66      14
     99      67      14
     99      68      14
     99      69      14
    100      60      14
    100      61      14
    100      62      14
    100      63      14
    100      64      14
    100      65      14
    100      66      14
    100      67      14
    100      68      14
    100      69      14
    101      60      14
    101      61      14
    101      62      14
    101      63      14
    101      64      14
    101      65      14
    101      66      14
    101      67      14
    101      68      14
    101      69      14
     14      64      15
     14      65      15
     15      64      15
     15      65      15
     16      60      15
     16      61      15
     16      62      15
     16      63      15
     16      64      15
     16      65      15
     16      66      15
     16      67      15
     16      68      15
     16      69      15
     17      60      15
     17      61      15
     17      62      15
     17      63      15
     17      64      15
     17      65      15
     17      66      15
     17      67      15
     17      68      15
     17      69      15
     18      60      15
     18      61      15
     18      62      15
     18      63      15
     18      64      15
     18      65      15
     18      66      15
     18      67      15
     18      68      15
     18      69      15
     19      60      15
     19      61      15
     19      62      15
     19      63      15
     19      64      15
     19      65      15
     19      66      15
     19      67      15
     19      68      15
     19      69      15
     20      58      15
     20      59      15
     20      60      15
     20      61      15
     20      62      15
     20      63      15
     20      64      15
     20      65      15
     20      66      15
     20      67      15
     20      68      15
     20      69      15
     20      70      15
     20      71      15
     21      58      15
     21      59      15
     21      60      15
     21      61      15
     21      62      15
     21      63      15
     21      64      15
     21      65      15
     21      66      15
     21      67      15
     21      68      15
     21      69      15
     21      70      15
     21      71      15
     22      60      15
     22      61      15
     22      62      15
     22      63      15
     22      64      15
     22      65      15
     22      66      15
     22      67      15
     22      68      15
     22      69      15
     23      60      15
     23      61      15
     23      62      15
     23      63      15
     23      64      15
     23      65      15
     23      66      15
     23      67      15
     23      68      15
     23      69      15
     24      60      15
     24      61      15
     24      62      15
     24      63      15
     24      64      15
     24      65      15
     24      66      15
     24      67      15
     24      68      15
     24      69      15
     25      60      15
     25      61      15
     25      62      15
     25      63      15
     25      64      15
     25      65      15
     25      66      15
     25      67      15
     25      68      15
     25      69      15
     26      64      15
     26      65      15
     27      64      15
     27      65      15
     34      62      15
     34      63      15
     34      64      15
     34      65      15
     34      66      15
     34      67      15
     35      62      15
     35      63      15
     35      64      15
     35      65      15
     35      66      15
     35      67      15
     36      60      15
     36      61      15
     36      62      15
     36      63      15
     36      64      15
     36      65      15
     36      66      15
     36      67      15
     36      68      15
     36      69      15
     37      60      15
     37      61      15
     37      62      15
     37      63      15
     37      64      15
     37      65      15
     37      66      15
     37      67      15
     37      68      15
     37      69      15
     38      58      15
     38      59      15
     38      60      15
     38      61      15
     38      62      15
     38      63      15
     38      64      15
     38      65      15
     38      66      15
     38      67      15
     38      68      15
     38      69      15
     38      70      15
     38      71      15
     39      58      15
     39      59      15
     39      60      15
     39      61      15
     39      62      15
     39      63      15
     39      64      15
     39      65      15
     39      66      15
     39      67      15
     39      68      15
     39      69      15
     39      70      15
     39      71      15
     40      58      15
     40      59      15
     40      60      15
     40      61      15
     40      62      15
     40      63      15
     40      64      15
     40      65      15
     40      66      15
     40      67      15
     40      68      15
     40      69      15
     40      70      15
     40      71      15
     41      58      15
     41      59      15
     41      60      15
     41      61      15
     41      62      15
     41      63      15
     41      64      15
     41      65      15
     41      66      15
     41      67      15
     41      68      15
     41      69      15
     41      70      15
     41      71      15
     42      58      15
     42      59      15
     42      60      15
     42      61      15
     42      62      15
     42      63      15
     42      64      15
     42      65      15
     42      66      15
     42      67      15
     42      68      15
     42      69      15
     42      70      15
     42      71      15
     43      58      15
     43      59      15
     43      60      15
     43      61      15
     43      62      15
     43      63      15
     43      64      15
     43      65      15
     43      66      15
     43      67      15
     43      68      15
     43      69      15
     43      70      15
     43      71      15
     44      58      15
     44      59      15
     44      60      15
     44      61      15
     44      62      15
     44      63      15
     44      64      15
     44      65      15
     44      66      15
     44      67      15
     44      68      15
     44      69      15
     44      70      15
     44      71      15
     45      58      15
     45      59      15
     45      60      15
     45      61      15
     45      62      15
     45      63      15
     45      64      15
     45      65      15
     45      66      15
     45      67      15
     45      68      15
     45      69      15
     45      70      15
     45      71      15
     46      62      15
     46      63      15
     46      64      15
     46      65      15
     46      66      15
     46      67      15
     47      62      15
     47      63      15
     47      64      15
     47      65      15
     47      66      15
     47      67      15
     52      62      15
     52      63      15
     52      64      15
     52      65      15
     52      66      15
     52      67      15
     53      62      15
     53      63      15
     53      64      15
     53      65      15
     53      66      15
     53      67      15
     54      58      15
     54      59      15
     54      60      15
     54      61      15
     54      62      15
     54      63      15
     54      64      15
     54      65      15
     54      66      15
     54      67      15
     54      68      15
     54      69      15
     54      70      15
     54      71      15
     55      58      15
     55      59      15
     55      60      15
     55      61      15
     55      62      15
     55      63      15
     55      64      15
     55      65      15
     55      66      15
     55      67      15
     55      68      15
     55      69      15
     55      70      15
     55      71      15
     56      58      15
     56      59      15
     56      60      15
     56      61      15
     56      62      15
     56      63      15
     56      64      15
     56      65      15
     56      66      15
     56      67      15
     56      68      15
     56      69      15
     56      70      15
     56      71      15
     57      58      15
     57      59      15
     57      60      15
     57      61      15
     57      62      15
     57      63      15
     57      64      15
     57      65      15
     57      66      15
     57      67      15
     57      68      15
     57      69      15
     57      70      15
     57      71      15
     58      56      15
     58      57      15
     58      58      15
     58      59      15
     58      60      15
     58      61      15
     58      62      15
     58      63      15
     58      64      15
     58      65      15
     58      66      15
     58      67      15
     58      68      15
     58      69      15
     58      70      15
     58      71      15
     58      72      15
     58      73      15
     59      56      15
     59      57      15
     59      58      15
     59      59      15
     59      60      15
     59      61      15
     59      62      15
     59      63      15
     59      64      15
     59      65      15
     59      66      15
     59      67      15
     59      68      15
     59      69      15
     59      70      15
     59      71      15
     59      72      15
     59      73      15
     60      56      15
     60      57      15
     60      58      15
     60      59      15
     60      60      15
     60      61      15
     60      62      15
     60      63      15
     60      64      15
     60      65      15
     60      66      15
     60      67      15
     60      68      15
     60      69      15
     60      70      15
     60      71      15
     60      72      15
     60      73      15
     61      56      15
     61      57      15
     61      58      15
     61      59      15
     61      60      15
     61      61      15
     61      62      15
     61      63      15
     61      64      15
     61      65      15
     61      66      15
     61      67      15
     61      68      15
     61      69      15
     61      70      15
     61      71      15
     61      72      15
     61      73      15
     62      56      15
     62      57      15
     62      58      15
     62      59      15
     62      60      15
     62      61      15
     62      62      15
     62      63      15
     62      64      15
     62      65      15
     62      66      15
     62      67      15
     62      68      15
     62      69      15
     62      70      15
     62      71      15
     62      72      15
     62      73      15
     63      56      15
     63      57      15
     63      58      15
     63      59      15
     63      60      15
     63      61      15
     63      62      15
     63      63      15
     63      64      15
     63      65      15
     63      66      15
     63      67      15
     63      68      15
     63      69      15
     63      70      15
     63      71      15
     63      72      15
     63      73      15
     64      58      15
     64      59      15
     64      60      15
     64      61      15
     64      62      15
     64      63      15
     64      64      15
     64      65      15
     64      66      15
     64      67      15
     64      68      15
     64      69      15
     64      70      15
     64      71      15
     65      58      15
     65      59      15
     65      60      15
     65      61      15
     65      62      15
     65      63      15
     65      64      15
     65      65      15
     65      66      15
     65      67      15
     65      68      15
     65      69      15
     65      70      15
     65      71      15
     66      58      15
     66      59      15
     66      60      15
     66      61      15
     66      62      15
     66      63      15
     66      64      15
     66      65      15
     66      66      15
     66      67      15
     66      68      15
     66      69      15
     66      70      15
     66      71      15
     67      58      15
     67      59      15
     67      60      15
     67      61      15
     67      62      15
     67      63      15
     67      64      15
     67      65      15
     67      66      15
     67      67      15
     67      68      15
     67      69      15
     67      70      15
     67      71      15
     68      62      15
     68      63      15
     68      64      15
     68      65      15
     68      66      15
     68      67      15
     69      62      15
     69      63      15
     69      64      15
     69      65      15
     69      66      15
     69      67      15
     74      60      15
     74      61      15
     74      62      15
     74      63      15
     74      64      15
     74      65      15
     74      66      15
     74      67      15
     74      68      15
     74      69      15
     75      60      15
     75      61      15
     75      62      15
     75      63      15
     75      64      15
     75      65      15
     75      66      15
     75      67      15
     75      68      15
     75      69      15
     76      58      15
     76      59      15
     76      60      15
     76      61      15
     76      62      15
     76      63      15
     76      64      15
     76      65      15
     76      66      15
     76      67      15
     76      68      15
     76      69      15
     76      70      15
     76      71      15
     77      58      15
     77      59      15
     77      60      15
     77      61      15
     77      62      15
     77      63      15
     77      64      15
     77      65      15
     77      66      15
     77      67      15
     77      68      15
     77      69      15
     77      70      15
     77      71      15
     78      58      15
     78      59      15
     78      60      15
     78      61      15
     78      62      15
     78      63      15
     78      64      15
     78      65      15
     78      66      15
     78      67      15
     78      68      15
     78      69      15
     78      70      15
     78      71      15
     79      58      15
     79      59      15
     79      60      15
     79      61      15
     79      62      15
     79      63      15
     79      64      15
     79      65      15
     79      66      15
     79      67      15
     79      68      15
     79      69      15
     79      70      15
     79      71      15
     80      56      15
     80      57      15
     80      58      15
     80      59      15
     80      60      15
     80      61      15
     80      62      15
     80      63      15
     80      64      15
     80      65      15
     80      66      15
     80      67      15
     80      68      15
     80      69      15
     80      70      15
     80      71      15
     80      72      15
     80      73      15
     81      56      15
     81      57      15
     81      58      15
     81      59      15
     81      60      15
     81      61      15
     81      62      15
     81      63      15
     81      64      15
     81      65      15
     81      66      15
     81      67      15
     81      68      15
     81      69      15
     81      70      15
     81      71      15
     81      72      15
     81      73      15
     82      56      15
     82      57      15
     82      58      15
     82      59      15
     82      60      15
     82      61      15
     82      62      15
     82      63      15
     82      64      15
     82      65      15
     82      66      15
     82      67      15
     82      68      15
     82      69      15
     82      70      15
     82      71      15
     82      72      15
     82      73      15
     83      56      15
     83      57      15
     83      58      15
     83      59      15
     83      60      15
     83      61      15
     83      62      15
     83      63      15
     83      64      15
     83      65      15
     83      66      15
     83      67      15
     83      68      15
     83      69      15
     83      70      15
     83      71      15
     83      72      15
     83      73      15
     84      58      15
     84      59      15
     84      60      15
     84      61      15
     84      62      15
     84      63      15
     84      64      15
     84      65      15
     84      66      15
     84      67      15
     84      68      15
     84      69      15
     84      70      15
     84      71      15
     85      58      15
     85      59      15
     85      60      15
     85      61      15
     85      62      15
     85      63      15
     85      64      15
     85      65      15
     85      66      15
     85      67      15
     85      68      15
     85      69      15
     85      70      15
     85      71      15
     86      58      15
     86      59      15
     86      60      15
     86      61      15
     86      62      15
     86      63      15
     86      64      15
     86      65      15
     86      66      15
     86      67      15
     86      68      15
     86      69      15
     86      70      15
     86      71      15
     87      58      15
     87      59      15
     87      60      15
     87      61      15
     87      62      15
     87      63      15
     87      64      15
     87      65      15
     87      66      15
     87      67      15
     87      68      15
     87      69      15
     87      70      15
     87      71      15
     88      60      15
     88      61      15
     88      62      15
     88      63      15
     88      64      15
     88      65      15
     88      66      15
     88      67      15
     88      68      15
     88      69      15
     89      60      15
     89      61      15
     89      62      15
     89      63      15
     89      64      15
     89      65      15
     89      66      15
     89      67      15
     89      68      15
     89      69      15
     92      60      15
     92      61      15
     92      62      15
     92      63      15
     92      64      15
     92      65      15
     92      66      15
     92      67      15
     92      68      15
     92      69      15
     93      60      15
     93      61      15
     93      62      15
     93      63      15
     93      64      15
     93      65      15
     93      66      15
     93      67      15
     93      68      15
     93      69      15
     94      60      15
     94      61      15
     94      62      15
     94      63      15
     94      64      15
     94      65      15
     94      66      15
     94      67      15
     94      68      15
     94      69      15
     95      60      15
     95      61      15
     95      62      15
     95      63      15
     95      64      15
     95      65      15
     95      66      15
     95      67      15
     95      68      15
     95      69      15
     96      60      15
     96      61      15
     96      62      15
     96      63      15
     96      64      15
     96      65      15
     96      66      15
     96      67      15
     96      68      15
     96      69      15
     97      60      15
     97      61      15
     97      62      15
     97      63      15
     97      64      15
     97      65      15
     97      66      15
     97      67      15
     97      68      15
     97      69      15
     98      60      15
     98      61      15
     98      62      15
     98      63      15
     98      64      15
     98      65      15
     98      66      15
     98      67      15
     98      68      15
     98      69      15
     99      60      15
     99      61      15
     99      62      15
     99      63      15
     99      64      15
     99      65      15
     99      66      15
     99      67      15
     99      68      15
     99      69      15
    100      60      15
    100      61      15
    100      62      15
    100      63      15
    100      64      15
    100      65      15
    100      66      15
    100      67      15
    100      68      15
    100      69      15
    101      60      15
    101      61      15
    101      62      15
    101      63      15
    101      64      15
    101      65      15
    101      66      15
    101      67      15
    101      68      15
    101      69      15
     14      60      16
     14      61      16
     14      62      16
     14      63      16
     14      64      16
     14      65      16
     14      66      16
     14      67      16
     14      68      16
     14      69      16
     15      60      16
     15      61      16
     15      62      16
     15      63      16
     15      64      16
     15      65      16
     15      66      16
     15      67      16
     15      68      16
     15      69      16
     16      58      16
     16      59      16
     16      60      16
     16      61      16
     16      62      16
     16      63      16
     16      64      16
     16      65      16
     16      66      16
     16      67      16
     16      68      16
     16      69      16
     16      70      16
     16      71      16
     17      58      16
     17      59      16
     17      60      16
     17      61      16
     17      62      16
     17      63      16
     17      64      16
     17      65      16
     17      66      16
     17      67      16
     17      68      16
     17      69      16
     17      70      16
     17      71      16
     18      58      16
     18      59      16
     18      60      16
     18      61      16
     18      62      16
     18      63      16
     18      64      16
     18      65      16
     18      66      16
     18      67      16
     18      68      16
     18      69      16
     18      70      16
     18      71      16
     19      58      16
     19      59      16
     19      60      16
     19      61      16
     19      62      16
     19      63      16
     19      64      16
     19      65      16
     19      66      16
     19      67      16
     19      68      16
     19      69      16
     19      70      16
     19      71      16
     20      58      16
     20      59      16
     20      60      16
     20      61      16
     20      62      16
     20      63      16
     20      64      16
     20      65      16
     20      66      16
     20      67      16
     20      68      16
     20      69      16
     20      70      16
     20      71      16
     21      58      16
     21      59      16
     21      60      16
     21      61      16
     21      62      16
     21      63      16
     21      64      16
     21      65      16
     21      66      16
     21      67      16
     21      68      16
     21      69      16
     21      70      16
     21      71      16
     22      58      16
     22      59      16
     22      60      16
     22      61      16
     22      62      16
     22      63      16
     22      64      16
     22      65      16
     22      66      16
     22      67      16
     22      68      16
     22      69      16
     22      70      16
     22      71      16
     23      58      16
     23      59      16
     23      60      16
     23      61      16
     23      62      16
     23      63      16
     23      64      16
     23      65      16
     23      66      16
     23      67      16
     23      68      16
     23      69      16
     23      70      16
     23      71      16
     24      58      16
     24      59      16
     24      60      16
     24      61      16
     24      62      16
     24      63      16
     24      64      16
     24      65      16
     24      66      16
     24      67      16
     24      68      16
     24      69      16
     24      70      16
     24      71      16
     25      58      16
     25      59      16
     25      60      16
     25      61      16
     25      62      16
     25      63      16
     25      64      16
     25      65      16
     25      66      16
     25      67      16
     25      68      16
     25      69      16
     25      70      16
     25      71      16
     26      60      16
     26      61      16
     26      62      16
     26      63      16
     26      64      16
     26      65      16
     26      66      16
     26      67      16
     26      68      16
     26      69      16
     27      60      16
     27      61      16
     27      62      16
     27      63      16
     27      64      16
     27      65      16
     27      66      16
     27      67      16
     27      68      16
     27      69      16
     34      60      16
     34      61      16
     34      62      16
     34      63      16
     34      64      16
     34      65      16
     34      66      16
     34      67      16
     34      68      16
     34      69      16
     35      60      16
     35      61      16
     35      62      16
     35      63      16
     35      64      16
     35      65      16
     35      66      16
     35      67      16
     35      68      16
     35      69      16
     36      58      16
     36      59      16
     36      60      16
     36      61      16
     36      62      16
     36      63      16
     36      64      16
     36      65      16
     36      66      16
     36      67      16
     36      68      16
     36      69      16
     36      70      16
     36      71      16
     37      58      16
     37      59      16
     37      60      16
     37      61      16
     37      62      16
     37      63      16
     37      64      16
     37      65      16
     37      66      16
     37      67      16
     37      68      16
     37      69      16
     37      70      16
     37      71      16
     38      58      16
     38      59      16
     38      60      16
     38      61      16
     38      62      16
     38      63      16
     38      64      16
     38      65      16
     38      66      16
     38      67      16
     38      68      16
     38      69      16
     38      70      16
     38      71      16
     39      58      16
     39      59      16
     39      60      16
     39      61      16
     39      62      16
     39      63      16
     39      64      16
     39      65      16
     39      66      16
     39      67      16
     39      68      16
     39      69      16
     39      70      16
     39      71      16
     40      58      16
     40      59      16
     40      60      16
     40      61      16
     40      62      16
     40      63      16
     40      64      16
     40      65      16
     40      66      16
     40      67      16
     40      68      16
     40      69      16
     40      70      16
     40      71      16
     41      58      16
     41      59      16
     41      60      16
     41      61      16
     41      62      16
     41      63      16
     41      64      16
     41      65      16
     41      66      16
     41      67      16
     41      68      16
     41      69      16
     41      70      16
     41      71      16
     42      58      16
     42      59      16
     42      60      16
     42      61      16
     42      62      16
     42      63      16
     42      64      16
     42      65      16
     42      66      16
     42      67      16
     42      68      16
     42      69      16
     42      70      16
     42      71      16
     43      58      16
     43      59      16
     43      60      16
     43      61      16
     43      62      16
     43      63      16
     43      64      16
     43      65      16
     43      66      16
     43      67      16
     43      68      16
     43      69      16
     43      70      16
     43      71      16
     44      58      16
     44      59      16
     44      60      16
     44      61      16
     44      62      16
     44      63      16
     44      64      16
     44      65      16
     44      66      16
     44      67      16
     44      68      16
     44      69      16
     44      70      16
     44      71      16
     45      58      16
     45      59      16
     45      60      16
     45      61      16
     45      62      16
     45      63      16
     45      64      16
     45      65      16
     45      66      16
     45      67      16
     45      68      16
     45      69      16
     45      70      16
     45      71      16
     46      60      16
     46      61      16
     46      62      16
     46      63      16
     46      64      16
     46      65      16
     46      66      16
     46      67      16
     46      68      16
     46      69      16
     47      60      16
     47      61      16
     47      62      16
     47      63      16
     47      64      16
     47      65      16
     47      66      16
     47      67      16
     47      68      16
     47      69      16
     52      62      16
     52      63      16
     52      64      16
     52      65      16
     52      66      16
     52      67      16
     53      62      16
     53      63      16
     53      64      16
     53      65      16
     53      66      16
     53      67      16
     54      58      16
     54      59      16
     54      60      16
     54      61      16
     54      62      16
     54      63      16
     54      64      16
     54      65      16
     54      66      16
     54      67      16
     54      68      16
     54      69      16
     54      70      16
     54      71      16
     55      58      16
     55      59      16
     55      60      16
     55      61      16
     55      62      16
     55      63      16
     55      64      16
     55      65      16
     55      66      16
     55      67      16
     55      68      16
     55      69      16
     55      70      16
     55      71      16
     56      58      16
     56      59      16
     56      60      16
     56      61      16
     56      62      16
     56      63      16
     56      64      16
     56      65      16
     56      66      16
     56      67      16
     56      68      16
     56      69      16
     56      70      16
     56      71      16
     57      58      16
     57      59      16
     57      60      16
     57      61      16
     57      62      16
     57      63      16
     57      64      16
     57      65      16
     57      66      16
     57      67      16
     57      68      16
     57      69      16
     57      70      16
     57      71      16
     58      56      16
     58      57      16
     58      58      16
     58      59      16
     58      60      16
     58      61      16
     58      62      16
     58      63      16
     58      64      16
     58      65      16
     58      66      16
     58      67      16
     58      68      16
     58      69      16
     58      70      16
     58      71      16
     58      72      16
     58      73      16
     59      56      16
     59      57      16
     59      58      16
     59      59      16
     59      60      16
     59      61      16
     59      62      16
     59      63      16
     59      64      16
     59      65      16
     59      66      16
     59      67      16
     59      68      16
     59      69      16
     59      70      16
     59      71      16
     59      72      16
     59      73      16
     60      56      16
     60      57      16
     60      58      16
     60      59      16
     60      60      16
     60      61      16
     60      62      16
     60      63      16
     60      64      16
     60      65      16
     60      66      16
     60      67      16
     60      68      16
     60      69      16
     60      70      16
     60      71      16
     60      72      16
     60      73      16
     61      56      16
     61      57      16
     61      58      16
     61      59      16
     61      60      16
     61      61      16
     61      62      16
     61      63      16
     61      64      16
     61      65      16
     61      66      16
     61      67      16
     61      68      16
     61      69      16
     61      70      16
     61      71      16
     61      72      16
     61      73      16
     62      56      16
     62      57      16
     62      58      16
     62      59      16
     62      60      16
     62      61      16
     62      62      16
     62      63      16
     62      64      16
     62      65      16
     62      66      16
     62      67      16
     62      68      16
     62      69      16
     62      70      16
     62      71      16
     62      72      16
     62      73      16
     63      56      16
     63      57      16
     63      58      16
     63      59      16
     63      60      16
     63      61      16
     63      62      16
     63      63      16
     63      64      16
     63      65      16
     63      66      16
     63      67      16
     63      68      16
     63      69      16
     63      70      16
     63      71      16
     63      72      16
     63      73      16
     64      58      16
     64      59      16
     64      60      16
     64      61      16
     64      62      16
     64      63      16
     64      64      16
     64      65      16
     64      66      16
     64      67      16
     64      68      16
     64      69      16
     64      70      16
     64      71      16
     65      58      16
     65      59      16
     65      60      16
     65      61      16
     65      62      16
     65      63      16
     65      64      16
     65      65      16
     65      66      16
     65      67      16
     65      68      16
     65      69      16
     65      70      16
     65      71      16
     66      58      16
     66      59      16
     66      60      16
     66      61      16
     66      62      16
     66      63      16
     66      64      16
     66      65      16
     66      66      16
     66      67      16
     66      68      16
     66      69      16
     66      70      16
     66      71      16
     67      58      16
     67      59      16
     67      60      16
     67      61      16
     67      62      16
     67      63      16
     67      64      16
     67      65      16
     67      66      16
     67      67      16
     67      68      16
     67      69      16
     67      70      16
     67      71      16
     68      62      16
     68      63      16
     68      64      16
     68      65      16
     68      66      16
     68      67      16
     69      62      16
     69      63      16
     69      64      16
     69      65      16
     69      66      16
     69      67      16
     76      60      16
     76      61      16
     76      62      16
     76      63      16
     76      64      16
     76      65      16
     76      66      16
     76      67      16
     76      68      16
     76      69      16
     77      60      16
     77      61      16
     77      62      16
     77      63      16
     77      64      16
     77      65      16
     77      66      16
     77      67      16
     77      68      16
     77      69      16
     78      58      16
     78      59      16
     78      60      16
     78      61      16
     78      62      16
     78      63      16
     78      64      16
     78      65      16
     78      66      16
     78      67      16
     78      68      16
     78      69      16
     78      70      16
     78      71      16
     79      58      16
     79      59      16
     79      60      16
     79      61      16
     79      62      16
     79      63      16
     79      64      16
     79      65      16
     79      66      16
     79      67      16
     79      68      16
     79      69      16
     79      70      16
     79      71      16
     80      58      16
     80      59      16
     80      60      16
     80      61      16
     80      62      16
     80      63      16
     80      64      16
     80      65      16
     80      66      16
     80      67      16
     80      68      16
     80      69      16
     80      70      16
     80      71      16
     81      58      16
     81      59      16
     81      60      16
     81      61      16
     81      62      16
     81      63      16
     81      64      16
     81      65      16
     81      66      16
     81      67      16
     81      68      16
     81      69      16
     81      70      16
     81      71      16
     82      58      16
     82      59      16
     82      60      16
     82      61      16
     82      62      16
     82      63      16
     82      64      16
     82      65      16
     82      66      16
     82      67      16
     82      68      16
     82      69      16
     82      70      16
     82      71      16
     83      58      16
     83      59      16
     83      60      16
     83      61      16
     83      62      16
     83      63      16
     83      64      16
     83      65      16
     83      66      16
     83      67      16
     83      68      16
     83      69      16
     83      70      16
     83      71      16
     84      58      16
     84      59      16
     84      60      16
     84      61      16
     84      62      16
     84      63      16
     84      64      16
     84      65      16
     84      66      16
     84      67      16
     84      68      16
     84      69      16
     84      70      16
     84      71      16
     85      58      16
     85      59      16
     85      60      16
     85      61      16
     85      62      16
     85      63      16
     85      64      16
     85      65      16
     85      66      16
     85      67      16
     85      68      16
     85      69      16
     85      70      16
     85      71      16
     86      60      16
     86      61      16
     86      62      16
     86      63      16
     86      64      16
     86      65      16
     86      66      16
     86      67      16
     86      68      16
     86      69      16
     87      60      16
     87      61      16
     87      62      16
     87      63      16
     87      64      16
     87      65      16
     87      66      16
     87      67      16
     87      68      16
     87      69      16
     92      60      16
     92      61      16
     92      62      16
     92      63      16
     92      64      16
     92      65      16
     92      66      16
     92      67      16
     92      68      16
     92      69      16
     93      60      16
     93      61      16
     93      62      16
     93      63      16
     93      64      16
     93      65      16
     93      66      16
     93      67      16
     93      68      16
     93      69      16
     94      60      16
     94      61      16
     94      62      16
     94      63      16
     94      64      16
     94      65      16
     94      66      16
     94      67      16
     94      68      16
     94      69      16
     95      60      16
     95      61      16
     95      62      16
     95      63      16
     95      64      16
     95      65      16
     95      66      16
     95      67      16
     95      68      16
     95      69      16
     96      60      16
     96      61      16
     96      62      16
     96      63      16
     96      64      16
     96      65      16
     96      66      16
     96      67      16
     96      68      16
     96      69      16
     97      60      16
     97      61      16
     97      62      16
     97      63      16
     97      64      16
     97      65      16
     97      66      16
     97      67      16
     97      68      16
     97      69      16
     98      60      16
     98      61      16
     98      62      16
     98      63      16
     98      64      16
     98      65      16
     98      66      16
     98      67      16
     98      68      16
     98      69      16
     99      60      16
     99      61      16
     99      62      16
     99      63      16
     99      64      16
     99      65      16
     99      66      16
     99      67      16
     99      68      16
     99      69      16
    100      60      16
    100      61      16
    100      62      16
    100      63      16
    100      64      16
    100      65      16
    100      66      16
    100      67      16
    100      68      16
    100      69      16
    101      60      16
    101      61      16
    101      62      16
    101      63      16
    101      64      16
    101      65      16
    101      66      16
    101      67      16
    101      68      16
    101      69      16
     14      60      17
     14      61      17
     14      62      17
     14      63      17
     14      64      17
     14      65      17
     14      66      17
     14      67      17
     14      68      17
     14      69      17
     15      60      17
     15      61      17
     15      62      17
     15      63      17
     15      64      17
     15      65      17
     15      66      17
     15      67      17
     15      68      17
     15      69      17
     16      58      17
     16      59      17
     16      60      17
     16      61      17
     16      62      17
     16      63      17
     16      64      17
     16      65      17
     16      66      17
     16      67      17
     16      68      17
     16      69      17
     16      70      17
     16      71      17
     17      58      17
     17      59      17
     17      60      17
     17      61      17
     17      62      17
     17      63      17
     17      64      17
     17      65      17
     17      66      17
     17      67      17
     17      68      17
     17      69      17
     17      70      17
     17      71      17
     18      58      17
     18      59      17
     18      60      17
     18      61      17
     18      62      17
     18      63      17
     18      64      17
     18      65      17
     18      66      17
     18      67      17
     18      68      17
     18      69      17
     18      70      17
     18      71      17
     19      58      17
     19      59      17
     19      60      17
     19      61      17
     19      62      17
     19      63      17
     19      64      17
     19      65      17
     19      66      17
     19      67      17
     19      68      17
     19      69      17
     19      70      17
     19      71      17
     20      58      17
     20      59      17
     20      60      17
     20      61      17
     20      62      17
     20      63      17
     20      64      17
     20      65      17
     20      66      17
     20      67      17
     20      68      17
     20      69      17
     20      70      17
     20      71      17
     21      58      17
     21      59      17
     21      60      17
     21      61      17
     21      62      17
     21      63      17
     21      64      17
     21      65      17
     21      66      17
     21      67      17
     21      68      17
     21      69      17
     21      70      17
     21      71      17
     22      58      17
     22      59      17
     22      60      17
     22      61      17
     22      62      17
     22      63      17
     22      64      17
     22      65      17
     22      66      17
     22      67      17
     22      68      17
     22      69      17
     22      70      17
     22      71      17
     23      58      17
     23      59      17
     23      60      17
     23      61      17
     23      62      17
     23      63      17
     23      64      17
     23      65      17
     23      66      17
     23      67      17
     23      68      17
     23      69      17
     23      70      17
     23      71      17
     24      58      17
     24      59      17
     24      60      17
     24      61      17
     24      62      17
     24      63      17
     24      64      17
     24      65      17
     24      66      17
     24      67      17
     24      68      17
     24      69      17
     24      70      17
     24      71      17
     25      58      17
     25      59      17
     25      60      17
     25      61      17
     25      62      17
     25      63      17
     25      64      17
     25      65      17
     25      66      17
     25      67      17
     25      68      17
     25      69      17
     25      70      17
     25      71      17
     26      60      17
     26      61      17
     26      62      17
     26      63      17
     26      64      17
     26      65      17
     26      66      17
     26      67      17
     26      68      17
     26      69      17
     27      60      17
     27      61      17
     27      62      17
     27      63      17
     27      64      17
     27      65      17
     27      66      17
     27      67      17
     27      68      17
     27      69      17
     34      60      17
     34      61      17
     34      62      17
     34      63      17
     34      64      17
     34      65      17
     34      66      17
     34      67      17
     34      68      17
     34      69      17
     35      60      17
     35      61      17
     35      62      17
     35      63      17
     35      64      17
     35      65      17
     35      66      17
     35      67      17
     35      68      17
     35      69      17
     36      58      17
     36      59      17
     36      60      17
     36      61      17
     36      62      17
     36      63      17
     36      64      17
     36      65      17
     36      66      17
     36      67      17
     36      68      17
     36      69      17
     36      70      17
     36      71      17
     37      58      17
     37      59      17
     37      60      17
     37      61      17
     37      62      17
     37      63      17
     37      64      17
     37      65      17
     37      66      17
     37      67      17
     37      68      17
     37      69      17
     37      70      17
     37      71      17
     38      58      17
     38      59      17
     38      60      17
     38      61      17
     38      62      17
     38      63      17
     38      64      17
     38      65      17
     38      66      17
     38      67      17
     38      68      17
     38      69      17
     38      70      17
     38      71      17
     39      58      17
     39      59      17
     39      60      17
     39      61      17
     39      62      17
     39      63      17
     39      64      17
     39      65      17
     39      66      17
     39      67      17
     39      68      17
     39      69      17
     39      70      17
     39      71      17
     40      58      17
     40      59      17
     40      60      17
     40      61      17
     40      62      17
     40      63      17
     40      64      17
     40      65      17
     40      66      17
     40      67      17
     40      68      17
     40      69      17
     40      70      17
     40      71      17
     41      58      17
     41      59      17
     41      60      17
     41      61      17
     41      62      17
     41      63      17
     41      64      17
     41      65      17
     41      66      17
     41      67      17
     41      68      17
     41      69      17
     41      70      17
     41      71      17
     42      58      17
     42      59      17
     42      60      17
     42      61      17
     42      62      17
     42      63      17
     42      64      17
     42      65      17
     42      66      17
     42      67      17
     42      68      17
     42      69      17
     42      70      17
     42      71      17
     43      58      17
     43      59      17
     43      60      17
     43      61      17
     43      62      17
     43      63      17
     43      64      17
     43      65      17
     43      66      17
     43      67      17
     43      68      17
     43      69      17
     43      70      17
     43      71      17
     44      58      17
     44      59      17
     44      60      17
     44      61      17
     44      62      17
     44      63      17
     44      64      17
     44      65      17
     44      66      17
     44      67      17
     44      68      17
     44      69      17
     44      70      17
     44      71      17
     45      58      17
     45      59      17
     45      60      17
     45      61      17
     45      62      17
     45      63      17
     45      64      17
     45      65      17
     45      66      17
     45      67      17
     45      68      17
     45      69      17
     45      70      17
     45      71      17
     46      60      17
     46      61      17
     46      62      17
     46      63      17
     46      64      17
     46      65      17
     46      66      17
     46      67      17
     46      68      17
     46      69      17
     47      60      17
     47      61      17
     47      62      17
     47      63      17
     47      64      17
     47      65      17
     47      66      17
     47      67      17
     47      68      17
     47      69      17
     52      62      17
     52      63      17
     52      64      17
     52      65      17
     52      66      17
     52      67      17
     53      62      17
     53      63      17
     53      64      17
     53      65      17
     53      66      17
     53      67      17
     54      58      17
     54      59      17
     54      60      17
     54      61      17
     54      62      17
     54      63      17
     54      64      17
     54      65      17
     54      66      17
     54      67      17
     54      68      17
     54      69      17
     54      70      17
     54      71      17
     55      58      17
     55      59      17
     55      60      17
     55      61      17
     55      62      17
     55      63      17
     55      64      17
     55      65      17
     55      66      17
     55      67      17
     55      68      17
     55      69      17
     55      70      17
     55      71      17
     56      58      17
     56      59      17
     56      60      17
     56      61      17
     56      62      17
     56      63      17
     56      64      17
     56      65      17
     56      66      17
     56      67      17
     56      68      17
     56      69      17
     56      70      17
     56      71      17
     57      58      17
     57      59      17
     57      60      17
     57      61      17
     57      62      17
     57      63      17
     57      64      17
     57      65      17
     57      66      17
     57      67      17
     57      68      17
     57      69      17
     57      70      17
     57      71      17
     58      56      17
     58      57      17
     58      58      17
     58      59      17
     58      60      17
     58      61      17
     58      62      17
     58      63      17
     58      64      17
     58      65      17
     58      66      17
     58      67      17
     58      68      17
     58      69      17
     58      70      17
     58      71      17
     58      72      17
     58      73      17
     59      56      17
     59      57      17
     59      58      17
     59      59      17
     59      60      17
     59      61      17
     59      62      17
     59      63      17
     59      64      17
     59      65      17
     59      66      17
     59      67      17
     59      68      17
     59      69      17
     59      70      17
     59      71      17
     59      72      17
     59      73      17
     60      56      17
     60      57      17
     60      58      17
     60      59      17
     60      60      17
     60      61      17
     60      62      17
     60      63      17
     60      64      17
     60      65      17
     60      66      17
     60      67      17
     60      68      17
     60      69      17
     60      70      17
     60      71      17
     60      72      17
     60      73      17
     61      56      17
     61      57      17
     61      58      17
     61      59      17
     61      60      17
     61      61      17
     61      62      17
     61      63      17
     61      64      17
     61      65      17
     61      66      17
     61      67      17
     61      68      17
     61      69      17
     61      70      17
     61      71      17
     61      72      17
     61      73      17
     62      56      17
     62      57      17
     62      58      17
     62      59      17
     62      60      17
     62      61      17
     62      62      17
     62      63      17
     62      64      17
     62      65      17
     62      66      17
     62      67      17
     62      68      17
     62      69      17
     62      70      17
     62      71      17
     62      72      17
     62      73      17
     63      56      17
     63      57      17
     63      58      17
     63      59      17
     63      60      17
     63      61      17
     63      62      17
     63      63      17
     63      64      17
     63      65      17
     63      66      17
     63      67      17
     63      68      17
     63      69      17
     63      70      17
     63      71      17
     63      72      17
     63      73      17
     64      58      17
     64      59      17
     64      60      17
     64      61      17
     64      62      17
     64      63      17
     64      64      17
     64      65      17
     64      66      17
     64      67      17
     64      68      17
     64      69      17
     64      70      17
     64      71      17
     65      58      17
     65      59      17
     65      60      17
     65      61      17
     65      62      17
     65      63      17
     65      64      17
     65      65      17
     65      66      17
     65      67      17
     65      68      17
     65      69      17
     65      70      17
     65      71      17
     66      58      17
     66      59      17
     66      60      17
     66      61      17
     66      62      17
     66      63      17
     66      64      17
     66      65      17
     66      66      17
     66      67      17
     66      68      17
     66      69      17
     66      70      17
     66      71      17
     67      58      17
     67      59      17
     67      60      17
     67      61      17
     67      62      17
     67      63      17
     67      64      17
     67      65      17
     67      66      17
     67      67      17
     67      68      17
     67      69      17
     67      70      17
     67      71      17
     68      62      17
     68      63      17
     68      64      17
     68      65      17
     68      66      17
     68      67      17
     69      62      17
     69      63      17
     69      64      17
     69      65      17
     69      66      17
     69      67      17
     76      60      17
     76      61      17
     76      62      17
     76      63      17
     76      64      17
     76      65      17
     76      66      17
     76      67      17
     76      68      17
     76      69      17
     77      60      17
     77      61      17
     77      62      17
     77      63      17
     77      64      17
     77      65      17
     77      66      17
     77      67      17
     77      68      17
     77      69      17
     78      58      17
     78      59      17
     78      60      17
     78      61      17
     78      62      17
     78      63      17
     78      64      17
     78      65      17
     78      66      17
     78      67      17
     78      68      17
     78      69      17
     78      70      17
     78      71      17
     79      58      17
     79      59      17
     79      60      17
     79      61      17
     79      62      17
     79      63      17
     79      64      17
     79      65      17
     79      66      17
     79      67      17
     79      68      17
     79      69      17
     79      70      17
     79      71      17
     80      58      17
     80      59      17
     80      60      17
     80      61      17
     80      62      17
     80      63      17
     80      64      17
     80      65      17
     80      66      17
     80      67      17
     80      68      17
     80      69      17
     80      70      17
     80      71      17
     81      58      17
     81      59      17
     81      60      17
     81      61      17
     81      62      17
     81      63      17
     81      64      17
     81      65      17
     81      66      17
     81      67      17
     81      68      17
     81      69      17
     81      70      17
     81      71      17
     82      58      17
     82      59      17
     82      60      17
     82      61      17
     82      62      17
     82      63      17
     82      64      17
     82      65      17
     82      66      17
     82      67      17
     82      68      17
     82      69      17
     82      70      17
     82      71      17
     83      58      17
     83      59      17
     83      60      17
     83      61      17
     83      62      17
     83      63      17
     83      64      17
     83      65      17
     83      66      17
     83      67      17
     83      68      17
     83      69      17
     83      70      17
     83      71      17
     84      58      17
     84      59      17
     84      60      17
     84      61      17
     84      62      17
     84      63      17
     84      64      17
     84      65      17
     84      66      17
     84      67      17
     84      68      17
     84      69      17
     84      70      17
     84      71      17
     85      58      17
     85      59      17
     85      60      17
     85      61      17
     85      62      17
     85      63      17
     85      64      17
     85      65      17
     85      66      17
     85      67      17
     85      68      17
     85      69      17
     85      70      17
     85      71      17
     86      60      17
     86      61      17
     86      62      17
     86      63      17
     86      64      17
     86      65      17
     86      66      17
     86      67      17
     86      68      17
     86      69      17
     87      60      17
     87      61      17
     87      62      17
     87      63      17
     87      64      17
     87      65      17
     87      66      17
     87      67      17
     87      68      17
     87      69      17
     92      60      17
     92      61      17
     92      62      17
     92      63      17
     92      64      17
     92      65      17
     92      66      17
     92      67      17
     92      68      17
     92      69      17
     93      60      17
     93      61      17
     93      62      17
     93      63      17
     93      64      17
     93      65      17
     93      66      17
     93      67      17
     93      68      17
     93      69      17
     94      60      17
     94      61      17
     94      62      17
     94      63      17
     94      64      17
     94      65      17
     94      66      17
     94      67      17
     94      68      17
     94      69      17
     95      60      17
     95      61      17
     95      62      17
     95      63      17
     95      64      17
     95      65      17
     95      66      17
     95      67      17
     95      68      17
     95      69      17
     96      60      17
     96      61      17
     96      62      17
     96      63      17
     96      64      17
     96      65      17
     96      66      17
     96      67      17
     96      68      17
     96      69      17
     97      60      17
     97      61      17
     97      62      17
     97      63      17
     97      64      17
     97      65      17
     97      66      17
     97      67      17
     97      68      17
     97      69      17
     98      60      17
     98      61      17
     98      62      17
     98      63      17
     98      64      17
     98      65      17
     98      66      17
     98      67      17
     98      68      17
     98      69      17
     99      60      17
     99      61      17
     99      62      17
     99      63      17
     99      64      17
     99      65      17
     99      66      17
     99      67      17
     99      68      17
     99      69      17
    100      60      17
    100      61      17
    100      62      17
    100      63      17
    100      64      17
    100      65      17
    100      66      17
    100      67      17
    100      68      17
    100      69      17
    101      60      17
    101      61      17
    101      62      17
    101      63      17
    101      64      17
    101      65      17
    101      66      17
    101      67      17
    101      68      17
    101      69      17
     12      62      18
     12      63      18
     12      64      18
     12      65      18
     12      66      18
     12      67      18
     13      62      18
     13      63      18
     13      64      18
     13      65      18
     13      66      18
     13      67      18
     14      58      18
     14      59      18
     14      60      18
     14      61      18
     14      62      18
     14      63      18
     14      64      18
     14      65      18
     14      66      18
     14      67      18
     14      68      18
     14      69      18
     14      70      18
     14      71      18
     15      58      18
     15      59      18
     15      60      18
     15      61      18
     15      62      18
     15      63      18
     15      64      18
     15      65      18
     15      66      18
     15      67      18
     15      68      18
     15      69      18
     15      70      18
     15      71      18
     16      58      18
     16      59      18
     16      60      18
     16      61      18
     16      62      18
     16      63      18
     16      64      18
     16      65      18
     16      66      18
     16      67      18
     16      68      18
     16      69      18
     16      70      18
     16      71      18
     17      58      18
     17      59      18
     17      60      18
     17      61      18
     17      62      18
     17      63      18
     17      64      18
     17      65      18
     17      66      18
     17      67      18
     17      68      18
     17      69      18
     17      70      18
     17      71      18
     18      56      18
     18      57      18
     18      58      18
     18      59      18
     18      60      18
     18      61      18
     18      62      18
     18      63      18
     18      64      18
     18      65      18
     18      66      18
     18      67      18
     18      68      18
     18      69      18
     18      70      18
     18      71      18
     18      72      18
     18      73      18
     19      56      18
     19      57      18
     19      58      18
     19      59      18
     19      60      18
     19      61      18
     19      62      18
     19      63      18
     19      64      18
     19      65      18
     19      66      18
     19      67      18
     19      68      18
     19      69      18
     19      70      18
     19      71      18
     19      72      18
     19      73      18
     20      56      18
     20      57      18
     20      58      18
     20      59      18
     20      60      18
     20      61      18
     20      62      18
     20      63      18
     20      64      18
     20      65      18
     20      66      18
     20      67      18
     20      68      18
     20      69      18
     20      70      18
     20      71      18
     20      72      18
     20      73      18
     21      56      18
     21      57      18
     21      58      18
     21      59      18
     21      60      18
     21      61      18
     21      62      18
     21      63      18
     21      64      18
     21      65      18
     21      66      18
     21      67      18
     21      68      18
     21      69      18
     21      70      18
     21      71      18
     21      72      18
     21      73      18
     22      56      18
     22      57      18
     22      58      18
     22      59      18
     22      60      18
     22      61      18
     22      62      18
     22      63      18
     22      64      18
     22      65      18
     22      66      18
     22      67      18
     22      68      18
     22      69      18
     22      70      18
     22      71      18
     22      72      18
     22      73      18
     23      56      18
     23      57      18
     23      58      18
     23      59      18
     23      60      18
     23      61      18
     23      62      18
     23      63      18
     23      64      18
     23      65      18
     23      66      18
     23      67      18
     23      68      18
     23      69      18
     23      70      18
     23      71      18
     23      72      18
     23      73      18
     24      58      18
     24      59      18
     24      60      18
     24      61      18
     24      62      18
     24      63      18
     24      64      18
     24      65      18
     24      66      18
     24      67      18
     24      68      18
     24      69      18
     24      70      18
     24      71      18
     25      58      18
     25      59      18
     25      60      18
     25      61      18
     25      62      18
     25      63      18
     25      64      18
     25      65      18
     25      66      18
     25      67      18
     25      68      18
     25      69      18
     25      70      18
     25      71      18
     26      58      18
     26      59      18
     26      60      18
     26      61      18
     26      62      18
     26      63      18
     26      64      18
     26      65      18
     26      66      18
     26      67      18
     26      68      18
     26      69      18
     26      70      18
     26      71      18
     27      58      18
     27      59      18
     27      60      18
     27      61      18
     27      62      18
     27      63      18
     27      64      18
     27      65      18
     27      66      18
     27      67      18
     27      68      18
     27      69      18
     27      70      18
     27      71      18
     28      62      18
     28      63      18
     28      64      18
     28      65      18
     28      66      18
     28      67      18
     29      62      18
     29      63      18
     29      64      18
     29      65      18
     29      66      18
     29      67      18
     32      62      18
     32      63      18
     32      64      18
     32      65      18
     32      66      18
     32      67      18
     33      62      18
     33      63      18
     33      64      18
     33      65      18
     33      66      18
     33      67      18
     34      58      18
     34      59      18
     34      60      18
     34      61      18
     34      62      18
     34      63      18
     34      64      18
     34      65      18
     34      66      18
     34      67      18
     34      68      18
     34      69      18
     34      70      18
     34      71      18
     35      58      18
     35      59      18
     35      60      18
     35      61      18
     35      62      18
     35      63      18
     35      64      18
     35      65      18
     35      66      18
     35      67      18
     35      68      18
     35      69      18
     35      70      18
     35      71      18
     36      58      18
     36      59      18
     36      60      18
     36      61      18
     36      62      18
     36      63      18
     36      64      18
     36      65      18
     36      66      18
     36      67      18
     36      68      18
     36      69      18
     36      70      18
     36      71      18
     37      58      18
     37      59      18
     37      60      18
     37      61      18
     37      62      18
     37      63      18
     37      64      18
     37      65      18
     37      66      18
     37      67      18
     37      68      18
     37      69      18
     37      70      18
     37      71      18
     38      56      18
     38      57      18
     38      58      18
     38      59      18
     38      60      18
     38      61      18
     38      62      18
     38      63      18
     38      64      18
     38      65      18
     38      66      18
     38      67      18
     38      68      18
     38      69      18
     38      70      18
     38      71      18
     38      72      18
     38      73      18
     39      56      18
     39      57      18
     39      58      18
     39      59      18
     39      60      18
     39      61      18
     39      62      18
     39      63      18
     39      64      18
     39      65      18
     39      66      18
     39      67      18
     39      68      18
     39      69      18
     39      70      18
     39      71      18
     39      72      18
     39      73      18
     40      56      18
     40      57      18
     40      58      18
     40      59      18
     40      60      18
     40      61      18
     40      62      18
     40      63      18
     40      64      18
     40      65      18
     40      66      18
     40      67      18
     40      68      18
     40      69      18
     40      70      18
     40      71      18
     40      72      18
     40      73      18
     41      56      18
     41      57      18
     41      58      18
     41      59      18
     41      60      18
     41      61      18
     41      62      18
     41      63      18
     41      64      18
     41      65      18
     41      66      18
     41      67      18
     41      68      18
     41      69      18
     41      70      18
     41      71      18
     41      72      18
     41      73      18
     42      56      18
     42      57      18
     42      58      18
     42      59      18
     42      60      18
     42      61      18
     42      62      18
     42      63      18
     42      64      18
     42      65      18
     42      66      18
     42      67      18
     42      68      18
     42      69      18
     42      70      18
     42      71      18
     42      72      18
     42      73      18
     43      56      18
     43      57      18
     43      58      18
     43      59      18
     43      60      18
     43      61      18
     43      62      18
     43      63      18
     43      64      18
     43      65      18
     43      66      18
     43      67      18
     43      68      18
     43      69      18
     43      70      18
     43      71      18
     43      72      18
     43      73      18
     44      58      18
     44      59      18
     44      60      18
     44      61      18
     44      62      18
     44      63      18
     44      64      18
     44      65      18
     44      66      18
     44      67      18
     44      68      18
     44      69      18
     44      70      18
     44      71      18
     45      58      18
     45      59      18
     45      60      18
     45      61      18
     45      62      18
     45      63      18
     45      64      18
     45      65      18
     45      66      18
     45      67      18
     45      68      18
     45      69      18
     45      70      18
     45      71      18
     46      58      18
     46      59      18
     46      60      18
     46      61      18
     46      62      18
     46      63      18
     46      64      18
     46      65      18
     46      66      18
     46      67      18
     46      68      18
     46      69      18
     46      70      18
     46      71      18
     47      58      18
     47      59      18
     47      60      18
     47      61      18
     47      62      18
     47      63      18
     47      64      18
     47      65      18
     47      66      18
     47      67      18
     47      68      18
     47      69      18
     47      70      18
     47      71      18
     48      62      18
     48      63      18
     48      64      18
     48      65      18
     48      66      18
     48      67      18
     49      62      18
     49      63      18
     49      64      18
     49      65      18
     49      66      18
     49      67      18
     52      62      18
     52      63      18
     52      64      18
     52      65      18
     52      66      18
     52      67      18
     53      62      18
     53      63      18
     53      64      18
     53      65      18
     53      66      18
     53      67      18
     54      58      18
     54      59      18
     54      60      18
     54      61      18
     54      62      18
     54      63      18
     54      64      18
     54      65      18
     54      66      18
     54      67      18
     54      68      18
     54      69      18
     54      70      18
     54      71      18
     55      58      18
     55      59      18
     55      60      18
     55      61      18
     55      62      18
     55      63      18
     55      64      18
     55      65      18
     55      66      18
     55      67      18
     55      68      18
     55      69      18
     55      70      18
     55      71      18
     56      58      18
     56      59      18
     56      60      18
     56      61      18
     56      62      18
     56      63      18
     56      64      18
     56      65      18
     56      66      18
     56      67      18
     56      68      18
     56      69      18
     56      70      18
     56      71      18
     57      58      18
     57      59      18
     57      60      18
     57      61      18
     57      62      18
     57      63      18
     57      64      18
     57      65      18
     57      66      18
     57      67      18
     57      68      18
     57      69      18
     57      70      18
     57      71      18
     58      56      18
     58      57      18
     58      58      18
     58      59      18
     58      60      18
     58      61      18
     58      62      18
     58      63      18
     58      64      18
     58      65      18
     58      66      18
     58      67      18
     58      68      18
     58      69      18
     58      70      18
     58      71      18
     58      72      18
     58      73      18
     59      56      18
     59      57      18
     59      58      18
     59      59      18
     59      60      18
     59      61      18
     59      62      18
     59      63      18
     59      64      18
     59      65      18
     59      66      18
     59      67      18
     59      68      18
     59      69      18
     59      70      18
     59      71      18
     59      72      18
     59      73      18
     60      56      18
     60      57      18
     60      58      18
     60      59      18
     60      60      18
     60      61      18
     60      62      18
     60      63      18
     60      64      18
     60      65      18
     60      66      18
     60      67      18
     60      68      18
     60      69      18
     60      70      18
     60      71      18
     60      72      18
     60      73      18
     61      56      18
     61      57      18
     61      58      18
     61      59      18
     61      60      18
     61      61      18
     61      62      18
     61      63      18
     61      64      18
     61      65      18
     61      66      18
     61      67      18
     61      68      18
     61      69      18
     61      70      18
     61      71      18
     61      72      18
     61      73      18
     62      56      18
     62      57      18
     62      58      18
     62      59      18
     62      60      18
     62      61      18
     62      62      18
     62      63      18
     62      64      18
     62      65      18
     62      66      18
     62      67      18
     62      68      18
     62      69      18
     62      70      18
     62      71      18
     62      72      18
     62      73      18
     63      56      18
     63      57      18
     63      58      18
     63      59      18
     63      60      18
     63      61      18
     63      62      18
     63      63      18
     63      64      18
     63      65      18
     63      66      18
     63      67      18
     63      68      18
     63      69      18
     63      70      18
     63      71      18
     63      72      18
     63      73      18
     64      58      18
     64      59      18
     64      60      18
     64      61      18
     64      62      18
     64      63      18
     64      64      18
     64      65      18
     64      66      18
     64      67      18
     64      68      18
     64      69      18
     64      70      18
     64      71      18
     65      58      18
     65      59      18
     65      60      18
     65      61      18
     65      62      18
     65      63      18
     65      64      18
     65      65      18
     65      66      18
     65      67      18
     65      68      18
     65      69      18
     65      70      18
     65      71      18
     66      58      18
     66      59      18
     66      60      18
     66      61      18
     66      62      18
     66      63      18
     66      64      18
     66      65      18
     66      66      18
     66      67      18
     66      68      18
     66      69      18
     66      70      18
     66      71      18
     67      58      18
     67      59      18
     67      60      18
     67      61      18
     67      62      18
     67      63      18
     67      64      18
     67      65      18
     67      66      18
     67      67      18
     67      68      18
     67      69      18
     67      70      18
     67      71      18
     68      62      18
     68      63      18
     68      64      18
     68      65      18
     68      66      18
     68      67      18
     69      62      18
     69      63      18
     69      64      18
     69      65      18
     69      66      18
     69      67      18
     76      62      18
     76      63      18
     76      64      18
     76      65      18
     76      66      18
     76      67      18
     77      62      18
     77      63      18
     77      64      18
     77      65      18
     77      66      18
     77      67      18
     78      60      18
     78      61      18
     78      62      18
     78      63      18
     78      64      18
     78      65      18
     78      66      18
     78      67      18
     78      68      18
     78      69      18
     79      60      18
     79      61      18
     79      62      18
     79      63      18
     79      64      18
     79      65      18
     79      66      18
     79      67      18
     79      68      18
     79      69      18
     80      60      18
     80      61      18
     80      62      18
     80      63      18
     80      64      18
     80      65      18
     80      66      18
     80      67      18
     80      68      18
     80      69      18
     81      60      18
     81      61      18
     81      62      18
     81      63      18
     81      64      18
     81      65      18
     81      66      18
     81      67      18
     81      68      18
     81      69      18
     82      60      18
     82      61      18
     82      62      18
     82      63      18
     82      64      18
     82      65      18
     82      66      18
     82      67      18
     82      68      18
     82      69      18
     83      60      18
     83      61      18
     83      62      18
     83      63      18
     83      64      18
     83      65      18
     83      66      18
     83      67      18
     83      68      18
     83      69      18
     84      60      18
     84      61      18
     84      62      18
     84      63      18
     84      64      18
     84      65      18
     84      66      18
     84      67      18
     84      68      18
     84      69      18
     85      60      18
     85      61      18
     85      62      18
     85      63      18
     85      64      18
     85      65      18
     85      66      18
     85      67      18
     85      68      18
     85      69      18
     86      62      18
     86      63      18
     86      64      18
     86      65      18
     86      66      18
     86      67      18
     87      62      18
     87      63      18
     87      64      18
     87      65      18
     87      66      18
     87      67      18
     92      60      18
     92      61      18
     92      62      18
     92      63      18
     92      64      18
     92      65      18
     92      66      18
     92      67      18
     92      68      18
     92      69      18
     93      60      18
     93      61      18
     93      62      18
     93      63      18
     93      64      18
     93      65      18
     93      66      18
     93      67      18
     93      68      18
     93      69      18
     94      60      18
     94      61      18
     94      62      18
     94      63      18
     94      64      18
     94      65      18
     94      66      18
     94      67      18
     94      68      18
     94      69      18
     95      60      18
     95      61      18
     95      62      18
     95      63      18
     95      64      18
     95      65      18
     95      66      18
     95      67      18
     95      68      18
     95      69      18
     96      60      18
     96      61      18
     96      62      18
     96      63      18
     96      64      18
     96      65      18
     96      66      18
     96      67      18
     96      68      18
     96      69      18
     97      60      18
     97      61      18
     97      62      18
     97      63      18
     97      64      18
     97      65      18
     97      66      18
     97      67      18
     97      68      18
     97      69      18
     98      60      18
     98      61      18
     98      62      18
     98      63      18
     98      64      18
     98      65      18
     98      66      18
     98      67      18
     98      68      18
     98      69      18
     99      60      18
     99      61      18
     99      62      18
     99      63      18
     99      64      18
     99      65      18
     99      66      18
     99      67      18
     99      68      18
     99      69      18
    100      60      18
    100      61      18
    100      62      18
    100      63      18
    100      64      18
    100      65      18
    100      66      18
    100      67      18
    100      68      18
    100      69      18
    101      60      18
    101      61      18
    101      62      18
    101      63      18
    101      64      18
    101      65      18
    101      66      18
    101      67      18
    101      68      18
    101      69      18
     12      62      19
     12      63      19
     12      64      19
     12      65      19
     12      66      19
     12      67      19
     13      62      19
     13      63      19
     13      64      19
     13      65      19
     13      66      19
     13      67      19
     14      58      19
     14      59      19
     14      60      19
     14      61      19
     14      62      19
     14      63      19
     14      64      19
     14      65      19
     14      66      19
     14      67      19
     14      68      19
     14      69      19
     14      70      19
     14      71      19
     15      58      19
     15      59      19
     15      60      19
     15      61      19
     15      62      19
     15      63      19
     15      64      19
     15      65      19
     15      66      19
     15      67      19
     15      68      19
     15      69      19
     15      70      19
     15      71      19
     16      58      19
     16      59      19
     16      60      19
     16      61      19
     16      62      19
     16      63      19
     16      64      19
     16      65      19
     16      66      19
     16      67      19
     16      68      19
     16      69      19
     16      70      19
     16      71      19
     17      58      19
     17      59      19
     17      60      19
     17      61      19
     17      62      19
     17      63      19
     17      64      19
     17      65      19
     17      66      19
     17      67      19
     17      68      19
     17      69      19
     17      70      19
     17      71      19
     18      56      19
     18      57      19
     18      58      19
     18      59      19
     18      60      19
     18      61      19
     18      62      19
     18      63      19
     18      64      19
     18      65      19
     18      66      19
     18      67      19
     18      68      19
     18      69      19
     18      70      19
     18      71      19
     18      72      19
     18      73      19
     19      56      19
     19      57      19
     19      58      19
     19      59      19
     19      60      19
     19      61      19
     19      62      19
     19      63      19
     19      64      19
     19      65      19
     19      66      19
     19      67      19
     19      68      19
     19      69      19
     19      70      19
     19      71      19
     19      72      19
     19      73      19
     20      56      19
     20      57      19
     20      58      19
     20      59      19
     20      60      19
     20      61      19
     20      62      19
     20      63      19
     20      64      19
     20      65      19
     20      66      19
     20      67      19
     20      68      19
     20      69      19
     20      70      19
     20      71      19
     20      72      19
     20      73      19
     21      56      19
     21      57      19
     21      58      19
     21      59      19
     21      60      19
     21      61      19
     21      62      19
     21      63      19
     21      64      19
     21      65      19
     21      66      19
     21      67      19
     21      68      19
     21      69      19
     21      70      19
     21      71      19
     21      72      19
     21      73      19
     22      56      19
     22      57      19
     22      58      19
     22      59      19
     22      60      19
     22      61      19
     22      62      19
     22      63      19
     22      64      19
     22      65      19
     22      66      19
     22      67      19
     22      68      19
     22      69      19
     22      70      19
     22      71      19
     22      72      19
     22      73      19
     23      56      19
     23      57      19
     23      58      19
     23      59      19
     23      60      19
     23      61      19
     23      62      19
     23      63      19
     23      64      19
     23      65      19
     23      66      19
     23      67      19
     23      68      19
     23      69      19
     23      70      19
     23      71      19
     23      72      19
     23      73      19
     24      58      19
     24      59      19
     24      60      19
     24      61      19
     24      62      19
     24      63      19
     24      64      19
     24      65      19
     24      66      19
     24      67      19
     24      68      19
     24      69      19
     24      70      19
     24      71      19
     25      58      19
     25      59      19
     25      60      19
     25      61      19
     25      62      19
     25      63      19
     25      64      19
     25      65      19
     25      66      19
     25      67      19
     25      68      19
     25      69      19
     25      70      19
     25      71      19
     26      58      19
     26      59      19
     26      60      19
     26      61      19
     26      62      19
     26      63      19
     26      64      19
     26      65      19
     26      66      19
     26      67      19
     26      68      19
     26      69      19
     26      70      19
     26      71      19
     27      58      19
     27      59      19
     27      60      19
     27      61      19
     27      62      19
     27      63      19
     27      64      19
     27      65      19
     27      66      19
     27      67      19
     27      68      19
     27      69      19
     27      70      19
     27      71      19
     28      62      19
     28      63      19
     28      64      19
     28      65      19
     28      66      19
     28      67      19
     29      62      19
     29      63      19
     29      64      19
     29      65      19
     29      66      19
     29      67      19
     32      62      19
     32      63      19
     32      64      19
     32      65      19
     32      66      19
     32      67      19
     33      62      19
     33      63      19
     33      64      19
     33      65      19
     33      66      19
     33      67      19
     34      58      19
     34      59      19
     34      60      19
     34      61      19
     34      62      19
     34      63      19
     34      64      19
     34      65      19
     34      66      19
     34      67      19
     34      68      19
     34      69      19
     34      70      19
     34      71      19
     35      58      19
     35      59      19
     35      60      19
     35      61      19
     35      62      19
     35      63      19
     35      64      19
     35      65      19
     35      66      19
     35      67      19
     35      68      19
     35      69      19
     35      70      19
     35      71      19
     36      58      19
     36      59      19
     36      60      19
     36      61      19
     36      62      19
     36      63      19
     36      64      19
     36      65      19
     36      66      19
     36      67      19
     36      68      19
     36      69      19
     36      70      19
     36      71      19
     37      58      19
     37      59      19
     37      60      19
     37      61      19
     37      62      19
     37      63      19
     37      64      19
     37      65      19
     37      66      19
     37      67      19
     37      68      19
     37      69      19
     37      70      19
     37      71      19
     38      56      19
     38      57      19
     38      58      19
     38      59      19
     38      60      19
     38      61      19
     38      62      19
     38      63      19
     38      64      19
     38      65      19
     38      66      19
     38      67      19
     38      68      19
     38      69      19
     38      70      19
     38      71      19
     38      72      19
     38      73      19
     39      56      19
     39      57      19
     39      58      19
     39      59      19
     39      60      19
     39      61      19
     39      62      19
     39      63      19
     39      64      19
     39      65      19
     39      66      19
     39      67      19
     39      68      19
     39      69      19
     39      70      19
     39      71      19
     39      72      19
     39      73      19
     40      56      19
     40      57      19
     40      58      19
     40      59      19
     40      60      19
     40      61      19
     40      62      19
     40      63      19
     40      64      19
     40      65      19
     40      66      19
     40      67      19
     40      68      19
     40      69      19
     40      70      19
     40      71      19
     40      72      19
     40      73      19
     41      56      19
     41      57      19
     41      58      19
     41      59      19
     41      60      19
     41      61      19
     41      62      19
     41      63      19
     41      64      19
     41      65      19
     41      66      19
     41      67      19
     41      68      19
     41      69      19
     41      70      19
     41      71      19
     41      72      19
     41      73      19
     42      56      19
     42      57      19
     42      58      19
     42      59      19
     42      60      19
     42      61      19
     42      62      19
     42      63      19
     42      64      19
     42      65      19
     42      66      19
     42      67      19
     42      68      19
     42      69      19
     42      70      19
     42      71      19
     42      72      19
     42      73      19
     43      56      19
     43      57      19
     43      58      19
     43      59      19
     43      60      19
     43      61      19
     43      62      19
     43      63      19
     43      64      19
     43      65      19
     43      66      19
     43      67      19
     43      68      19
     43      69      19
     43      70      19
     43      71      19
     43      72      19
     43      73      19
     44      58      19
     44      59      19
     44      60      19
     44      61      19
     44      62      19
     44      63      19
     44      64      19
     44      65      19
     44      66      19
     44      67      19
     44      68      19
     44      69      19
     44      70      19
     44      71      19
     45      58      19
     45      59      19
     45      60      19
     45      61      19
     45      62      19
     45      63      19
     45      64      19
     45      65      19
     45      66      19
     45      67      19
     45      68      19
     45      69      19
     45      70      19
     45      71      19
     46      58      19
     46      59      19
     46      60      19
     46      61      19
     46      62      19
     46      63      19
     46      64      19
     46      65      19
     46      66      19
     46      67      19
     46      68      19
     46      69      19
     46      70      19
     46      71      19
     47      58      19
     47      59      19
     47      60      19
     47      61      19
     47      62      19
     47      63      19
     47      64      19
     47      65      19
     47      66      19
     47      67      19
     47      68      19
     47      69      19
     47      70      19
     47      71      19
     48      62      19
     48      63      19
     48      64      19
     48      65      19
     48      66      19
     48      67      19
     49      62      19
     49      63      19
     49      64      19
     49      65      19
     49      66      19
     49      67      19
     52      62      19
     52      63      19
     52      64      19
     52      65      19
     52      66      19
     52      67      19
     53      62      19
     53      63      19
     53      64      19
     53      65      19
     53      66      19
     53      67      19
     54      58      19
     54      59      19
     54      60      19
     54      61      19
     54      62      19
     54      63      19
     54      64      19
     54      65      19
     54      66      19
     54      67      19
     54      68      19
     54      69      19
     54      70      19
     54      71      19
     55      58      19
     55      59      19
     55      60      19
     55      61      19
     55      62      19
     55      63      19
     55      64      19
     55      65      19
     55      66      19
     55      67      19
     55      68      19
     55      69      19
     55      70      19
     55      71      19
     56      58      19
     56      59      19
     56      60      19
     56      61      19
     56      62      19
     56      63      19
     56      64      19
     56      65      19
     56      66      19
     56      67      19
     56      68      19
     56      69      19
     56      70      19
     56      71      19
     57      58      19
     57      59      19
     57      60      19
     57      61      19
     57      62      19
     57      63      19
     57      64      19
     57      65      19
     57      66      19
     57      67      19
     57      68      19
     57      69      19
     57      70      19
     57      71      19
     58      56      19
     58      57      19
     58      58      19
     58      59      19
     58      60      19
     58      61      19
     58      62      19
     58      63      19
     58      64      19
     58      65      19
     58      66      19
     58      67      19
     58      68      19
     58      69      19
     58      70      19
     58      71      19
     58      72      19
     58      73      19
     59      56      19
     59      57      19
     59      58      19
     59      59      19
     59      60      19
     59      61      19
     59      62      19
     59      63      19
     59      64      19
     59      65      19
     59      66      19
     59      67      19
     59      68      19
     59      69      19
     59      70      19
     59      71      19
     59      72      19
     59      73      19
     60      56      19
     60      57      19
     60      58      19
     60      59      19
     60      60      19
     60      61      19
     60      62      19
     60      63      19
     60      64      19
     60      65      19
     60      66      19
     60      67      19
     60      68      19
     60      69      19
     60      70      19
     60      71      19
     60      72      19
     60      73      19
     61      56      19
     61      57      19
     61      58      19
     61      59      19
     61      60      19
     61      61      19
     61      62      19
     61      63      19
     61      64      19
     61      65      19
     61      66      19
     61      67      19
     61      68      19
     61      69      19
     61      70      19
     61      71      19
     61      72      19
     61      73      19
     62      56      19
     62      57      19
     62      58      19
     62      59      19
     62      60      19
     62      61      19
     62      62      19
     62      63      19
     62      64      19
     62      65      19
     62      66      19
     62      67      19
     62      68      19
     62      69      19
     62      70      19
     62      71      19
     62      72      19
     62      73      19
     63      56      19
     63      57      19
     63      58      19
     63      59      19
     63      60      19
     63      61      19
     63      62      19
     63      63      19
     63      64      19
     63      65      19
     63      66      19
     63      67      19
     63      68      19
     63      69      19
     63      70      19
     63      71      19
     63      72      19
     63      73      19
     64      58      19
     64      59      19
     64      60      19
     64      61      19
     64      62      19
     64      63      19
     64      64      19
     64      65      19
     64      66      19
     64      67      19
     64      68      19
     64      69      19
     64      70      19
     64      71      19
     65      58      19
     65      59      19
     65      60      19
     65      61      19
     65      62      19
     65      63      19
     65      64      19
     65      65      19
     65      66      19
     65      67      19
     65      68      19
     65      69      19
     65      70      19
     65      71      19
     66      58      19
     66      59      19
     66      60      19
     66      61      19
     66      62      19
     66      63      19
     66      64      19
     66      65      19
     66      66      19
     66      67      19
     66      68      19
     66      69      19
     66      70      19
     66      71      19
     67      58      19
     67      59      19
     67      60      19
     67      61      19
     67      62      19
     67      63      19
     67      64      19
     67      65      19
     67      66      19
     67      67      19
     67      68      19
     67      69      19
     67      70      19
     67      71      19
     68      62      19
     68      63      19
     68      64      19
     68      65      19
     68      66      19
     68      67      19
     69      62      19
     69      63      19
     69      64      19
     69      65      19
     69      66      19
     69      67      19
     76      62      19
     76      63      19
     76      64      19
     76      65      19
     76      66      19
     76      67      19
     77      62      19
     77      63      19
     77      64      19
     77      65      19
     77      66      19
     77      67      19
     78      60      19
     78      61      19
     78      62      19
     78      63      19
     78      64      19
     78      65      19
     78      66      19
     78      67      19
     78      68      19
     78      69      19
     79      60      19
     79      61      19
     79      62      19
     79      63      19
     79      64      19
     79      65      19
     79      66      19
     79      67      19
     79      68      19
     79      69      19
     80      60      19
     80      61      19
     80      62      19
     80      63      19
     80      64      19
     80      65      19
     80      66      19
     80      67      19
     80      68      19
     80      69      19
     81      60      19
     81      61      19
     81      62      19
     81      63      19
     81      64      19
     81      65      19
     81      66      19
     81      67      19
     81      68      19
     81      69      19
     82      60      19
     82      61      19
     82      62      19
     82      63      19
     82      64      19
     82      65      19
     82      66      19
     82      67      19
     82      68      19
     82      69      19
     83      60      19
     83      61      19
     83      62      19
     83      63      19
     83      64      19
     83      65      19
     83      66      19
     83      67      19
     83      68      19
     83      69      19
     84      60      19
     84      61      19
     84      62      19
     84      63      19
     84      64      19
     84      65      19
     84      66      19
     84      67      19
     84      68      19
     84      69      19
     85      60      19
     85      61      19
     85      62      19
     85      63      19
     85      64      19
     85      65      19
     85      66      19
     85      67      19
     85      68      19
     85      69      19
     86      62      19
     86      63      19
     86      64      19
     86      65      19
     86      66      19
     86      67      19
     87      62      19
     87      63      19
     87      64      19
     87      65      19
     87      66      19
     87      67      19
     92      60      19
     92      61      19
     92      62      19
     92      63      19
     92      64      19
     92      65      19
     92      66      19
     92      67      19
     92      68      19
     92      69      19
     93      60      19
     93      61      19
     93      62      19
     93      63      19
     93      64      19
     93      65      19
     93      66      19
     93      67      19
     93      68      19
     93      69      19
     94      60      19
     94      61      19
     94      62      19
     94      63      19
     94      64      19
     94      65      19
     94      66      19
     94      67      19
     94      68      19
     94      69      19
     95      60      19
     95      61      19
     95      62      19
     95      63      19
     95      64      19
     95      65      19
     95      66      19
     95      67      19
     95      68      19
     95      69      19
     96      60      19
     96      61      19
     96      62      19
     96      63      19
     96      64      19
     96      65      19
     96      66      19
     96      67      19
     96      68      19
     96      69      19
     97      60      19
     97      61      19
     97      62      19
     97      63      19
     97      64      19
     97      65      19
     97      66      19
     97      67      19
     97      68      19
     97      69      19
     98      60      19
     98      61      19
     98      62      19
     98      63      19
     98      64      19
     98      65      19
     98      66      19
     98      67      19
     98      68      19
     98      69      19
     99      60      19
     99      61      19
     99      62      19
     99      63      19
     99      64      19
     99      65      19
     99      66      19
     99      67      19
     99      68      19
     99      69      19
    100      60      19
    100      61      19
    100      62      19
    100      63      19
    100      64      19
    100      65      19
    100      66      19
    100      67      19
    100      68      19
    100      69      19
    101      60      19
    101      61      19
    101      62      19
    101      63      19
    101      64      19
    101      65      19
    101      66      19
    101      67      19
    101      68      19
    101      69      19
     12      62      20
     12      63      20
     12      64      20
     12      65      20
     12      66      20
     12      67      20
     13      62      20
     13      63      20
     13      64      20
     13      65      20
     13      66      20
     13      67      20
     14      58      20
     14      59      20
     14      60      20
     14      61      20
     14      62      20
     14      63      20
     14      64      20
     14      65      20
     14      66      20
     14      67      20
     14      68      20
     14      69      20
     14      70      20
     14      71      20
     15      58      20
     15      59      20
     15      60      20
     15      61      20
     15      62      20
     15      63      20
     15      64      20
     15      65      20
     15      66      20
     15      67      20
     15      68      20
     15      69      20
     15      70      20
     15      71      20
     16      58      20
     16      59      20
     16      60      20
     16      61      20
     16      62      20
     16      63      20
     16      64      20
     16      65      20
     16      66      20
     16      67      20
     16      68      20
     16      69      20
     16      70      20
     16      71      20
     17      58      20
     17      59      20
     17      60      20
     17      61      20
     17      62      20
     17      63      20
     17      64      20
     17      65      20
     17      66      20
     17      67      20
     17      68      20
     17      69      20
     17      70      20
     17      71      20
     18      56      20
     18      57      20
     18      58      20
     18      59      20
     18      60      20
     18      61      20
     18      62      20
     18      63      20
     18      64      20
     18      65      20
     18      66      20
     18      67      20
     18      68      20
     18      69      20
     18      70      20
     18      71      20
     18      72      20
     18      73      20
     19      56      20
     19      57      20
     19      58      20
     19      59      20
     19      60      20
     19      61      20
     19      62      20
     19      63      20
     19      64      20
     19      65      20
     19      66      20
     19      67      20
     19      68      20
     19      69      20
     19      70      20
     19      71      20
     19      72      20
     19      73      20
     20      56      20
     20      57      20
     20      58      20
     20      59      20
     20      60      20
     20      61      20
     20      62      20
     20      63      20
     20      64      20
     20      65      20
     20      66      20
     20      67      20
     20      68      20
     20      69      20
     20      70      20
     20      71      20
     20      72      20
     20      73      20
     21      56      20
     21      57      20
     21      58      20
     21      59      20
     21      60      20
     21      61      20
     21      62      20
     21      63      20
     21      64      20
     21      65      20
     21      66      20
     21      67      20
     21      68      20
     21      69      20
     21      70      20
     21      71      20
     21      72      20
     21      73      20
     22      56      20
     22      57      20
     22      58      20
     22      59      20
     22      60      20
     22      61      20
     22      62      20
     22      63      20
     22      64      20
     22      65      20
     22      66      20
     22      67      20
     22      68      20
     22      69      20
     22      70      20
     22      71      20
     22      72      20
     22      73      20
     23      56      20
     23      57      20
     23      58      20
     23      59      20
     23      60      20
     23      61      20
     23      62      20
     23      63      20
     23      64      20
     23      65      20
     23      66      20
     23      67      20
     23      68      20
     23      69      20
     23      70      20
     23      71      20
     23      72      20
     23      73      20
     24      58      20
     24      59      20
     24      60      20
     24      61      20
     24      62      20
     24      63      20
     24      64      20
     24      65      20
     24      66      20
     24      67      20
     24      68      20
     24      69      20
     24      70      20
     24      71      20
     25      58      20
     25      59      20
     25      60      20
     25      61      20
     25      62      20
     25      63      20
     25      64      20
     25      65      20
     25      66      20
     25      67      20
     25      68      20
     25      69      20
     25      70      20
     25      71      20
     26      58      20
     26      59      20
     26      60      20
     26      61      20
     26      62      20
     26      63      20
     26      64      20
     26      65      20
     26      66      20
     26      67      20
     26      68      20
     26      69      20
     26      70      20
     26      71      20
     27      58      20
     27      59      20
     27      60      20
     27      61      20
     27      62      20
     27      63      20
     27      64      20
     27      65      20
     27      66      20
     27      67      20
     27      68      20
     27      69      20
     27      70      20
     27      71      20
     28      62      20
     28      63      20
     28      64      20
     28      65      20
     28      66      20
     28      67      20
     29      62      20
     29      63      20
     29      64      20
     29      65      20
     29      66      20
     29      67      20
     32      62      20
     32      63      20
     32      64      20
     32      65      20
     32      66      20
     32      67      20
     33      62      20
     33      63      20
     33      64      20
     33      65      20
     33      66      20
     33      67      20
     34      58      20
     34      59      20
     34      60      20
     34      61      20
     34      62      20
     34      63      20
     34      64      20
     34      65      20
     34      66      20
     34      67      20
     34      68      20
     34      69      20
     34      70      20
     34      71      20
     35      58      20
     35      59      20
     35      60      20
     35      61      20
     35      62      20
     35      63      20
     35      64      20
     35      65      20
     35      66      20
     35      67      20
     35      68      20
     35      69      20
     35      70      20
     35      71      20
     36      58      20
     36      59      20
     36      60      20
     36      61      20
     36      62      20
     36      63      20
     36      64      20
     36      65      20
     36      66      20
     36      67      20
     36      68      20
     36      69      20
     36      70      20
     36      71      20
     37      58      20
     37      59      20
     37      60      20
     37      61      20
     37      62      20
     37      63      20
     37      64      20
     37      65      20
     37      66      20
     37      67      20
     37      68      20
     37      69      20
     37      70      20
     37      71      20
     38      56      20
     38      57      20
     38      58      20
     38      59      20
     38      60      20
     38      61      20
     38      62      20
     38      63      20
     38      64      20
     38      65      20
     38      66      20
     38      67      20
     38      68      20
     38      69      20
     38      70      20
     38      71      20
     38      72      20
     38      73      20
     39      56      20
     39      57      20
     39      58      20
     39      59      20
     39      60      20
     39      61      20
     39      62      20
     39      63      20
     39      64      20
     39      65      20
     39      66      20
     39      67      20
     39      68      20
     39      69      20
     39      70      20
     39      71      20
     39      72      20
     39      73      20
     40      56      20
     40      57      20
     40      58      20
     40      59      20
     40      60      20
     40      61      20
     40      62      20
     40      63      20
     40      64      20
     40      65      20
     40      66      20
     40      67      20
     40      68      20
     40      69      20
     40      70      20
     40      71      20
     40      72      20
     40      73      20
     41      56      20
     41      57      20
     41      58      20
     41      59      20
     41      60      20
     41      61      20
     41      62      20
     41      63      20
     41      64      20
     41      65      20
     41      66      20
     41      67      20
     41      68      20
     41      69      20
     41      70      20
     41      71      20
     41      72      20
     41      73      20
     42      56      20
     42      57      20
     42      58      20
     42      59      20
     42      60      20
     42      61      20
     42      62      20
     42      63      20
     42      64      20
     42      65      20
     42      66      20
     42      67      20
     42      68      20
     42      69      20
     42      70      20
     42      71      20
     42      72      20
     42      73      20
     43      56      20
     43      57      20
     43      58      20
     43      59      20
     43      60      20
     43      61      20
     43      62      20
     43      63      20
     43      64      20
     43      65      20
     43      66      20
     43      67      20
     43      68      20
     43      69      20
     43      70      20
     43      71      20
     43      72      20
     43      73      20
     44      58      20
     44      59      20
     44      60      20
     44      61      20
     44      62      20
     44      63      20
     44      64      20
     44      65      20
     44      66      20
     44      67      20
     44      68      20
     44      69      20
     44      70      20
     44      71      20
     45      58      20
     45      59      20
     45      60      20
     45      61      20
     45      62      20
     45      63      20
     45      64      20
     45      65      20
     45      66      20
     45      67      20
     45      68      20
     45      69      20
     45      70      20
     45      71      20
     46      58      20
     46      59      20
     46      60      20
     46      61      20
     46      62      20
     46      63      20
     46      64      20
     46      65      20
     46      66      20
     46      67      20
     46      68      20
     46      69      20
     46      70      20
     46      71      20
     47      58      20
     47      59      20
     47      60      20
     47      61      20
     47      62      20
     47      63      20
     47      64      20
     47      65      20
     47      66      20
     47      67      20
     47      68      20
     47      69      20
     47      70      20
     47      71      20
     48      62      20
     48      63      20
     48      64      20
     48      65      20
     48      66      20
     48      67      20
     49      62      20
     49      63      20
     49      64      20
     49      65      20
     49      66      20
     49      67      20
     52      62      20
     52      63      20
     52      64      20
     52      65      20
     52      66      20
     52      67      20
     53      62      20
     53      63      20
     53      64      20
     53      65      20
     53      66      20
     53      67      20
     54      58      20
     54      59      20
     54      60      20
     54      61      20
     54      62      20
     54      63      20
     54      64      20
     54      65      20
     54      66      20
     54      67      20
     54      68      20
     54      69      20
     54      70      20
     54      71      20
     55      58      20
     55      59      20
     55      60      20
     55      61      20
     55      62      20
     55      63      20
     55      64      20
     55      65      20
     55      66      20
     55      67      20
     55      68      20
     55      69      20
     55      70      20
     55      71      20
     56      58      20
     56      59      20
     56      60      20
     56      61      20
     56      62      20
     56      63      20
     56      64      20
     56      65      20
     56      66      20
     56      67      20
     56      68      20
     56      69      20
     56      70      20
     56      71      20
     57      58      20
     57      59      20
     57      60      20
     57      61      20
     57      62      20
     57      63      20
     57      64      20
     57      65      20
     57      66      20
     57      67      20
     57      68      20
     57      69      20
     57      70      20
     57      71      20
     58      56      20
     58      57      20
     58      58      20
     58      59      20
     58      60      20
     58      61      20
     58      62      20
     58      63      20
     58      64      20
     58      65      20
     58      66      20
     58      67      20
     58      68      20
     58      69      20
     58      70      20
     58      71      20
     58      72      20
     58      73      20
     59      56      20
     59      57      20
     59      58      20
     59      59      20
     59      60      20
     59      61      20
     59      62      20
     59      63      20
     59      64      20
     59      65      20
     59      66      20
     59      67      20
     59      68      20
     59      69      20
     59      70      20
     59      71      20
     59      72      20
     59      73      20
     60      56      20
     60      57      20
     60      58      20
     60      59      20
     60      60      20
     60      61      20
     60      62      20
     60      63      20
     60      64      20
     60      65      20
     60      66      20
     60      67      20
     60      68      20
     60      69      20
     60      70      20
     60      71      20
     60      72      20
     60      73      20
     61      56      20
     61      57      20
     61      58      20
     61      59      20
     61      60      20
     61      61      20
     61      62      20
     61      63      20
     61      64      20
     61      65      20
     61      66      20
     61      67      20
     61      68      20
     61      69      20
     61      70      20
     61      71      20
     61      72      20
     61      73      20
     62      56      20
     62      57      20
     62      58      20
     62      59      20
     62      60      20
     62      61      20
     62      62      20
     62      63      20
     62      64      20
     62      65      20
     62      66      20
     62      67      20
     62      68      20
     62      69      20
     62      70      20
     62      71      20
     62      72      20
     62      73      20
     63      56      20
     63      57      20
     63      58      20
     63      59      20
     63      60      20
     63      61      20
     63      62      20
     63      63      20
     63      64      20
     63      65      20
     63      66      20
     63      67      20
     63      68      20
     63      69      20
     63      70      20
     63      71      20
     63      72      20
     63      73      20
     64      58      20
     64      59      20
     64      60      20
     64      61      20
     64      62      20
     64      63      20
     64      64      20
     64      65      20
     64      66      20
     64      67      20
     64      68      20
     64      69      20
     64      70      20
     64      71      20
     65      58      20
     65      59      20
     65      60      20
     65      61      20
     65      62      20
     65      63      20
     65      64      20
     65      65      20
     65      66      20
     65      67      20
     65      68      20
     65      69      20
     65      70      20
     65      71      20
     66      58      20
     66      59      20
     66      60      20
     66      61      20
     66      62      20
     66      63      20
     66      64      20
     66      65      20
     66      66      20
     66      67      20
     66      68      20
     66      69      20
     66      70      20
     66      71      20
     67      58      20
     67      59      20
     67      60      20
     67      61      20
     67      62      20
     67      63      20
     67      64      20
     67      65      20
     67      66      20
     67      67      20
     67      68      20
     67      69      20
     67      70      20
     67      71      20
     68      62      20
     68      63      20
     68      64      20
     68      65      20
     68      66      20
     68      67      20
     69      62      20
     69      63      20
     69      64      20
     69      65      20
     69      66      20
     69      67      20
     78      62      20
     78      63      20
     78      64      20
     78      65      20
     78      66      20
     78      67      20
     79      62      20
     79      63      20
     79      64      20
     79      65      20
     79      66      20
     79      67      20
     80      62      20
     80      63      20
     80      64      20
     80      65      20
     80      66      20
     80      67      20
     81      62      20
     81      63      20
     81      64      20
     81      65      20
     81      66      20
     81      67      20
     82      62      20
     82      63      20
     82      64      20
     82      65      20
     82      66      20
     82      67      20
     83      62      20
     83      63      20
     83      64      20
     83      65      20
     83      66      20
     83      67      20
     84      62      20
     84      63      20
     84      64      20
     84      65      20
     84      66      20
     84      67      20
     85      62      20
     85      63      20
     85      64      20
     85      65      20
     85      66      20
     85      67      20
     92      60      20
     92      61      20
     92      62      20
     92      63      20
     92      64      20
     92      65      20
     92      66      20
     92      67      20
     92      68      20
     92      69      20
     93      60      20
     93      61      20
     93      62      20
     93      63      20
     93      64      20
     93      65      20
     93      66      20
     93      67      20
     93      68      20
     93      69      20
     94      60      20
     94      61      20
     94      62      20
     94      63      20
     94      64      20
     94      65      20
     94      66      20
     94      67      20
     94      68      20
     94      69      20
     95      60      20
     95      61      20
     95      62      20
     95      63      20
     95      64      20
     95      65      20
     95      66      20
     95      67      20
     95      68      20
     95      69      20
     96      60      20
     96      61      20
     96      62      20
     96      63      20
     96      64      20
     96      65      20
     96      66      20
     96      67      20
     96      68      20
     96      69      20
     97      60      20
     97      61      20
     97      62      20
     97      63      20
     97      64      20
     97      65      20
     97      66      20
     97      67      20
     97      68      20
     97      69      20
     98      60      20
     98      61      20
     98      62      20
     98      63      20
     98      64      20
     98      65      20
     98      66      20
     98      67      20
     98      68      20
     98      69      20
     99      60      20
     99      61      20
     99      62      20
     99      63      20
     99      64      20
     99      65      20
     99      66      20
     99      67      20
     99      68      20
     99      69      20
    100      60      20
    100      61      20
    100      62      20
    100      63      20
    100      64      20
    100      65      20
    100      66      20
    100      67      20
    100      68      20
    100      69      20
    101      60      20
    101      61      20
    101      62      20
    101      63      20
    101      64      20
    101      65      20
    101      66      20
    101      67      20
    101      68      20
    101      69      20
     12      62      21
     12      63      21
     12      64      21
     12      65      21
     12      66      21
     12      67      21
     13      62      21
     13      63      21
     13      64      21
     13      65      21
     13      66      21
     13      67      21
     14      58      21
     14      59      21
     14      60      21
     14      61      21
     14      62      21
     14      63      21
     14      64      21
     14      65      21
     14      66      21
     14      67      21
     14      68      21
     14      69      21
     14      70      21
     14      71      21
     15      58      21
     15      59      21
     15      60      21
     15      61      21
     15      62      21
     15      63      21
     15      64      21
     15      65      21
     15      66      21
     15      67      21
     15      68      21
     15      69      21
     15      70      21
     15      71      21
     16      58      21
     16      59      21
     16      60      21
     16      61      21
     16      62      21
     16      63      21
     16      64      21
     16      65      21
     16      66      21
     16      67      21
     16      68      21
     16      69      21
     16      70      21
     16      71      21
     17      58      21
     17      59      21
     17      60      21
     17      61      21
     17      62      21
     17      63      21
     17      64      21
     17      65      21
     17      66      21
     17      67      21
     17      68      21
     17      69      21
     17      70      21
     17      71      21
     18      56      21
     18      57      21
     18      58      21
     18      59      21
     18      60      21
     18      61      21
     18      62      21
     18      63      21
     18      64      21
     18      65      21
     18      66      21
     18      67      21
     18      68      21
     18      69      21
     18      70      21
     18      71      21
     18      72      21
     18      73      21
     19      56      21
     19      57      21
     19      58      21
     19      59      21
     19      60      21
     19      61      21
     19      62      21
     19      63      21
     19      64      21
     19      65      21
     19      66      21
     19      67      21
     19      68      21
     19      69      21
     19      70      21
     19      71      21
     19      72      21
     19      73      21
     20      56      21
     20      57      21
     20      58      21
     20      59      21
     20      60      21
     20      61      21
     20      62      21
     20      63      21
     20      64      21
     20      65      21
     20      66      21
     20      67      21
     20      68      21
     20      69      21
     20      70      21
     20      71      21
     20      72      21
     20      73      21
     21      56      21
     21      57      21
     21      58      21
     21      59      21
     21      60      21
     21      61      21
     21      62      21
     21      63      21
     21      64      21
     21      65      21
     21      66      21
     21      67      21
     21      68      21
     21      69      21
     21      70      21
     21      71      21
     21      72      21
     21      73      21
     22      56      21
     22      57      21
     22      58      21
     22      59      21
     22      60      21
     22      61      21
     22      62      21
     22      63      21
     22      64      21
     22      65      21
     22      66      21
     22      67      21
     22      68      21
     22      69      21
     22      70      21
     22      71      21
     22      72      21
     22      73      21
     23      56      21
     23      57      21
     23      58      21
     23      59      21
     23      60      21
     23      61      21
     23      62      21
     23      63      21
     23      64      21
     23      65      21
     23      66      21
     23      67      21
     23      68      21
     23      69      21
     23      70      21
     23      71      21
     23      72      21
     23      73      21
     24      58      21
     24      59      21
     24      60      21
     24      61      21
     24      62      21
     24      63      21
     24      64      21
     24      65      21
     24      66      21
     24      67      21
     24      68      21
     24      69      21
     24      70      21
     24      71      21
     25      58      21
     25      59      21
     25      60      21
     25      61      21
     25      62      21
     25      63      21
     25      64      21
     25      65      21
     25      66      21
     25      67      21
     25      68      21
     25      69      21
     25      70      21
     25      71      21
     26      58      21
     26      59      21
     26      60      21
     26      61      21
     26      62      21
     26      63      21
     26      64      21
     26      65      21
     26      66      21
     26      67      21
     26      68      21
     26      69      21
     26      70      21
     26      71      21
     27      58      21
     27      59      21
     27      60      21
     27      61      21
     27      62      21
     27      63      21
     27      64      21
     27      65      21
     27      66      21
     27      67      21
     27      68      21
     27      69      21
     27      70      21
     27      71      21
     28      62      21
     28      63      21
     28      64      21
     28      65      21
     28      66      21
     28      67      21
     29      62      21
     29      63      21
     29      64      21
     29      65      21
     29      66      21
     29      67      21
     32      62      21
     32      63      21
     32      64      21
     32      65      21
     32      66      21
     32      67      21
     33      62      21
     33      63      21
     33      64      21
     33      65      21
     33      66      21
     33      67      21
     34      58      21
     34      59      21
     34      60      21
     34      61      21
     34      62      21
     34      63      21
     34      64      21
     34      65      21
     34      66      21
     34      67      21
     34      68      21
     34      69      21
     34      70      21
     34      71      21
     35      58      21
     35      59      21
     35      60      21
     35      61      21
     35      62      21
     35      63      21
     35      64      21
     35      65      21
     35      66      21
     35      67      21
     35      68      21
     35      69      21
     35      70      21
     35      71      21
     36      58      21
     36      59      21
     36      60      21
     36      61      21
     36      62      21
     36      63      21
     36      64      21
     36      65      21
     36      66      21
     36      67      21
     36      68      21
     36      69      21
     36      70      21
     36      71      21
     37      58      21
     37      59      21
     37      60      21
     37      61      21
     37      62      21
     37      63      21
     37      64      21
     37      65      21
     37      66      21
     37      67      21
     37      68      21
     37      69      21
     37      70      21
     37      71      21
     38      56      21
     38      57      21
     38      58      21
     38      59      21
     38      60      21
     38      61      21
     38      62      21
     38      63      21
     38      64      21
     38      65      21
     38      66      21
     38      67      21
     38      68      21
     38      69      21
     38      70      21
     38      71      21
     38      72      21
     38      73      21
     39      56      21
     39      57      21
     39      58      21
     39      59      21
     39      60      21
     39      61      21
     39      62      21
     39      63      21
     39      64      21
     39      65      21
     39      66      21
     39      67      21
     39      68      21
     39      69      21
     39      70      21
     39      71      21
     39      72      21
     39      73      21
     40      56      21
     40      57      21
     40      58      21
     40      59      21
     40      60      21
     40      61      21
     40      62      21
     40      63      21
     40      64      21
     40      65      21
     40      66      21
     40      67      21
     40      68      21
     40      69      21
     40      70      21
     40      71      21
     40      72      21
     40      73      21
     41      56      21
     41      57      21
     41      58      21
     41      59      21
     41      60      21
     41      61      21
     41      62      21
     41      63      21
     41      64      21
     41      65      21
     41      66      21
     41      67      21
     41      68      21
     41      69      21
     41      70      21
     41      71      21
     41      72      21
     41      73      21
     42      56      21
     42      57      21
     42      58      21
     42      59      21
     42      60      21
     42      61      21
     42      62      21
     42      63      21
     42      64      21
     42      65      21
     42      66      21
     42      67      21
     42      68      21
     42      69      21
     42      70      21
     42      71      21
     42      72      21
     42      73      21
     43      56      21
     43      57      21
     43      58      21
     43      59      21
     43      60      21
     43      61      21
     43      62      21
     43      63      21
     43      64      21
     43      65      21
     43      66      21
     43      67      21
     43      68      21
     43      69      21
     43      70      21
     43      71      21
     43      72      21
     43      73      21
     44      58      21
     44      59      21
     44      60      21
     44      61      21
     44      62      21
     44      63      21
     44      64      21
     44      65      21
     44      66      21
     44      67      21
     44      68      21
     44      69      21
     44      70      21
     44      71      21
     45      58      21
     45      59      21
     45      60      21
     45      61      21
     45      62      21
     45      63      21
     45      64      21
     45      65      21
     45      66      21
     45      67      21
     45      68      21
     45      69      21
     45      70      21
     45      71      21
     46      58      21
     46      59      21
     46      60      21
     46      61      21
     46      62      21
     46      63      21
     46      64      21
     46      65      21
     46      66      21
     46      67      21
     46      68      21
     46      69      21
     46      70      21
     46      71      21
     47      58      21
     47      59      21
     47      60      21
     47      61      21
     47      62      21
     47      63      21
     47      64      21
     47      65      21
     47      66      21
     47      67      21
     47      68      21
     47      69      21
     47      70      21
     47      71      21
     48      62      21
     48      63      21
     48      64      21
     48      65      21
     48      66      21
     48      67      21
     49      62      21
     49      63      21
     49      64      21
     49      65      21
     49      66      21
     49      67      21
     52      62      21
     52      63      21
     52      64      21
     52      65      21
     52      66      21
     52      67      21
     53      62      21
     53      63      21
     53      64      21
     53      65      21
     53      66      21
     53      67      21
     54      58      21
     54      59      21
     54      60      21
     54      61      21
     54      62      21
     54      63      21
     54      64      21
     54      65      21
     54      66      21
     54      67      21
     54      68      21
     54      69      21
     54      70      21
     54      71      21
     55      58      21
     55      59      21
     55      60      21
     55      61      21
     55      62      21
     55      63      21
     55      64      21
     55      65      21
     55      66      21
     55      67      21
     55      68      21
     55      69      21
     55      70      21
     55      71      21
     56      58      21
     56      59      21
     56      60      21
     56      61      21
     56      62      21
     56      63      21
     56      64      21
     56      65      21
     56      66      21
     56      67      21
     56      68      21
     56      69      21
     56      70      21
     56      71      21
     57      58      21
     57      59      21
     57      60      21
     57      61      21
     57      62      21
     57      63      21
     57      64      21
     57      65      21
     57      66      21
     57      67      21
     57      68      21
     57      69      21
     57      70      21
     57      71      21
     58      56      21
     58      57      21
     58      58      21
     58      59      21
     58      60      21
     58      61      21
     58      62      21
     58      63      21
     58      64      21
     58      65      21
     58      66      21
     58      67      21
     58      68      21
     58      69      21
     58      70      21
     58      71      21
     58      72      21
     58      73      21
     59      56      21
     59      57      21
     59      58      21
     59      59      21
     59      60      21
     59      61      21
     59      62      21
     59      63      21
     59      64      21
     59      65      21
     59      66      21
     59      67      21
     59      68      21
     59      69      21
     59      70      21
     59      71      21
     59      72      21
     59      73      21
     60      56      21
     60      57      21
     60      58      21
     60      59      21
     60      60      21
     60      61      21
     60      62      21
     60      63      21
     60      64      21
     60      65      21
     60      66      21
     60      67      21
     60      68      21
     60      69      21
     60      70      21
     60      71      21
     60      72      21
     60      73      21
     61      56      21
     61      57      21
     61      58      21
     61      59      21
     61      60      21
     61      61      21
     61      62      21
     61      63      21
     61      64      21
     61      65      21
     61      66      21
     61      67      21
     61      68      21
     61      69      21
     61      70      21
     61      71      21
     61      72      21
     61      73      21
     62      56      21
     62      57      21
     62      58      21
     62      59      21
     62      60      21
     62      61      21
     62      62      21
     62      63      21
     62      64      21
     62      65      21
     62      66      21
     62      67      21
     62      68      21
     62      69      21
     62      70      21
     62      71      21
     62      72      21
     62      73      21
     63      56      21
     63      57      21
     63      58      21
     63      59      21
     63      60      21
     63      61      21
     63      62      21
     63      63      21
     63      64      21
     63      65      21
     63      66      21
     63      67      21
     63      68      21
     63      69      21
     63      70      21
     63      71      21
     63      72      21
     63      73      21
     64      58      21
     64      59      21
     64      60      21
     64      61      21
     64      62      21
     64      63      21
     64      64      21
     64      65      21
     64      66      21
     64      67      21
     64      68      21
     64      69      21
     64      70      21
     64      71      21
     65      58      21
     65      59      21
     65      60      21
     65      61      21
     65      62      21
     65      63      21
     65      64      21
     65      65      21
     65      66      21
     65      67      21
     65      68      21
     65      69      21
     65      70      21
     65      71      21
     66      58      21
     66      59      21
     66      60      21
     66      61      21
     66      62      21
     66      63      21
     66      64      21
     66      65      21
     66      66      21
     66      67      21
     66      68      21
     66      69      21
     66      70      21
     66      71      21
     67      58      21
     67      59      21
     67      60      21
     67      61      21
     67      62      21
     67      63      21
     67      64      21
     67      65      21
     67      66      21
     67      67      21
     67      68      21
     67      69      21
     67      70      21
     67      71      21
     68      62      21
     68      63      21
     68      64      21
     68      65      21
     68      66      21
     68      67      21
     69      62      21
     69      63      21
     69      64      21
     69      65      21
     69      66      21
     69      67      21
     78      62      21
     78      63      21
     78      64      21
     78      65      21
     78      66      21
     78      67      21
     79      62      21
     79      63      21
     79      64      21
     79      65      21
     79      66      21
     79      67      21
     80      62      21
     80      63      21
     80      64      21
     80      65      21
     80      66      21
     80      67      21
     81      62      21
     81      63      21
     81      64      21
     81      65      21
     81      66      21
     81      67      21
     82      62      21
     82      63      21
     82      64      21
     82      65      21
     82      66      21
     82      67      21
     83      62      21
     83      63      21
     83      64      21
     83      65      21
     83      66      21
     83      67      21
     84      62      21
     84      63      21
     84      64      21
     84      65      21
     84      66      21
     84      67      21
     85      62      21
     85      63      21
     85      64      21
     85      65      21
     85      66      21
     85      67      21
     92      60      21
     92      61      21
     92      62      21
     92      63      21
     92      64      21
     92      65      21
     92      66      21
     92      67      21
     92      68      21
     92      69      21
     93      60      21
     93      61      21
     93      62      21
     93      63      21
     93      64      21
     93      65      21
     93      66      21
     93      67      21
     93      68      21
     93      69      21
     94      60      21
     94      61      21
     94      62      21
     94      63      21
     94      64      21
     94      65      21
     94      66      21
     94      67      21
     94      68      21
     94      69      21
     95      60      21
     95      61      21
     95      62      21
     95      63      21
     95      64      21
     95      65      21
     95      66      21
     95      67      21
     95      68      21
     95      69      21
     96      60      21
     96      61      21
     96      62      21
     96      63      21
     96      64      21
     96      65      21
     96      66      21
     96      67      21
     96      68      21
     96      69      21
     97      60      21
     97      61      21
     97      62      21
     97      63      21
     97      64      21
     97      65      21
     97      66      21
     97      67      21
     97      68      21
     97      69      21
     98      60      21
     98      61      21
     98      62      21
     98      63      21
     98      64      21
     98      65      21
     98      66      21
     98      67      21
     98      68      21
     98      69      21
     99      60      21
     99      61      21
     99      62      21
     99      63      21
     99      64      21
     99      65      21
     99      66      21
     99      67      21
     99      68      21
     99      69      21
    100      60      21
    100      61      21
    100      62      21
    100      63      21
    100      64      21
    100      65      21
    100      66      21
    100      67      21
    100      68      21
    100      69      21
    101      60      21
    101      61      21
    101      62      21
    101      63      21
    101      64      21
    101      65      21
    101      66      21
    101      67      21
    101      68      21
    101      69      21
     12      62      22
     12      63      22
     12      64      22
     12      65      22
     12      66      22
     12      67      22
     13      62      22
     13      63      22
     13      64      22
     13      65      22
     13      66      22
     13      67      22
     14      58      22
     14      59      22
     14      60      22
     14      61      22
     14      62      22
     14      63      22
     14      64      22
     14      65      22
     14      66      22
     14      67      22
     14      68      22
     14      69      22
     14      70      22
     14      71      22
     15      58      22
     15      59      22
     15      60      22
     15      61      22
     15      62      22
     15      63      22
     15      64      22
     15      65      22
     15      66      22
     15      67      22
     15      68      22
     15      69      22
     15      70      22
     15      71      22
     16      58      22
     16      59      22
     16      60      22
     16      61      22
     16      62      22
     16      63      22
     16      64      22
     16      65      22
     16      66      22
     16      67      22
     16      68      22
     16      69      22
     16      70      22
     16      71      22
     17      58      22
     17      59      22
     17      60      22
     17      61      22
     17      62      22
     17      63      22
     17      64      22
     17      65      22
     17      66      22
     17      67      22
     17      68      22
     17      69      22
     17      70      22
     17      71      22
     18      56      22
     18      57      22
     18      58      22
     18      59      22
     18      60      22
     18      61      22
     18      62      22
     18      63      22
     18      64      22
     18      65      22
     18      66      22
     18      67      22
     18      68      22
     18      69      22
     18      70      22
     18      71      22
     18      72      22
     18      73      22
     19      56      22
     19      57      22
     19      58      22
     19      59      22
     19      60      22
     19      61      22
     19      62      22
     19      63      22
     19      64      22
     19      65      22
     19      66      22
     19      67      22
     19      68      22
     19      69      22
     19      70      22
     19      71      22
     19      72      22
     19      73      22
     20      56      22
     20      57      22
     20      58      22
     20      59      22
     20      60      22
     20      61      22
     20      62      22
     20      63      22
     20      64      22
     20      65      22
     20      66      22
     20      67      22
     20      68      22
     20      69      22
     20      70      22
     20      71      22
     20      72      22
     20      73      22
     21      56      22
     21      57      22
     21      58      22
     21      59      22
     21      60      22
     21      61      22
     21      62      22
     21      63      22
     21      64      22
     21      65      22
     21      66      22
     21      67      22
     21      68      22
     21      69      22
     21      70      22
     21      71      22
     21      72      22
     21      73      22
     22      56      22
     22      57      22
     22      58      22
     22      59      22
     22      60      22
     22      61      22
     22      62      22
     22      63      22
     22      64      22
     22      65      22
     22      66      22
     22      67      22
     22      68      22
     22      69      22
     22      70      22
     22      71      22
     22      72      22
     22      73      22
     23      56      22
     23      57      22
     23      58      22
     23      59      22
     23      60      22
     23      61      22
     23      62      22
     23      63      22
     23      64      22
     23      65      22
     23      66      22
     23      67      22
     23      68      22
     23      69      22
     23      70      22
     23      71      22
     23      72      22
     23      73      22
     24      58      22
     24      59      22
     24      60      22
     24      61      22
     24      62      22
     24      63      22
     24      64      22
     24      65      22
     24      66      22
     24      67      22
     24      68      22
     24      69      22
     24      70      22
     24      71      22
     25      58      22
     25      59      22
     25      60      22
     25      61      22
     25      62      22
     25      63      22
     25      64      22
     25      65      22
     25      66      22
     25      67      22
     25      68      22
     25      69      22
     25      70      22
     25      71      22
     26      58      22
     26      59      22
     26      60      22
     26      61      22
     26      62      22
     26      63      22
     26      64      22
     26      65      22
     26      66      22
     26      67      22
     26      68      22
     26      69      22
     26      70      22
     26      71      22
     27      58      22
     27      59      22
     27      60      22
     27      61      22
     27      62      22
     27      63      22
     27      64      22
     27      65      22
     27      66      22
     27      67      22
     27      68      22
     27      69      22
     27      70      22
     27      71      22
     28      62      22
     28      63      22
     28      64      22
     28      65      22
     28      66      22
     28      67      22
     29      62      22
     29      63      22
     29      64      22
     29      65      22
     29      66      22
     29      67      22
     32      62      22
     32      63      22
     32      64      22
     32      65      22
     32      66      22
     32      67      22
     33      62      22
     33      63      22
     33      64      22
     33      65      22
     33      66      22
     33      67      22
     34      58      22
     34      59      22
     34      60      22
     34      61      22
     34      62      22
     34      63      22
     34      64      22
     34      65      22
     34      66      22
     34      67      22
     34      68      22
     34      69      22
     34      70      22
     34      71      22
     35      58      22
     35      59      22
     35      60      22
     35      61      22
     35      62      22
     35      63      22
     35      64      22
     35      65      22
     35      66      22
     35      67      22
     35      68      22
     35      69      22
     35      70      22
     35      71      22
     36      58      22
     36      59      22
     36      60      22
     36      61      22
     36      62      22
     36      63      22
     36      64      22
     36      65      22
     36      66      22
     36      67      22
     36      68      22
     36      69      22
     36      70      22
     36      71      22
     37      58      22
     37      59      22
     37      60      22
     37      61      22
     37      62      22
     37      63      22
     37      64      22
     37      65      22
     37      66      22
     37      67      22
     37      68      22
     37      69      22
     37      70      22
     37      71      22
     38      56      22
     38      57      22
     38      58      22
     38      59      22
     38      60      22
     38      61      22
     38      62      22
     38      63      22
     38      64      22
     38      65      22
     38      66      22
     38      67      22
     38      68      22
     38      69      22
     38      70      22
     38      71      22
     38      72      22
     38      73      22
     39      56      22
     39      57      22
     39      58      22
     39      59      22
     39      60      22
     39      61      22
     39      62      22
     39      63      22
     39      64      22
     39      65      22
     39      66      22
     39      67      22
     39      68      22
     39      69      22
     39      70      22
     39      71      22
     39      72      22
     39      73      22
     40      56      22
     40      57      22
     40      58      22
     40      59      22
     40      60      22
     40      61      22
     40      62      22
     40      63      22
     40      64      22
     40      65      22
     40      66      22
     40      67      22
     40      68      22
     40      69      22
     40      70      22
     40      71      22
     40      72      22
     40      73      22
     41      56      22
     41      57      22
     41      58      22
     41      59      22
     41      60      22
     41      61      22
     41      62      22
     41      63      22
     41      64      22
     41      65      22
     41      66      22
     41      67      22
     41      68      22
     41      69      22
     41      70      22
     41      71      22
     41      72      22
     41      73      22
     42      56      22
     42      57      22
     42      58      22
     42      59      22
     42      60      22
     42      61      22
     42      62      22
     42      63      22
     42      64      22
     42      65      22
     42      66      22
     42      67      22
     42      68      22
     42      69      22
     42      70      22
     42      71      22
     42      72      22
     42      73      22
     43      56      22
     43      57      22
     43      58      22
     43      59      22
     43      60      22
     43      61      22
     43      62      22
     43      63      22
     43      64      22
     43      65      22
     43      66      22
     43      67      22
     43      68      22
     43      69      22
     43      70      22
     43      71      22
     43      72      22
     43      73      22
     44      58      22
     44      59      22
     44      60      22
     44      61      22
     44      62      22
     44      63      22
     44      64      22
     44      65      22
     44      66      22
     44      67      22
     44      68      22
     44      69      22
     44      70      22
     44      71      22
     45      58      22
     45      59      22
     45      60      22
     45      61      22
     45      62      22
     45      63      22
     45      64      22
     45      65      22
     45      66      22
     45      67      22
     45      68      22
     45      69      22
     45      70      22
     45      71      22
     46      58      22
     46      59      22
     46      60      22
     46      61      22
     46      62      22
     46      63      22
     46      64      22
     46      65      22
     46      66      22
     46      67      22
     46      68      22
     46      69      22
     46      70      22
     46      71      22
     47      58      22
     47      59      22
     47      60      22
     47      61      22
     47      62      22
     47      63      22
     47      64      22
     47      65      22
     47      66      22
     47      67      22
     47      68      22
     47      69      22
     47      70      22
     47      71      22
     48      62      22
     48      63      22
     48      64      22
     48      65      22
     48      66      22
     48      67      22
     49      62      22
     49      63      22
     49      64      22
     49      65      22
     49      66      22
     49      67      22
     52      62      22
     52      63      22
     52      64      22
     52      65      22
     52      66      22
     52      67      22
     53      62      22
     53      63      22
     53      64      22
     53      65      22
     53      66      22
     53      67      22
     54      58      22
     54      59      22
     54      60      22
     54      61      22
     54      62      22
     54      63      22
     54      64      22
     54      65      22
     54      66      22
     54      67      22
     54      68      22
     54      69      22
     54      70      22
     54      71      22
     55      58      22
     55      59      22
     55      60      22
     55      61      22
     55      62      22
     55      63      22
     55      64      22
     55      65      22
     55      66      22
     55      67      22
     55      68      22
     55      69      22
     55      70      22
     55      71      22
     56      58      22
     56      59      22
     56      60      22
     56      61      22
     56      62      22
     56      63      22
     56      64      22
     56      65      22
     56      66      22
     56      67      22
     56      68      22
     56      69      22
     56      70      22
     56      71      22
     57      58      22
     57      59      22
     57      60      22
     57      61      22
     57      62      22
     57      63      22
     57      64      22
     57      65      22
     57      66      22
     57      67      22
     57      68      22
     57      69      22
     57      70      22
     57      71      22
     58      56      22
     58      57      22
     58      58      22
     58      59      22
     58      60      22
     58      61      22
     58      62      22
     58      63      22
     58      64      22
     58      65      22
     58      66      22
     58      67      22
     58      68      22
     58      69      22
     58      70      22
     58      71      22
     58      72      22
     58      73      22
     59      56      22
     59      57      22
     59      58      22
     59      59      22
     59      60      22
     59      61      22
     59      62      22
     59      63      22
     59      64      22
     59      65      22
     59      66      22
     59      67      22
     59      68      22
     59      69      22
     59      70      22
     59      71      22
     59      72      22
     59      73      22
     60      56      22
     60      57      22
     60      58      22
     60      59      22
     60      60      22
     60      61      22
     60      62      22
     60      63      22
     60      64      22
     60      65      22
     60      66      22
     60      67      22
     60      68      22
     60      69      22
     60      70      22
     60      71      22
     60      72      22
     60      73      22
     61      56      22
     61      57      22
     61      58      22
     61      59      22
     61      60      22
     61      61      22
     61      62      22
     61      63      22
     61      64      22
     61      65      22
     61      66      22
     61      67      22
     61      68      22
     61      69      22
     61      70      22
     61      71      22
     61      72      22
     61      73      22
     62      56      22
     62      57      22
     62      58      22
     62      59      22
     62      60      22
     62      61      22
     62      62      22
     62      63      22
     62      64      22
     62      65      22
     62      66      22
     62      67      22
     62      68      22
     62      69      22
     62      70      22
     62      71      22
     62      72      22
     62      73      22
     63      56      22
     63      57      22
     63      58      22
     63      59      22
     63      60      22
     63      61      22
     63      62      22
     63      63      22
     63      64      22
     63      65      22
     63      66      22
     63      67      22
     63      68      22
     63      69      22
     63      70      22
     63      71      22
     63      72      22
     63      73      22
     64      58      22
     64      59      22
     64      60      22
     64      61      22
     64      62      22
     64      63      22
     64      64      22
     64      65      22
     64      66      22
     64      67      22
     64      68      22
     64      69      22
     64      70      22
     64      71      22
     65      58      22
     65      59      22
     65      60      22
     65      61      22
     65      62      22
     65      63      22
     65      64      22
     65      65      22
     65      66      22
     65      67      22
     65      68      22
     65      69      22
     65      70      22
     65      71      22
     66      58      22
     66      59      22
     66      60      22
     66      61      22
     66      62      22
     66      63      22
     66      64      22
     66      65      22
     66      66      22
     66      67      22
     66      68      22
     66      69      22
     66      70      22
     66      71      22
     67      58      22
     67      59      22
     67      60      22
     67      61      22
     67      62      22
     67      63      22
     67      64      22
     67      65      22
     67      66      22
     67      67      22
     67      68      22
     67      69      22
     67      70      22
     67      71      22
     68      62      22
     68      63      22
     68      64      22
     68      65      22
     68      66      22
     68      67      22
     69      62      22
     69      63      22
     69      64      22
     69      65      22
     69      66      22
     69      67      22
     80      62      22
     80      63      22
     80      64      22
     80      65      22
     80      66      22
     80      67      22
     81      62      22
     81      63      22
     81      64      22
     81      65      22
     81      66      22
     81      67      22
     82      62      22
     82      63      22
     82      64      22
     82      65      22
     82      66      22
     82      67      22
     83      62      22
     83      63      22
     83      64      22
     83      65      22
     83      66      22
     83      67      22
     12      62      23
     12      63      23
     12      64      23
     12      65      23
     12      66      23
     12      67      23
     13      62      23
     13      63      23
     13      64      23
     13      65      23
     13      66      23
     13      67      23
     14      58      23
     14      59      23
     14      60      23
     14      61      23
     14      62      23
     14      63      23
     14      64      23
     14      65      23
     14      66      23
     14      67      23
     14      68      23
     14      69      23
     14      70      23
     14      71      23
     15      58      23
     15      59      23
     15      60      23
     15      61      23
     15      62      23
     15      63      23
     15      64      23
     15      65      23
     15      66      23
     15      67      23
     15      68      23
     15      69      23
     15      70      23
     15      71      23
     16      58      23
     16      59      23
     16      60      23
     16      61      23
     16      62      23
     16      63      23
     16      64      23
     16      65      23
     16      66      23
     16      67      23
     16      68      23
     16      69      23
     16      70      23
     16      71      23
     17      58      23
     17      59      23
     17      60      23
     17      61      23
     17      62      23
     17      63      23
     17      64      23
     17      65      23
     17      66      23
     17      67      23
     17      68      23
     17      69      23
     17      70      23
     17      71      23
     18      56      23
     18      57      23
     18      58      23
     18      59      23
     18      60      23
     18      61      23
     18      62      23
     18      63      23
     18      64      23
     18      65      23
     18      66      23
     18      67      23
     18      68      23
     18      69      23
     18      70      23
     18      71      23
     18      72      23
     18      73      23
     19      56      23
     19      57      23
     19      58      23
     19      59      23
     19      60      23
     19      61      23
     19      62      23
     19      63      23
     19      64      23
     19      65      23
     19      66      23
     19      67      23
     19      68      23
     19      69      23
     19      70      23
     19      71      23
     19      72      23
     19      73      23
     20      56      23
     20      57      23
     20      58      23
     20      59      23
     20      60      23
     20      61      23
     20      62      23
     20      63      23
     20      64      23
     20      65      23
     20      66      23
     20      67      23
     20      68      23
     20      69      23
     20      70      23
     20      71      23
     20      72      23
     20      73      23
     21      56      23
     21      57      23
     21      58      23
     21      59      23
     21      60      23
     21      61      23
     21      62      23
     21      63      23
     21      64      23
     21      65      23
     21      66      23
     21      67      23
     21      68      23
     21      69      23
     21      70      23
     21      71      23
     21      72      23
     21      73      23
     22      56      23
     22      57      23
     22      58      23
     22      59      23
     22      60      23
     22      61      23
     22      62      23
     22      63      23
     22      64      23
     22      65      23
     22      66      23
     22      67      23
     22      68      23
     22      69      23
     22      70      23
     22      71      23
     22      72      23
     22      73      23
     23      56      23
     23      57      23
     23      58      23
     23      59      23
     23      60      23
     23      61      23
     23      62      23
     23      63      23
     23      64      23
     23      65      23
     23      66      23
     23      67      23
     23      68      23
     23      69      23
     23      70      23
     23      71      23
     23      72      23
     23      73      23
     24      58      23
     24      59      23
     24      60      23
     24      61      23
     24      62      23
     24      63      23
     24      64      23
     24      65      23
     24      66      23
     24      67      23
     24      68      23
     24      69      23
     24      70      23
     24      71      23
     25      58      23
     25      59      23
     25      60      23
     25      61      23
     25      62      23
     25      63      23
     25      64      23
     25      65      23
     25      66      23
     25      67      23
     25      68      23
     25      69      23
     25      70      23
     25      71      23
     26      58      23
     26      59      23
     26      60      23
     26      61      23
     26      62      23
     26      63      23
     26      64      23
     26      65      23
     26      66      23
     26      67      23
     26      68      23
     26      69      23
     26      70      23
     26      71      23
     27      58      23
     27      59      23
     27      60      23
     27      61      23
     27      62      23
     27      63      23
     27      64      23
     27      65      23
     27      66      23
     27      67      23
     27      68      23
     27      69      23
     27      70      23
     27      71      23
     28      62      23
     28      63      23
     28      64      23
     28      65      23
     28      66      23
     28      67      23
     29      62      23
     29      63      23
     29      64      23
     29      65      23
     29      66      23
     29      67      23
     32      62      23
     32      63      23
     32      64      23
     32      65      23
     32      66      23
     32      67      23
     33      62      23
     33      63      23
     33      64      23
     33      65      23
     33      66      23
     33      67      23
     34      58      23
     34      59      23
     34      60      23
     34      61      23
     34      62      23
     34      63      23
     34      64      23
     34      65      23
     34      66      23
     34      67      23
     34      68      23
     34      69      23
     34      70      23
     34      71      23
     35      58      23
     35      59      23
     35      60      23
     35      61      23
     35      62      23
     35      63      23
     35      64      23
     35      65      23
     35      66      23
     35      67      23
     35      68      23
     35      69      23
     35      70      23
     35      71      23
     36      58      23
     36      59      23
     36      60      23
     36      61      23
     36      62      23
     36      63      23
     36      64      23
     36      65      23
     36      66      23
     36      67      23
     36      68      23
     36      69      23
     36      70      23
     36      71      23
     37      58      23
     37      59      23
     37      60      23
     37      61      23
     37      62      23
     37      63      23
     37      64      23
     37      65      23
     37      66      23
     37      67      23
     37      68      23
     37      69      23
     37      70      23
     37      71      23
     38      56      23
     38      57      23
     38      58      23
     38      59      23
     38      60      23
     38      61      23
     38      62      23
     38      63      23
     38      64      23
     38      65      23
     38      66      23
     38      67      23
     38      68      23
     38      69      23
     38      70      23
     38      71      23
     38      72      23
     38      73      23
     39      56      23
     39      57      23
     39      58      23
     39      59      23
     39      60      23
     39      61      23
     39      62      23
     39      63      23
     39      64      23
     39      65      23
     39      66      23
     39      67      23
     39      68      23
     39      69      23
     39      70      23
     39      71      23
     39      72      23
     39      73      23
     40      56      23
     40      57      23
     40      58      23
     40      59      23
     40      60      23
     40      61      23
     40      62      23
     40      63      23
     40      64      23
     40      65      23
     40      66      23
     40      67      23
     40      68      23
     40      69      23
     40      70      23
     40      71      23
     40      72      23
     40      73      23
     41      56      23
     41      57      23
     41      58      23
     41      59      23
     41      60      23
     41      61      23
     41      62      23
     41      63      23
     41      64      23
     41      65      23
     41      66      23
     41      67      23
     41      68      23
     41      69      23
     41      70      23
     41      71      23
     41      72      23
     41      73      23
     42      56      23
     42      57      23
     42      58      23
     42      59      23
     42      60      23
     42      61      23
     42      62      23
     42      63      23
     42      64      23
     42      65      23
     42      66      23
     42      67      23
     42      68      23
     42      69      23
     42      70      23
     42      71      23
     42      72      23
     42      73      23
     43      56      23
     43      57      23
     43      58      23
     43      59      23
     43      60      23
     43      61      23
     43      62      23
     43      63      23
     43      64      23
     43      65      23
     43      66      23
     43      67      23
     43      68      23
     43      69      23
     43      70      23
     43      71      23
     43      72      23
     43      73      23
     44      58      23
     44      59      23
     44      60      23
     44      61      23
     44      62      23
     44      63      23
     44      64      23
     44      65      23
     44      66      23
     44      67      23
     44      68      23
     44      69      23
     44      70      23
     44      71      23
     45      58      23
     45      59      23
     45      60      23
     45      61      23
     45      62      23
     45      63      23
     45      64      23
     45      65      23
     45      66      23
     45      67      23
     45      68      23
     45      69      23
     45      70      23
     45      71      23
     46      58      23
     46      59      23
     46      60      23
     46      61      23
     46      62      23
     46      63      23
     46      64      23
     46      65      23
     46      66      23
     46      67      23
     46      68      23
     46      69      23
     46      70      23
     46      71      23
     47      58      23
     47      59      23
     47      60      23
     47      61      23
     47      62      23
     47      63      23
     47      64      23
     47      65      23
     47      66      23
     47      67      23
     47      68      23
     47      69      23
     47      70      23
     47      71      23
     48      62      23
     48      63      23
     48      64      23
     48      65      23
     48      66      23
     48      67      23
     49      62      23
     49      63      23
     49      64      23
     49      65      23
     49      66      23
     49      67      23
     52      62      23
     52      63      23
     52      64      23
     52      65      23
     52      66      23
     52      67      23
     53      62      23
     53      63      23
     53      64      23
     53      65      23
     53      66      23
     53      67      23
     54      58      23
     54      59      23
     54      60      23
     54      61      23
     54      62      23
     54      63      23
     54      64      23
     54      65      23
     54      66      23
     54      67      23
     54      68      23
     54      69      23
     54      70      23
     54      71      23
     55      58      23
     55      59      23
     55      60      23
     55      61      23
     55      62      23
     55      63      23
     55      64      23
     55      65      23
     55      66      23
     55      67      23
     55      68      23
     55      69      23
     55      70      23
     55      71      23
     56      58      23
     56      59      23
     56      60      23
     56      61      23
     56      62      23
     56      63      23
     56      64      23
     56      65      23
     56      66      23
     56      67      23
     56      68      23
     56      69      23
     56      70      23
     56      71      23
     57      58      23
     57      59      23
     57      60      23
     57      61      23
     57      62      23
     57      63      23
     57      64      23
     57      65      23
     57      66      23
     57      67      23
     57      68      23
     57      69      23
     57      70      23
     57      71      23
     58      56      23
     58      57      23
     58      58      23
     58      59      23
     58      60      23
     58      61      23
     58      62      23
     58      63      23
     58      64      23
     58      65      23
     58      66      23
     58      67      23
     58      68      23
     58      69      23
     58      70      23
     58      71      23
     58      72      23
     58      73      23
     59      56      23
     59      57      23
     59      58      23
     59      59      23
     59      60      23
     59      61      23
     59      62      23
     59      63      23
     59      64      23
     59      65      23
     59      66      23
     59      67      23
     59      68      23
     59      69      23
     59      70      23
     59      71      23
     59      72      23
     59      73      23
     60      56      23
     60      57      23
     60      58      23
     60      59      23
     60      60      23
     60      61      23
     60      62      23
     60      63      23
     60      64      23
     60      65      23
     60      66      23
     60      67      23
     60      68      23
     60      69      23
     60      70      23
     60      71      23
     60      72      23
     60      73      23
     61      56      23
     61      57      23
     61      58      23
     61      59      23
     61      60      23
     61      61      23
     61      62      23
     61      63      23
     61      64      23
     61      65      23
     61      66      23
     61      67      23
     61      68      23
     61      69      23
     61      70      23
     61      71      23
     61      72      23
     61      73      23
     62      56      23
     62      57      23
     62      58      23
     62      59      23
     62      60      23
     62      61      23
     62      62      23
     62      63      23
     62      64      23
     62      65      23
     62      66      23
     62      67      23
     62      68      23
     62      69      23
     62      70      23
     62      71      23
     62      72      23
     62      73      23
     63      56      23
     63      57      23
     63      58      23
     63      59      23
     63      60      23
     63      61      23
     63      62      23
     63      63      23
     63      64      23
     63      65      23
     63      66      23
     63      67      23
     63      68      23
     63      69      23
     63      70      23
     63      71      23
     63      72      23
     63      73      23
     64      58      23
     64      59      23
     64      60      23
     64      61      23
     64      62      23
     64      63      23
     64      64      23
     64      65      23
     64      66      23
     64      67      23
     64      68      23
     64      69      23
     64      70      23
     64      71      23
     65      58      23
     65      59      23
     65      60      23
     65      61      23
     65      62      23
     65      63      23
     65      64      23
     65      65      23
     65      66      23
     65      67      23
     65      68      23
     65      69      23
     65      70      23
     65      71      23
     66      58      23
     66      59      23
     66      60      23
     66      61      23
     66      62      23
     66      63      23
     66      64      23
     66      65      23
     66      66      23
     66      67      23
     66      68      23
     66      69      23
     66      70      23
     66      71      23
     67      58      23
     67      59      23
     67      60      23
     67      61      23
     67      62      23
     67      63      23
     67      64      23
     67      65      23
     67      66      23
     67      67      23
     67      68      23
     67      69      23
     67      70      23
     67      71      23
     68      62      23
     68      63      23
     68      64      23
     68      65      23
     68      66      23
     68      67      23
     69      62      23
     69      63      23
     69      64      23
     69      65      23
     69      66      23
     69      67      23
     80      62      23
     80      63      23
     80      64      23
     80      65      23
     80      66      23
     80      67      23
     81      62      23
     81      63      23
     81      64      23
     81      65      23
     81      66      23
     81      67      23
     82      62      23
     82      63      23
     82      64      23
     82      65      23
     82      66      23
     82      67      23
     83      62      23
     83      63      23
     83      64      23
     83      65      23
     83      66      23
     83      67      23
     14      60      24
     14      61      24
     14      62      24
     14      63      24
     14      64      24
     14      65      24
     14      66      24
     14      67      24
     14      68      24
     14      69      24
     15      60      24
     15      61      24
     15      62      24
     15      63      24
     15      64      24
     15      65      24
     15      66      24
     15      67      24
     15      68      24
     15      69      24
     16      58      24
     16      59      24
     16      60      24
     16      61      24
     16      62      24
     16      63      24
     16      64      24
     16      65      24
     16      66      24
     16      67      24
     16      68      24
     16      69      24
     16      70      24
     16      71      24
     17      58      24
     17      59      24
     17      60      24
     17      61      24
     17      62      24
     17      63      24
     17      64      24
     17      65      24
     17      66      24
     17      67      24
     17      68      24
     17      69      24
     17      70      24
     17      71      24
     18      58      24
     18      59      24
     18      60      24
     18      61      24
     18      62      24
     18      63      24
     18      64      24
     18      65      24
     18      66      24
     18      67      24
     18      68      24
     18      69      24
     18      70      24
     18      71      24
     19      58      24
     19      59      24
     19      60      24
     19      61      24
     19      62      24
     19      63      24
     19      64      24
     19      65      24
     19      66      24
     19      67      24
     19      68      24
     19      69      24
     19      70      24
     19      71      24
     20      58      24
     20      59      24
     20      60      24
     20      61      24
     20      62      24
     20      63      24
     20      64      24
     20      65      24
     20      66      24
     20      67      24
     20      68      24
     20      69      24
     20      70      24
     20      71      24
     21      58      24
     21      59      24
     21      60      24
     21      61      24
     21      62      24
     21      63      24
     21      64      24
     21      65      24
     21      66      24
     21      67      24
     21      68      24
     21      69      24
     21      70      24
     21      71      24
     22      58      24
     22      59      24
     22      60      24
     22      61      24
     22      62      24
     22      63      24
     22      64      24
     22      65      24
     22      66      24
     22      67      24
     22      68      24
     22      69      24
     22      70      24
     22      71      24
     23      58      24
     23      59      24
     23      60      24
     23      61      24
     23      62      24
     23      63      24
     23      64      24
     23      65      24
     23      66      24
     23      67      24
     23      68      24
     23      69      24
     23      70      24
     23      71      24
     24      58      24
     24      59      24
     24      60      24
     24      61      24
     24      62      24
     24      63      24
     24      64      24
     24      65      24
     24      66      24
     24      67      24
     24      68      24
     24      69      24
     24      70      24
     24      71      24
     25      58      24
     25      59      24
     25      60      24
     25      61      24
     25      62      24
     25      63      24
     25      64      24
     25      65      24
     25      66      24
     25      67      24
     25      68      24
     25      69      24
     25      70      24
     25      71      24
     26      60      24
     26      61      24
     26      62      24
     26      63      24
     26      64      24
     26      65      24
     26      66      24
     26      67      24
     26      68      24
     26      69      24
     27      60      24
     27      61      24
     27      62      24
     27      63      24
     27      64      24
     27      65      24
     27      66      24
     27      67      24
     27      68      24
     27      69      24
     34      60      24
     34      61      24
     34      62      24
     34      63      24
     34      64      24
     34      65      24
     34      66      24
     34      67      24
     34      68      24
     34      69      24
     35      60      24
     35      61      24
     35      62      24
     35      63      24
     35      64      24
     35      65      24
     35      66      24
     35      67      24
     35      68      24
     35      69      24
     36      58      24
     36      59      24
     36      60      24
     36      61      24
     36      62      24
     36      63      24
     36      64      24
     36      65      24
     36      66      24
     36      67      24
     36      68      24
     36      69      24
     36      70      24
     36      71      24
     37      58      24
     37      59      24
     37      60      24
     37      61      24
     37      62      24
     37      63      24
     37      64      24
     37      65      24
     37      66      24
     37      67      24
     37      68      24
     37      69      24
     37      70      24
     37      71      24
     38      58      24
     38      59      24
     38      60      24
     38      61      24
     38      62      24
     38      63      24
     38      64      24
     38      65      24
     38      66      24
     38      67      24
     38      68      24
     38      69      24
     38      70      24
     38      71      24
     39      58      24
     39      59      24
     39      60      24
     39      61      24
     39      62      24
     39      63      24
     39      64      24
     39      65      24
     39      66      24
     39      67      24
     39      68      24
     39      69      24
     39      70      24
     39      71      24
     40      58      24
     40      59      24
     40      60      24
     40      61      24
     40      62      24
     40      63      24
     40      64      24
     40      65      24
     40      66      24
     40      67      24
     40      68      24
     40      69      24
     40      70      24
     40      71      24
     41      58      24
     41      59      24
     41      60      24
     41      61      24
     41      62      24
     41      63      24
     41      64      24
     41      65      24
     41      66      24
     41      67      24
     41      68      24
     41      69      24
     41      70      24
     41      71      24
     42      58      24
     42      59      24
     42      60      24
     42      61      24
     42      62      24
     42      63      24
     42      64      24
     42      65      24
     42      66      24
     42      67      24
     42      68      24
     42      69      24
     42      70      24
     42      71      24
     43      58      24
     43      59      24
     43      60      24
     43      61      24
     43      62      24
     43      63      24
     43      64      24
     43      65      24
     43      66      24
     43      67      24
     43      68      24
     43      69      24
     43      70      24
     43      71      24
     44      58      24
     44      59      24
     44      60      24
     44      61      24
     44      62      24
     44      63      24
     44      64      24
     44      65      24
     44      66      24
     44      67      24
     44      68      24
     44      69      24
     44      70      24
     44      71      24
     45      58      24
     45      59      24
     45      60      24
     45      61      24
     45      62      24
     45      63      24
     45      64      24
     45      65      24
     45      66      24
     45      67      24
     45      68      24
     45      69      24
     45      70      24
     45      71      24
     46      60      24
     46      61      24
     46      62      24
     46      63      24
     46      64      24
     46      65      24
     46      66      24
     46      67      24
     46      68      24
     46      69      24
     47      60      24
     47      61      24
     47      62      24
     47      63      24
     47      64      24
     47      65      24
     47      66      24
     47      67      24
     47      68      24
     47      69      24
     52      62      24
     52      63      24
     52      64      24
     52      65      24
     52      66      24
     52      67      24
     53      62      24
     53      63      24
     53      64      24
     53      65      24
     53      66      24
     53      67      24
     54      58      24
     54      59      24
     54      60      24
     54      61      24
     54      62      24
     54      63      24
     54      64      24
     54      65      24
     54      66      24
     54      67      24
     54      68      24
     54      69      24
     54      70      24
     54      71      24
     55      58      24
     55      59      24
     55      60      24
     55      61      24
     55      62      24
     55      63      24
     55      64      24
     55      65      24
     55      66      24
     55      67      24
     55      68      24
     55      69      24
     55      70      24
     55      71      24
     56      58      24
     56      59      24
     56      60      24
     56      61      24
     56      62      24
     56      63      24
     56      64      24
     56      65      24
     56      66      24
     56      67      24
     56      68      24
     56      69      24
     56      70      24
     56      71      24
     57      58      24
     57      59      24
     57      60      24
     57      61      24
     57      62      24
     57      63      24
     57      64      24
     57      65      24
     57      66      24
     57      67      24
     57      68      24
     57      69      24
     57      70      24
     57      71      24
     58      56      24
     58      57      24
     58      58      24
     58      59      24
     58      60      24
     58      61      24
     58      62      24
     58      63      24
     58      64      24
     58      65      24
     58      66      24
     58      67      24
     58      68      24
     58      69      24
     58      70      24
     58      71      24
     58      72      24
     58      73      24
     59      56      24
     59      57      24
     59      58      24
     59      59      24
     59      60      24
     59      61      24
     59      62      24
     59      63      24
     59      64      24
     59      65      24
     59      66      24
     59      67      24
     59      68      24
     59      69      24
     59      70      24
     59      71      24
     59      72      24
     59      73      24
     60      56      24
     60      57      24
     60      58      24
     60      59      24
     60      60      24
     60      61      24
     60      62      24
     60      63      24
     60      64      24
     60      65      24
     60      66      24
     60      67      24
     60      68      24
     60      69      24
     60      70      24
     60      71      24
     60      72      24
     60      73      24
     61      56      24
     61      57      24
     61      58      24
     61      59      24
     61      60      24
     61      61      24
     61      62      24
     61      63      24
     61      64      24
     61      65      24
     61      66      24
     61      67      24
     61      68      24
     61      69      24
     61      70      24
     61      71      24
     61      72      24
     61      73      24
     62      56      24
     62      57      24
     62      58      24
     62      59      24
     62      60      24
     62      61      24
     62      62      24
     62      63      24
     62      64      24
     62      65      24
     62      66      24
     62      67      24
     62      68      24
     62      69      24
     62      70      24
     62      71      24
     62      72      24
     62      73      24
     63      56      24
     63      57      24
     63      58      24
     63      59      24
     63      60      24
     63      61      24
     63      62      24
     63      63      24
     63      64      24
     63      65      24
     63      66      24
     63      67      24
     63      68      24
     63      69      24
     63      70      24
     63      71      24
     63      72      24
     63      73      24
     64      58      24
     64      59      24
     64      60      24
     64      61      24
     64      62      24
     64      63      24
     64      64      24
     64      65      24
     64      66      24
     64      67      24
     64      68      24
     64      69      24
     64      70      24
     64      71      24
     65      58      24
     65      59      24
     65      60      24
     65      61      24
     65      62      24
     65      63      24
     65      64      24
     65      65      24
     65      66      24
     65      67      24
     65      68      24
     65      69      24
     65      70      24
     65      71      24
     66      58      24
     66      59      24
     66      60      24
     66      61      24
     66      62      24
     66      63      24
     66      64      24
     66      65      24
     66      66      24
     66      67      24
     66      68      24
     66      69      24
     66      70      24
     66      71      24
     67      58      24
     67      59      24
     67      60      24
     67      61      24
     67      62      24
     67      63      24
     67      64      24
     67      65      24
     67      66      24
     67      67      24
     67      68      24
     67      69      24
     67      70      24
     67      71      24
     68      62      24
     68      63      24
     68      64      24
     68      65      24
     68      66      24
     68      67      24
     69      62      24
     69      63      24
     69      64      24
     69      65      24
     69      66      24
     69      67      24
     80      64      24
     80      65      24
     81      64      24
     81      65      24
     82      64      24
     82      65      24
     83      64      24
     83      65      24
     14      60      25
     14      61      25
     14      62      25
     14      63      25
     14      64      25
     14      65      25
     14      66      25
     14      67      25
     14      68      25
     14      69      25
     15      60      25
     15      61      25
     15      62      25
     15      63      25
     15      64      25
     15      65      25
     15      66      25
     15      67      25
     15      68      25
     15      69      25
     16      58      25
     16      59      25
     16      60      25
     16      61      25
     16      62      25
     16      63      25
     16      64      25
     16      65      25
     16      66      25
     16      67      25
     16      68      25
     16      69      25
     16      70      25
     16      71      25
     17      58      25
     17      59      25
     17      60      25
     17      61      25
     17      62      25
     17      63      25
     17      64      25
     17      65      25
     17      66      25
     17      67      25
     17      68      25
     17      69      25
     17      70      25
     17      71      25
     18      58      25
     18      59      25
     18      60      25
     18      61      25
     18      62      25
     18      63      25
     18      64      25
     18      65      25
     18      66      25
     18      67      25
     18      68      25
     18      69      25
     18      70      25
     18      71      25
     19      58      25
     19      59      25
     19      60      25
     19      61      25
     19      62      25
     19      63      25
     19      64      25
     19      65      25
     19      66      25
     19      67      25
     19      68      25
     19      69      25
     19      70      25
     19      71      25
     20      58      25
     20      59      25
     20      60      25
     20      61      25
     20      62      25
     20      63      25
     20      64      25
     20      65      25
     20      66      25
     20      67      25
     20      68      25
     20      69      25
     20      70      25
     20      71      25
     21      58      25
     21      59      25
     21      60      25
     21      61      25
     21      62      25
     21      63      25
     21      64      25
     21      65      25
     21      66      25
     21      67      25
     21      68      25
     21      69      25
     21      70      25
     21      71      25
     22      58      25
     22      59      25
     22      60      25
     22      61      25
     22      62      25
     22      63      25
     22      64      25
     22      65      25
     22      66      25
     22      67      25
     22      68      25
     22      69      25
     22      70      25
     22      71      25
     23      58      25
     23      59      25
     23      60      25
     23      61      25
     23      62      25
     23      63      25
     23      64      25
     23      65      25
     23      66      25
     23      67      25
     23      68      25
     23      69      25
     23      70      25
     23      71      25
     24      58      25
     24      59      25
     24      60      25
     24      61      25
     24      62      25
     24      63      25
     24      64      25
     24      65      25
     24      66      25
     24      67      25
     24      68      25
     24      69      25
     24      70      25
     24      71      25
     25      58      25
     25      59      25
     25      60      25
     25      61      25
     25      62      25
     25      63      25
     25      64      25
     25      65      25
     25      66      25
     25      67      25
     25      68      25
     25      69      25
     25      70      25
     25      71      25
     26      60      25
     26      61      25
     26      62      25
     26      63      25
     26      64      25
     26      65      25
     26      66      25
     26      67      25
     26      68      25
     26      69      25
     27      60      25
     27      61      25
     27      62      25
     27      63      25
     27      64      25
     27      65      25
     27      66      25
     27      67      25
     27      68      25
     27      69      25
     34      60      25
     34      61      25
     34      62      25
     34      63      25
     34      64      25
     34      65      25
     34      66      25
     34      67      25
     34      68      25
     34      69      25
     35      60      25
     35      61      25
     35      62      25
     35      63      25
     35      64      25
     35      65      25
     35      66      25
     35      67      25
     35      68      25
     35      69      25
     36      58      25
     36      59      25
     36      60      25
     36      61      25
     36      62      25
     36      63      25
     36      64      25
     36      65      25
     36      66      25
     36      67      25
     36      68      25
     36      69      25
     36      70      25
     36      71      25
     37      58      25
     37      59      25
     37      60      25
     37      61      25
     37      62      25
     37      63      25
     37      64      25
     37      65      25
     37      66      25
     37      67      25
     37      68      25
     37      69      25
     37      70      25
     37      71      25
     38      58      25
     38      59      25
     38      60      25
     38      61      25
     38      62      25
     38      63      25
     38      64      25
     38      65      25
     38      66      25
     38      67      25
     38      68      25
     38      69      25
     38      70      25
     38      71      25
     39      58      25
     39      59      25
     39      60      25
     39      61      25
     39      62      25
     39      63      25
     39      64      25
     39      65      25
     39      66      25
     39      67      25
     39      68      25
     39      69      25
     39      70      25
     39      71      25
     40      58      25
     40      59      25
     40      60      25
     40      61      25
     40      62      25
     40      63      25
     40      64      25
     40      65      25
     40      66      25
     40      67      25
     40      68      25
     40      69      25
     40      70      25
     40      71      25
     41      58      25
     41      59      25
     41      60      25
     41      61      25
     41      62      25
     41      63      25
     41      64      25
     41      65      25
     41      66      25
     41      67      25
     41      68      25
     41      69      25
     41      70      25
     41      71      25
     42      58      25
     42      59      25
     42      60      25
     42      61      25
     42      62      25
     42      63      25
     42      64      25
     42      65      25
     42      66      25
     42      67      25
     42      68      25
     42      69      25
     42      70      25
     42      71      25
     43      58      25
     43      59      25
     43      60      25
     43      61      25
     43      62      25
     43      63      25
     43      64      25
     43      65      25
     43      66      25
     43      67      25
     43      68      25
     43      69      25
     43      70      25
     43      71      25
     44      58      25
     44      59      25
     44      60      25
     44      61      25
     44      62      25
     44      63      25
     44      64      25
     44      65      25
     44      66      25
     44      67      25
     44      68      25
     44      69      25
     44      70      25
     44      71      25
     45      58      25
     45      59      25
     45      60      25
     45      61      25
     45      62      25
     45      63      25
     45      64      25
     45      65      25
     45      66      25
     45      67      25
     45      68      25
     45      69      25
     45      70      25
     45      71      25
     46      60      25
     46      61      25
     46      62      25
     46      63      25
     46      64      25
     46      65      25
     46      66      25
     46      67      25
     46      68      25
     46      69      25
     47      60      25
     47      61      25
     47      62      25
     47      63      25
     47      64      25
     47      65      25
     47      66      25
     47      67      25
     47      68      25
     47      69      25
     52      62      25
     52      63      25
     52      64      25
     52      65      25
     52      66      25
     52      67      25
     53      62      25
     53      63      25
     53      64      25
     53      65      25
     53      66      25
     53      67      25
     54      58      25
     54      59      25
     54      60      25
     54      61      25
     54      62      25
     54      63      25
     54      64      25
     54      65      25
     54      66      25
     54      67      25
     54      68      25
     54      69      25
     54      70      25
     54      71      25
     55      58      25
     55      59      25
     55      60      25
     55      61      25
     55      62      25
     55      63      25
     55      64      25
     55      65      25
     55      66      25
     55      67      25
     55      68      25
     55      69      25
     55      70      25
     55      71      25
     56      58      25
     56      59      25
     56      60      25
     56      61      25
     56      62      25
     56      63      25
     56      64      25
     56      65      25
     56      66      25
     56      67      25
     56      68      25
     56      69      25
     56      70      25
     56      71      25
     57      58      25
     57      59      25
     57      60      25
     57      61      25
     57      62      25
     57      63      25
     57      64      25
     57      65      25
     57      66      25
     57      67      25
     57      68      25
     57      69      25
     57      70      25
     57      71      25
     58      56      25
     58      57      25
     58      58      25
     58      59      25
     58      60      25
     58      61      25
     58      62      25
     58      63      25
     58      64      25
     58      65      25
     58      66      25
     58      67      25
     58      68      25
     58      69      25
     58      70      25
     58      71      25
     58      72      25
     58      73      25
     59      56      25
     59      57      25
     59      58      25
     59      59      25
     59      60      25
     59      61      25
     59      62      25
     59      63      25
     59      64      25
     59      65      25
     59      66      25
     59      67      25
     59      68      25
     59      69      25
     59      70      25
     59      71      25
     59      72      25
     59      73      25
     60      56      25
     60      57      25
     60      58      25
     60      59      25
     60      60      25
     60      61      25
     60      62      25
     60      63      25
     60      64      25
     60      65      25
     60      66      25
     60      67      25
     60      68      25
     60      69      25
     60      70      25
     60      71      25
     60      72      25
     60      73      25
     61      56      25
     61      57      25
     61      58      25
     61      59      25
     61      60      25
     61      61      25
     61      62      25
     61      63      25
     61      64      25
     61      65      25
     61      66      25
     61      67      25
     61      68      25
     61      69      25
     61      70      25
     61      71      25
     61      72      25
     61      73      25
     62      56      25
     62      57      25
     62      58      25
     62      59      25
     62      60      25
     62      61      25
     62      62      25
     62      63      25
     62      64      25
     62      65      25
     62      66      25
     62      67      25
     62      68      25
     62      69      25
     62      70      25
     62      71      25
     62      72      25
     62      73      25
     63      56      25
     63      57      25
     63      58      25
     63      59      25
     63      60      25
     63      61      25
     63      62      25
     63      63      25
     63      64      25
     63      65      25
     63      66      25
     63      67      25
     63      68      25
     63      69      25
     63      70      25
     63      71      25
     63      72      25
     63      73      25
     64      58      25
     64      59      25
     64      60      25
     64      61      25
     64      62      25
     64      63      25
     64      64      25
     64      65      25
     64      66      25
     64      67      25
     64      68      25
     64      69      25
     64      70      25
     64      71      25
     65      58      25
     65      59      25
     65      60      25
     65      61      25
     65      62      25
     65      63      25
     65      64      25
     65      65      25
     65      66      25
     65      67      25
     65      68      25
     65      69      25
     65      70      25
     65      71      25
     66      58      25
     66      59      25
     66      60      25
     66      61      25
     66      62      25
     66      63      25
     66      64      25
     66      65      25
     66      66      25
     66      67      25
     66      68      25
     66      69      25
     66      70      25
     66      71      25
     67      58      25
     67      59      25
     67      60      25
     67      61      25
     67      62      25
     67      63      25
     67      64      25
     67      65      25
     67      66      25
     67      67      25
     67      68      25
     67      69      25
     67      70      25
     67      71      25
     68      62      25
     68      63      25
     68      64      25
     68      65      25
     68      66      25
     68      67      25
     69      62      25
     69      63      25
     69      64      25
     69      65      25
     69      66      25
     69      67      25
     80      64      25
     80      65      25
     81      64      25
     81      65      25
     82      64      25
     82      65      25
     83      64      25
     83      65      25
     14      64      26
     14      65      26
     15      64      26
     15      65      26
     16      60      26
     16      61      26
     16      62      26
     16      63      26
     16      64      26
     16      65      26
     16      66      26
     16      67      26
     16      68      26
     16      69      26
     17      60      26
     17      61      26
     17      62      26
     17      63      26
     17      64      26
     17      65      26
     17      66      26
     17      67      26
     17      68      26
     17      69      26
     18      60      26
     18      61      26
     18      62      26
     18      63      26
     18      64      26
     18      65      26
     18      66      26
     18      67      26
     18      68      26
     18      69      26
     19      60      26
     19      61      26
     19      62      26
     19      63      26
     19      64      26
     19      65      26
     19      66      26
     19      67      26
     19      68      26
     19      69      26
     20      58      26
     20      59      26
     20      60      26
     20      61      26
     20      62      26
     20      63      26
     20      64      26
     20      65      26
     20      66      26
     20      67      26
     20      68      26
     20      69      26
     20      70      26
     20      71      26
     21      58      26
     21      59      26
     21      60      26
     21      61      26
     21      62      26
     21      63      26
     21      64      26
     21      65      26
     21      66      26
     21      67      26
     21      68      26
     21      69      26
     21      70      26
     21      71      26
     22      60      26
     22      61      26
     22      62      26
     22      63      26
     22      64      26
     22      65      26
     22      66      26
     22      67      26
     22      68      26
     22      69      26
     23      60      26
     23      61      26
     23      62      26
     23      63      26
     23      64      26
     23      65      26
     23      66      26
     23      67      26
     23      68      26
     23      69      26
     24      60      26
     24      61      26
     24      62      26
     24      63      26
     24      64      26
     24      65      26
     24      66      26
     24      67      26
     24      68      26
     24      69      26
     25      60      26
     25      61      26
     25      62      26
     25      63      26
     25      64      26
     25      65      26
     25      66      26
     25      67      26
     25      68      26
     25      69      26
     26      64      26
     26      65      26
     27      64      26
     27      65      26
     34      62      26
     34      63      26
     34      64      26
     34      65      26
     34      66      26
     34      67      26
     35      62      26
     35      63      26
     35      64      26
     35      65      26
     35      66      26
     35      67      26
     36      60      26
     36      61      26
     36      62      26
     36      63      26
     36      64      26
     36      65      26
     36      66      26
     36      67      26
     36      68      26
     36      69      26
     37      60      26
     37      61      26
     37      62      26
     37      63      26
     37      64      26
     37      65      26
     37      66      26
     37      67      26
     37      68      26
     37      69      26
     38      58      26
     38      59      26
     38      60      26
     38      61      26
     38      62      26
     38      63      26
     38      64      26
     38      65      26
     38      66      26
     38      67      26
     38      68      26
     38      69      26
     38      70      26
     38      71      26
     39      58      26
     39      59      26
     39      60      26
     39      61      26
     39      62      26
     39      63      26
     39      64      26
     39      65      26
     39      66      26
     39      67      26
     39      68      26
     39      69      26
     39      70      26
     39      71      26
     40      58      26
     40      59      26
     40      60      26
     40      61      26
     40      62      26
     40      63      26
     40      64      26
     40      65      26
     40      66      26
     40      67      26
     40      68      26
     40      69      26
     40      70      26
     40      71      26
     41      58      26
     41      59      26
     41      60      26
     41      61      26
     41      62      26
     41      63      26
     41      64      26
     41      65      26
     41      66      26
     41      67      26
     41      68      26
     41      69      26
     41      70      26
     41      71      26
     42      58      26
     42      59      26
     42      60      26
     42      61      26
     42      62      26
     42      63      26
     42      64      26
     42      65      26
     42      66      26
     42      67      26
     42      68      26
     42      69      26
     42      70      26
     42      71      26
     43      58      26
     43      59      26
     43      60      26
     43      61      26
     43      62      26
     43      63      26
     43      64      26
     43      65      26
     43      66      26
     43      67      26
     43      68      26
     43      69      26
     43      70      26
     43      71      26
     44      58      26
     44      59      26
     44      60      26
     44      61      26
     44      62      26
     44      63      26
     44      64      26
     44      65      26
     44      66      26
     44      67      26
     44      68      26
     44      69      26
     44      70      26
     44      71      26
     45      58      26
     45      59      26
     45      60      26
     45      61      26
     45      62      26
     45      63      26
     45      64      26
     45      65      26
     45      66      26
     45      67      26
     45      68      26
     45      69      26
     45      70      26
     45      71      26
     46      62      26
     46      63      26
     46      64      26
     46      65      26
     46      66      26
     46      67      26
     47      62      26
     47      63      26
     47      64      26
     47      65      26
     47      66      26
     47      67      26
     52      62      26
     52      63      26
     52      64      26
     52      65      26
     52      66      26
     52      67      26
     53      62      26
     53      63      26
     53      64      26
     53      65      26
     53      66      26
     53      67      26
     54      58      26
     54      59      26
     54      60      26
     54      61      26
     54      62      26
     54      63      26
     54      64      26
     54      65      26
     54      66      26
     54      67      26
     54      68      26
     54      69      26
     54      70      26
     54      71      26
     55      58      26
     55      59      26
     55      60      26
     55      61      26
     55      62      26
     55      63      26
     55      64      26
     55      65      26
     55      66      26
     55      67      26
     55      68      26
     55      69      26
     55      70      26
     55      71      26
     56      58      26
     56      59      26
     56      60      26
     56      61      26
     56      62      26
     56      63      26
     56      64      26
     56      65      26
     56      66      26
     56      67      26
     56      68      26
     56      69      26
     56      70      26
     56      71      26
     57      58      26
     57      59      26
     57      60      26
     57      61      26
     57      62      26
     57      63      26
     57      64      26
     57      65      26
     57      66      26
     57      67      26
     57      68      26
     57      69      26
     57      70      26
     57      71      26
     58      56      26
     58      57      26
     58      58      26
     58      59      26
     58      60      26
     58      61      26
     58      62      26
     58      63      26
     58      64      26
     58      65      26
     58      66      26
     58      67      26
     58      68      26
     58      69      26
     58      70      26
     58      71      26
     58      72      26
     58      73      26
     59      56      26
     59      57      26
     59      58      26
     59      59      26
     59      60      26
     59      61      26
     59      62      26
     59      63      26
     59      64      26
     59      65      26
     59      66      26
     59      67      26
     59      68      26
     59      69      26
     59      70      26
     59      71      26
     59      72      26
     59      73      26
     60      56      26
     60      57      26
     60      58      26
     60      59      26
     60      60      26
     60      61      26
     60      62      26
     60      63      26
     60      64      26
     60      65      26
     60      66      26
     60      67      26
     60      68      26
     60      69      26
     60      70      26
     60      71      26
     60      72      26
     60      73      26
     61      56      26
     61      57      26
     61      58      26
     61      59      26
     61      60      26
     61      61      26
     61      62      26
     61      63      26
     61      64      26
     61      65      26
     61      66      26
     61      67      26
     61      68      26
     61      69      26
     61      70      26
     61      71      26
     61      72      26
     61      73      26
     62      56      26
     62      57      26
     62      58      26
     62      59      26
     62      60      26
     62      61      26
     62      62      26
     62      63      26
     62      64      26
     62      65      26
     62      66      26
     62      67      26
     62      68      26
     62      69      26
     62      70      26
     62      71      26
     62      72      26
     62      73      26
     63      56      26
     63      57      26
     63      58      26
     63      59      26
     63      60      26
     63      61      26
     63      62      26
     63      63      26
     63      64      26
     63      65      26
     63      66      26
     63      67      26
     63      68      26
     63      69      26
     63      70      26
     63      71      26
     63      72      26
     63      73      26
     64      58      26
     64      59      26
     64      60      26
     64      61      26
     64      62      26
     64      63      26
     64      64      26
     64      65      26
     64      66      26
     64      67      26
     64      68      26
     64      69      26
     64      70      26
     64      71      26
     65      58      26
     65      59      26
     65      60      26
     65      61      26
     65      62      26
     65      63      26
     65      64      26
     65      65      26
     65      66      26
     65      67      26
     65      68      26
     65      69      26
     65      70      26
     65      71      26
     66      58      26
     66      59      26
     66      60      26
     66      61      26
     66      62      26
     66      63      26
     66      64      26
     66      65      26
     66      66      26
     66      67      26
     66      68      26
     66      69      26
     66      70      26
     66      71      26
     67      58      26
     67      59      26
     67      60      26
     67      61      26
     67      62      26
     67      63      26
     67      64      26
     67      65      26
     67      66      26
     67      67      26
     67      68      26
     67      69      26
     67      70      26
     67      71      26
     68      62      26
     68      63      26
     68      64      26
     68      65      26
     68      66      26
     68      67      26
     69      62      26
     69      63      26
     69      64      26
     69      65      26
     69      66      26
     69      67      26
     14      64      27
     14      65      27
     15      64      27
     15      65      27
     16      60      27
     16      61      27
     16      62      27
     16      63      27
     16      64      27
     16      65      27
     16      66      27
     16      67      27
     16      68      27
     16      69      27
     17      60      27
     17      61      27
     17      62      27
     17      63      27
     17      64      27
     17      65      27
     17      66      27
     17      67      27
     17      68      27
     17      69      27
     18      60      27
     18      61      27
     18      62      27
     18      63      27
     18      64      27
     18      65      27
     18      66      27
     18      67      27
     18      68      27
     18      69      27
     19      60      27
     19      61      27
     19      62      27
     19      63      27
     19      64      27
     19      65      27
     19      66      27
     19      67      27
     19      68      27
     19      69      27
     20      58      27
     20      59      27
     20      60      27
     20      61      27
     20      62      27
     20      63      27
     20      64      27
     20      65      27
     20      66      27
     20      67      27
     20      68      27
     20      69      27
     20      70      27
     20      71      27
     21      58      27
     21      59      27
     21      60      27
     21      61      27
     21      62      27
     21      63      27
     21      64      27
     21      65      27
     21      66      27
     21      67      27
     21      68      27
     21      69      27
     21      70      27
     21      71      27
     22      60      27
     22      61      27
     22      62      27
     22      63      27
     22      64      27
     22      65      27
     22      66      27
     22      67      27
     22      68      27
     22      69      27
     23      60      27
     23      61      27
     23      62      27
     23      63      27
     23      64      27
     23      65      27
     23      66      27
     23      67      27
     23      68      27
     23      69      27
     24      60      27
     24      61      27
     24      62      27
     24      63      27
     24      64      27
     24      65      27
     24      66      27
     24      67      27
     24      68      27
     24      69      27
     25      60      27
     25      61      27
     25      62      27
     25      63      27
     25      64      27
     25      65      27
     25      66      27
     25      67      27
     25      68      27
     25      69      27
     26      64      27
     26      65      27
     27      64      27
     27      65      27
     34      62      27
     34      63      27
     34      64      27
     34      65      27
     34      66      27
     34      67      27
     35      62      27
     35      63      27
     35      64      27
     35      65      27
     35      66      27
     35      67      27
     36      60      27
     36      61      27
     36      62      27
     36      63      27
     36      64      27
     36      65      27
     36      66      27
     36      67      27
     36      68      27
     36      69      27
     37      60      27
     37      61      27
     37      62      27
     37      63      27
     37      64      27
     37      65      27
     37      66      27
     37      67      27
     37      68      27
     37      69      27
     38      58      27
     38      59      27
     38      60      27
     38      61      27
     38      62      27
     38      63      27
     38      64      27
     38      65      27
     38      66      27
     38      67      27
     38      68      27
     38      69      27
     38      70      27
     38      71      27
     39      58      27
     39      59      27
     39      60      27
     39      61      27
     39      62      27
     39      63      27
     39      64      27
     39      65      27
     39      66      27
     39      67      27
     39      68      27
     39      69      27
     39      70      27
     39      71      27
     40      58      27
     40      59      27
     40      60      27
     40      61      27
     40      62      27
     40      63      27
     40      64      27
     40      65      27
     40      66      27
     40      67      27
     40      68      27
     40      69      27
     40      70      27
     40      71      27
     41      58      27
     41      59      27
     41      60      27
     41      61      27
     41      62      27
     41      63      27
     41      64      27
     41      65      27
     41      66      27
     41      67      27
     41      68      27
     41      69      27
     41      70      27
     41      71      27
     42      58      27
     42      59      27
     42      60      27
     42      61      27
     42      62      27
     42      63      27
     42      64      27
     42      65      27
     42      66      27
     42      67      27
     42      68      27
     42      69      27
     42      70      27
     42      71      27
     43      58      27
     43      59      27
     43      60      27
     43      61      27
     43      62      27
     43      63      27
     43      64      27
     43      65      27
     43      66      27
     43      67      27
     43      68      27
     43      69      27
     43      70      27
     43      71      27
     44      58      27
     44      59      27
     44      60      27
     44      61      27
     44      62      27
     44      63      27
     44      64      27
     44      65      27
     44      66      27
     44      67      27
     44      68      27
     44      69      27
     44      70      27
     44      71      27
     45      58      27
     45      59      27
     45      60      27
     45      61      27
     45      62      27
     45      63      27
     45      64      27
     45      65      27
     45      66      27
     45      67      27
     45      68      27
     45      69      27
     45      70      27
     45      71      27
     46      62      27
     46      63      27
     46      64      27
     46      65      27
     46      66      27
     46      67      27
     47      62      27
     47      63      27
     47      64      27
     47      65      27
     47      66      27
     47      67      27
     52      62      27
     52      63      27
     52      64      27
     52      65      27
     52      66      27
     52      67      27
     53      62      27
     53      63      27
     53      64      27
     53      65      27
     53      66      27
     53      67      27
     54      58      27
     54      59      27
     54      60      27
     54      61      27
     54      62      27
     54      63      27
     54      64      27
     54      65      27
     54      66      27
     54      67      27
     54      68      27
     54      69      27
     54      70      27
     54      71      27
     55      58      27
     55      59      27
     55      60      27
     55      61      27
     55      62      27
     55      63      27
     55      64      27
     55      65      27
     55      66      27
     55      67      27
     55      68      27
     55      69      27
     55      70      27
     55      71      27
     56      58      27
     56      59      27
     56      60      27
     56      61      27
     56      62      27
     56      63      27
     56      64      27
     56      65      27
     56      66      27
     56      67      27
     56      68      27
     56      69      27
     56      70      27
     56      71      27
     57      58      27
     57      59      27
     57      60      27
     57      61      27
     57      62      27
     57      63      27
     57      64      27
     57      65      27
     57      66      27
     57      67      27
     57      68      27
     57      69      27
     57      70      27
     57      71      27
     58      56      27
     58      57      27
     58      58      27
     58      59      27
     58      60      27
     58      61      27
     58      62      27
     58      63      27
     58      64      27
     58      65      27
     58      66      27
     58      67      27
     58      68      27
     58      69      27
     58      70      27
     58      71      27
     58      72      27
     58      73      27
     59      56      27
     59      57      27
     59      58      27
     59      59      27
     59      60      27
     59      61      27
     59      62      27
     59      63      27
     59      64      27
     59      65      27
     59      66      27
     59      67      27
     59      68      27
     59      69      27
     59      70      27
     59      71      27
     59      72      27
     59      73      27
     60      56      27
     60      57      27
     60      58      27
     60      59      27
     60      60      27
     60      61      27
     60      62      27
     60      63      27
     60      64      27
     60      65      27
     60      66      27
     60      67      27
     60      68      27
     60      69      27
     60      70      27
     60      71      27
     60      72      27
     60      73      27
     61      56      27
     61      57      27
     61      58      27
     61      59      27
     61      60      27
     61      61      27
     61      62      27
     61      63      27
     61      64      27
     61      65      27
     61      66      27
     61      67      27
     61      68      27
     61      69      27
     61      70      27
     61      71      27
     61      72      27
     61      73      27
     62      56      27
     62      57      27
     62      58      27
     62      59      27
     62      60      27
     62      61      27
     62      62      27
     62      63      27
     62      64      27
     62      65      27
     62      66      27
     62      67      27
     62      68      27
     62      69      27
     62      70      27
     62      71      27
     62      72      27
     62      73      27
     63      56      27
     63      57      27
     63      58      27
     63      59      27
     63      60      27
     63      61      27
     63      62      27
     63      63      27
     63      64      27
     63      65      27
     63      66      27
     63      67      27
     63      68      27
     63      69      27
     63      70      27
     63      71      27
     63      72      27
     63      73      27
     64      58      27
     64      59      27
     64      60      27
     64      61      27
     64      62      27
     64      63      27
     64      64      27
     64      65      27
     64      66      27
     64      67      27
     64      68      27
     64      69      27
     64      70      27
     64      71      27
     65      58      27
     65      59      27
     65      60      27
     65      61      27
     65      62      27
     65      63      27
     65      64      27
     65      65      27
     65      66      27
     65      67      27
     65      68      27
     65      69      27
     65      70      27
     65      71      27
     66      58      27
     66      59      27
     66      60      27
     66      61      27
     66      62      27
     66      63      27
     66      64      27
     66      65      27
     66      66      27
     66      67      27
     66      68      27
     66      69      27
     66      70      27
     66      71      27
     67      58      27
     67      59      27
     67      60      27
     67      61      27
     67      62      27
     67      63      27
     67      64      27
     67      65      27
     67      66      27
     67      67      27
     67      68      27
     67      69      27
     67      70      27
     67      71      27
     68      62      27
     68      63      27
     68      64      27
     68      65      27
     68      66      27
     68      67      27
     69      62      27
     69      63      27
     69      64      27
     69      65      27
     69      66      27
     69      67      27
     18      62      28
     18      63      28
     18      64      28
     18      65      28
     18      66      28
     18      67      28
     19      62      28
     19      63      28
     19      64      28
     19      65      28
     19      66      28
     19      67      28
     20      62      28
     20      63      28
     20      64      28
     20      65      28
     20      66      28
     20      67      28
     21      62      28
     21      63      28
     21      64      28
     21      65      28
     21      66      28
     21      67      28
     22      62      28
     22      63      28
     22      64      28
     22      65      28
     22      66      28
     22      67      28
     23      62      28
     23      63      28
     23      64      28
     23      65      28
     23      66      28
     23      67      28
     36      62      28
     36      63      28
     36      64      28
     36      65      28
     36      66      28
     36      67      28
     37      62      28
     37      63      28
     37      64      28
     37      65      28
     37      66      28
     37      67      28
     38      60      28
     38      61      28
     38      62      28
     38      63      28
     38      64      28
     38      65      28
     38      66      28
     38      67      28
     38      68      28
     38      69      28
     39      60      28
     39      61      28
     39      62      28
     39      63      28
     39      64      28
     39      65      28
     39      66      28
     39      67      28
     39      68      28
     39      69      28
     40      60      28
     40      61      28
     40      62      28
     40      63      28
     40      64      28
     40      65      28
     40      66      28
     40      67      28
     40      68      28
     40      69      28
     41      60      28
     41      61      28
     41      62      28
     41      63      28
     41      64      28
     41      65      28
     41      66      28
     41      67      28
     41      68      28
     41      69      28
     42      60      28
     42      61      28
     42      62      28
     42      63      28
     42      64      28
     42      65      28
     42      66      28
     42      67      28
     42      68      28
     42      69      28
     43      60      28
     43      61      28
     43      62      28
     43      63      28
     43      64      28
     43      65      28
     43      66      28
     43      67      28
     43      68      28
     43      69      28
     44      60      28
     44      61      28
     44      62      28
     44      63      28
     44      64      28
     44      65      28
     44      66      28
     44      67      28
     44      68      28
     44      69      28
     45      60      28
     45      61      28
     45      62      28
     45      63      28
     45      64      28
     45      65      28
     45      66      28
     45      67      28
     45      68      28
     45      69      28
     18      62      29
     18      63      29
     18      64      29
     18      65      29
     18      66      29
     18      67      29
     19      62      29
     19      63      29
     19      64      29
     19      65      29
     19      66      29
     19      67      29
     20      62      29
     20      63      29
     20      64      29
     20      65      29
     20      66      29
     20      67      29
     21      62      29
     21      63      29
     21      64      29
     21      65      29
     21      66      29
     21      67      29
     22      62      29
     22      63      29
     22      64      29
     22      65      29
     22      66      29
     22      67      29
     23      62      29
     23      63      29
     23      64      29
     23      65      29
     23      66      29
     23      67      29
     36      62      29
     36      63      29
     36      64      29
     36      65      29
     36      66      29
     36      67      29
     37      62      29
     37      63      29
     37      64      29
     37      65      29
     37      66      29
     37      67      29
     38      60      29
     38      61      29
     38      62      29
     38      63      29
     38      64      29
     38      65      29
     38      66      29
     38      67      29
     38      68      29
     38      69      29
     39      60      29
     39      61      29
     39      62      29
     39      63      29
     39      64      29
     39      65      29
     39      66      29
     39      67      29
     39      68      29
     39      69      29
     40      60      29
     40      61      29
     40      62      29
     40      63      29
     40      64      29
     40      65      29
     40      66      29
     40      67      29
     40      68      29
     40      69      29
     41      60      29
     41      61      29
     41      62      29
     41      63      29
     41      64      29
     41      65      29
     41      66      29
     41      67      29
     41      68      29
     41      69      29
     42      60      29
     42      61      29
     42      62      29
     42      63      29
     42      64      29
     42      65      29
     42      66      29
     42      67      29
     42      68      29
     42      69      29
     43      60      29
     43      61      29
     43      62      29
     43      63      29
     43      64      29
     43      65      29
     43      66      29
     43      67      29
     43      68      29
     43      69      29
     44      60      29
     44      61      29
     44      62      29
     44      63      29
     44      64      29
     44      65      29
     44      66      29
     44      67      29
     44      68      29
     44      69      29
     45      60      29
     45      61      29
     45      62      29
     45      63      29
     45      64      29
     45      65      29
     45      66      29
     45      67      29
     45      68      29
     45      69      29
     38      62      30
     38      63      30
     38      64      30
     38      65      30
     38      66      30
     38      67      30
     39      62      30
     39      63      30
     39      64      30
     39      65      30
     39      66      30
     39      67      30
     40      62      30
     40      63      30
     40      64      30
     40      65      30
     40      66      30
     40      67      30
     41      62      30
     41      63      30
     41      64      30
     41      65      30
     41      66      30
     41      67      30
     42      62      30
     42      63      30
     42      64      30
     42      65      30
     42      66      30
     42      67      30
     43      62      30
     43      63      30
     43      64      30
     43      65      30
     43      66      30
     43      67      30
     38      62      31
     38      63      31
     38      64      31
     38      65      31
     38      66      31
     38      67      31
     39      62      31
     39      63      31
     39      64      31
     39      65      31
     39      66      31
     39      67      31
     40      62      31
     40      63      31
     40      64      31
     40      65      31
     40      66      31
     40      67      31
     41      62      31
     41      63      31
     41      64      31
     41      65      31
     41      66      31
     41      67      31
     42      62      31
     42      63      31
     42      64      31
     42      65      31
     42      66      31
     42      67      31
     43      62      31
     43      63      31
     43      64      31
     43      65      31
     43      66      31
     43      67      31
