# position (i,j,k)
     15      15       7
     15      16       7
     15      17       7
     15      18       7
     15      31       7
     15      32       7
     15      33       7
     15      34       7
     15      47       7
     15      48       7
     15      49       7
     15      50       7
     15      63       7
     15      64       7
     15      65       7
     15      66       7
     15      79       7
     15      80       7
     15      81       7
     15      82       7
     15      95       7
     15      96       7
     15      97       7
     15      98       7
     15     111       7
     15     112       7
     15     113       7
     15     114       7
     16      15       7
     16      16       7
     16      17       7
     16      18       7
     16      31       7
     16      32       7
     16      33       7
     16      34       7
     16      47       7
     16      48       7
     16      49       7
     16      50       7
     16      63       7
     16      64       7
     16      65       7
     16      66       7
     16      79       7
     16      80       7
     16      81       7
     16      82       7
     16      95       7
     16      96       7
     16      97       7
     16      98       7
     16     111       7
     16     112       7
     16     113       7
     16     114       7
     17      15       7
     17      16       7
     17      17       7
     17      18       7
     17      31       7
     17      32       7
     17      33       7
     17      34       7
     17      47       7
     17      48       7
     17      49       7
     17      50       7
     17      63       7
     17      64       7
     17      65       7
     17      66       7
     17      79       7
     17      80       7
     17      81       7
     17      82       7
     17      95       7
     17      96       7
     17      97       7
     17      98       7
     17     111       7
     17     112       7
     17     113       7
     17     114       7
     18      15       7
     18      16       7
     18      17       7
     18      18       7
     18      31       7
     18      32       7
     18      33       7
     18      34       7
     18      47       7
     18      48       7
     18      49       7
     18      50       7
     18      63       7
     18      64       7
     18      65       7
     18      66       7
     18      79       7
     18      80       7
     18      81       7
     18      82       7
     18      95       7
     18      96       7
     18      97       7
     18      98       7
     18     111       7
     18     112       7
     18     113       7
     18     114       7
     31      15       7
     31      16       7
     31      17       7
     31      18       7
     31      31       7
     31      32       7
     31      33       7
     31      34       7
     31      47       7
     31      48       7
     31      49       7
     31      50       7
     31      63       7
     31      64       7
     31      65       7
     31      66       7
     31      79       7
     31      80       7
     31      81       7
     31      82       7
     31      95       7
     31      96       7
     31      97       7
     31      98       7
     31     111       7
     31     112       7
     31     113       7
     31     114       7
     32      15       7
     32      16       7
     32      17       7
     32      18       7
     32      31       7
     32      32       7
     32      33       7
     32      34       7
     32      47       7
     32      48       7
     32      49       7
     32      50       7
     32      63       7
     32      64       7
     32      65       7
     32      66       7
     32      79       7
     32      80       7
     32      81       7
     32      82       7
     32      95       7
     32      96       7
     32      97       7
     32      98       7
     32     111       7
     32     112       7
     32     113       7
     32     114       7
     33      15       7
     33      16       7
     33      17       7
     33      18       7
     33      31       7
     33      32       7
     33      33       7
     33      34       7
     33      47       7
     33      48       7
     33      49       7
     33      50       7
     33      63       7
     33      64       7
     33      65       7
     33      66       7
     33      79       7
     33      80       7
     33      81       7
     33      82       7
     33      95       7
     33      96       7
     33      97       7
     33      98       7
     33     111       7
     33     112       7
     33     113       7
     33     114       7
     34      15       7
     34      16       7
     34      17       7
     34      18       7
     34      31       7
     34      32       7
     34      33       7
     34      34       7
     34      47       7
     34      48       7
     34      49       7
     34      50       7
     34      63       7
     34      64       7
     34      65       7
     34      66       7
     34      79       7
     34      80       7
     34      81       7
     34      82       7
     34      95       7
     34      96       7
     34      97       7
     34      98       7
     34     111       7
     34     112       7
     34     113       7
     34     114       7
     47      15       7
     47      16       7
     47      17       7
     47      18       7
     47      31       7
     47      32       7
     47      33       7
     47      34       7
     47      47       7
     47      48       7
     47      49       7
     47      50       7
     47      63       7
     47      64       7
     47      65       7
     47      66       7
     47      79       7
     47      80       7
     47      81       7
     47      82       7
     47      95       7
     47      96       7
     47      97       7
     47      98       7
     47     111       7
     47     112       7
     47     113       7
     47     114       7
     48      15       7
     48      16       7
     48      17       7
     48      18       7
     48      31       7
     48      32       7
     48      33       7
     48      34       7
     48      47       7
     48      48       7
     48      49       7
     48      50       7
     48      63       7
     48      64       7
     48      65       7
     48      66       7
     48      79       7
     48      80       7
     48      81       7
     48      82       7
     48      95       7
     48      96       7
     48      97       7
     48      98       7
     48     111       7
     48     112       7
     48     113       7
     48     114       7
     49      15       7
     49      16       7
     49      17       7
     49      18       7
     49      31       7
     49      32       7
     49      33       7
     49      34       7
     49      47       7
     49      48       7
     49      49       7
     49      50       7
     49      63       7
     49      64       7
     49      65       7
     49      66       7
     49      79       7
     49      80       7
     49      81       7
     49      82       7
     49      95       7
     49      96       7
     49      97       7
     49      98       7
     49     111       7
     49     112       7
     49     113       7
     49     114       7
     50      15       7
     50      16       7
     50      17       7
     50      18       7
     50      31       7
     50      32       7
     50      33       7
     50      34       7
     50      47       7
     50      48       7
     50      49       7
     50      50       7
     50      63       7
     50      64       7
     50      65       7
     50      66       7
     50      79       7
     50      80       7
     50      81       7
     50      82       7
     50      95       7
     50      96       7
     50      97       7
     50      98       7
     50     111       7
     50     112       7
     50     113       7
     50     114       7
     63      15       7
     63      16       7
     63      17       7
     63      18       7
     63      31       7
     63      32       7
     63      33       7
     63      34       7
     63      47       7
     63      48       7
     63      49       7
     63      50       7
     63      63       7
     63      64       7
     63      65       7
     63      66       7
     63      79       7
     63      80       7
     63      81       7
     63      82       7
     63      95       7
     63      96       7
     63      97       7
     63      98       7
     63     111       7
     63     112       7
     63     113       7
     63     114       7
     64      15       7
     64      16       7
     64      17       7
     64      18       7
     64      31       7
     64      32       7
     64      33       7
     64      34       7
     64      47       7
     64      48       7
     64      49       7
     64      50       7
     64      63       7
     64      64       7
     64      65       7
     64      66       7
     64      79       7
     64      80       7
     64      81       7
     64      82       7
     64      95       7
     64      96       7
     64      97       7
     64      98       7
     64     111       7
     64     112       7
     64     113       7
     64     114       7
     65      15       7
     65      16       7
     65      17       7
     65      18       7
     65      31       7
     65      32       7
     65      33       7
     65      34       7
     65      47       7
     65      48       7
     65      49       7
     65      50       7
     65      63       7
     65      64       7
     65      65       7
     65      66       7
     65      79       7
     65      80       7
     65      81       7
     65      82       7
     65      95       7
     65      96       7
     65      97       7
     65      98       7
     65     111       7
     65     112       7
     65     113       7
     65     114       7
     66      15       7
     66      16       7
     66      17       7
     66      18       7
     66      31       7
     66      32       7
     66      33       7
     66      34       7
     66      47       7
     66      48       7
     66      49       7
     66      50       7
     66      63       7
     66      64       7
     66      65       7
     66      66       7
     66      79       7
     66      80       7
     66      81       7
     66      82       7
     66      95       7
     66      96       7
     66      97       7
     66      98       7
     66     111       7
     66     112       7
     66     113       7
     66     114       7
     79      15       7
     79      16       7
     79      17       7
     79      18       7
     79      31       7
     79      32       7
     79      33       7
     79      34       7
     79      47       7
     79      48       7
     79      49       7
     79      50       7
     79      63       7
     79      64       7
     79      65       7
     79      66       7
     79      79       7
     79      80       7
     79      81       7
     79      82       7
     79      95       7
     79      96       7
     79      97       7
     79      98       7
     79     111       7
     79     112       7
     79     113       7
     79     114       7
     80      15       7
     80      16       7
     80      17       7
     80      18       7
     80      31       7
     80      32       7
     80      33       7
     80      34       7
     80      47       7
     80      48       7
     80      49       7
     80      50       7
     80      63       7
     80      64       7
     80      65       7
     80      66       7
     80      79       7
     80      80       7
     80      81       7
     80      82       7
     80      95       7
     80      96       7
     80      97       7
     80      98       7
     80     111       7
     80     112       7
     80     113       7
     80     114       7
     81      15       7
     81      16       7
     81      17       7
     81      18       7
     81      31       7
     81      32       7
     81      33       7
     81      34       7
     81      47       7
     81      48       7
     81      49       7
     81      50       7
     81      63       7
     81      64       7
     81      65       7
     81      66       7
     81      79       7
     81      80       7
     81      81       7
     81      82       7
     81      95       7
     81      96       7
     81      97       7
     81      98       7
     81     111       7
     81     112       7
     81     113       7
     81     114       7
     82      15       7
     82      16       7
     82      17       7
     82      18       7
     82      31       7
     82      32       7
     82      33       7
     82      34       7
     82      47       7
     82      48       7
     82      49       7
     82      50       7
     82      63       7
     82      64       7
     82      65       7
     82      66       7
     82      79       7
     82      80       7
     82      81       7
     82      82       7
     82      95       7
     82      96       7
     82      97       7
     82      98       7
     82     111       7
     82     112       7
     82     113       7
     82     114       7
     95      15       7
     95      16       7
     95      17       7
     95      18       7
     95      31       7
     95      32       7
     95      33       7
     95      34       7
     95      47       7
     95      48       7
     95      49       7
     95      50       7
     95      63       7
     95      64       7
     95      65       7
     95      66       7
     95      79       7
     95      80       7
     95      81       7
     95      82       7
     95      95       7
     95      96       7
     95      97       7
     95      98       7
     95     111       7
     95     112       7
     95     113       7
     95     114       7
     96      15       7
     96      16       7
     96      17       7
     96      18       7
     96      31       7
     96      32       7
     96      33       7
     96      34       7
     96      47       7
     96      48       7
     96      49       7
     96      50       7
     96      63       7
     96      64       7
     96      65       7
     96      66       7
     96      79       7
     96      80       7
     96      81       7
     96      82       7
     96      95       7
     96      96       7
     96      97       7
     96      98       7
     96     111       7
     96     112       7
     96     113       7
     96     114       7
     97      15       7
     97      16       7
     97      17       7
     97      18       7
     97      31       7
     97      32       7
     97      33       7
     97      34       7
     97      47       7
     97      48       7
     97      49       7
     97      50       7
     97      63       7
     97      64       7
     97      65       7
     97      66       7
     97      79       7
     97      80       7
     97      81       7
     97      82       7
     97      95       7
     97      96       7
     97      97       7
     97      98       7
     97     111       7
     97     112       7
     97     113       7
     97     114       7
     98      15       7
     98      16       7
     98      17       7
     98      18       7
     98      31       7
     98      32       7
     98      33       7
     98      34       7
     98      47       7
     98      48       7
     98      49       7
     98      50       7
     98      63       7
     98      64       7
     98      65       7
     98      66       7
     98      79       7
     98      80       7
     98      81       7
     98      82       7
     98      95       7
     98      96       7
     98      97       7
     98      98       7
     98     111       7
     98     112       7
     98     113       7
     98     114       7
    111      15       7
    111      16       7
    111      17       7
    111      18       7
    111      31       7
    111      32       7
    111      33       7
    111      34       7
    111      47       7
    111      48       7
    111      49       7
    111      50       7
    111      63       7
    111      64       7
    111      65       7
    111      66       7
    111      79       7
    111      80       7
    111      81       7
    111      82       7
    111      95       7
    111      96       7
    111      97       7
    111      98       7
    111     111       7
    111     112       7
    111     113       7
    111     114       7
    112      15       7
    112      16       7
    112      17       7
    112      18       7
    112      31       7
    112      32       7
    112      33       7
    112      34       7
    112      47       7
    112      48       7
    112      49       7
    112      50       7
    112      63       7
    112      64       7
    112      65       7
    112      66       7
    112      79       7
    112      80       7
    112      81       7
    112      82       7
    112      95       7
    112      96       7
    112      97       7
    112      98       7
    112     111       7
    112     112       7
    112     113       7
    112     114       7
    113      15       7
    113      16       7
    113      17       7
    113      18       7
    113      31       7
    113      32       7
    113      33       7
    113      34       7
    113      47       7
    113      48       7
    113      49       7
    113      50       7
    113      63       7
    113      64       7
    113      65       7
    113      66       7
    113      79       7
    113      80       7
    113      81       7
    113      82       7
    113      95       7
    113      96       7
    113      97       7
    113      98       7
    113     111       7
    113     112       7
    113     113       7
    113     114       7
    114      15       7
    114      16       7
    114      17       7
    114      18       7
    114      31       7
    114      32       7
    114      33       7
    114      34       7
    114      47       7
    114      48       7
    114      49       7
    114      50       7
    114      63       7
    114      64       7
    114      65       7
    114      66       7
    114      79       7
    114      80       7
    114      81       7
    114      82       7
    114      95       7
    114      96       7
    114      97       7
    114      98       7
    114     111       7
    114     112       7
    114     113       7
    114     114       7
     15      15       8
     15      16       8
     15      17       8
     15      18       8
     15      31       8
     15      32       8
     15      33       8
     15      34       8
     15      47       8
     15      48       8
     15      49       8
     15      50       8
     15      63       8
     15      64       8
     15      65       8
     15      66       8
     15      79       8
     15      80       8
     15      81       8
     15      82       8
     15      95       8
     15      96       8
     15      97       8
     15      98       8
     15     111       8
     15     112       8
     15     113       8
     15     114       8
     16      15       8
     16      16       8
     16      17       8
     16      18       8
     16      31       8
     16      32       8
     16      33       8
     16      34       8
     16      47       8
     16      48       8
     16      49       8
     16      50       8
     16      63       8
     16      64       8
     16      65       8
     16      66       8
     16      79       8
     16      80       8
     16      81       8
     16      82       8
     16      95       8
     16      96       8
     16      97       8
     16      98       8
     16     111       8
     16     112       8
     16     113       8
     16     114       8
     17      15       8
     17      16       8
     17      17       8
     17      18       8
     17      31       8
     17      32       8
     17      33       8
     17      34       8
     17      47       8
     17      48       8
     17      49       8
     17      50       8
     17      63       8
     17      64       8
     17      65       8
     17      66       8
     17      79       8
     17      80       8
     17      81       8
     17      82       8
     17      95       8
     17      96       8
     17      97       8
     17      98       8
     17     111       8
     17     112       8
     17     113       8
     17     114       8
     18      15       8
     18      16       8
     18      17       8
     18      18       8
     18      31       8
     18      32       8
     18      33       8
     18      34       8
     18      47       8
     18      48       8
     18      49       8
     18      50       8
     18      63       8
     18      64       8
     18      65       8
     18      66       8
     18      79       8
     18      80       8
     18      81       8
     18      82       8
     18      95       8
     18      96       8
     18      97       8
     18      98       8
     18     111       8
     18     112       8
     18     113       8
     18     114       8
     31      15       8
     31      16       8
     31      17       8
     31      18       8
     31      31       8
     31      32       8
     31      33       8
     31      34       8
     31      47       8
     31      48       8
     31      49       8
     31      50       8
     31      63       8
     31      64       8
     31      65       8
     31      66       8
     31      79       8
     31      80       8
     31      81       8
     31      82       8
     31      95       8
     31      96       8
     31      97       8
     31      98       8
     31     111       8
     31     112       8
     31     113       8
     31     114       8
     32      15       8
     32      16       8
     32      17       8
     32      18       8
     32      31       8
     32      32       8
     32      33       8
     32      34       8
     32      47       8
     32      48       8
     32      49       8
     32      50       8
     32      63       8
     32      64       8
     32      65       8
     32      66       8
     32      79       8
     32      80       8
     32      81       8
     32      82       8
     32      95       8
     32      96       8
     32      97       8
     32      98       8
     32     111       8
     32     112       8
     32     113       8
     32     114       8
     33      15       8
     33      16       8
     33      17       8
     33      18       8
     33      31       8
     33      32       8
     33      33       8
     33      34       8
     33      47       8
     33      48       8
     33      49       8
     33      50       8
     33      63       8
     33      64       8
     33      65       8
     33      66       8
     33      79       8
     33      80       8
     33      81       8
     33      82       8
     33      95       8
     33      96       8
     33      97       8
     33      98       8
     33     111       8
     33     112       8
     33     113       8
     33     114       8
     34      15       8
     34      16       8
     34      17       8
     34      18       8
     34      31       8
     34      32       8
     34      33       8
     34      34       8
     34      47       8
     34      48       8
     34      49       8
     34      50       8
     34      63       8
     34      64       8
     34      65       8
     34      66       8
     34      79       8
     34      80       8
     34      81       8
     34      82       8
     34      95       8
     34      96       8
     34      97       8
     34      98       8
     34     111       8
     34     112       8
     34     113       8
     34     114       8
     47      15       8
     47      16       8
     47      17       8
     47      18       8
     47      31       8
     47      32       8
     47      33       8
     47      34       8
     47      47       8
     47      48       8
     47      49       8
     47      50       8
     47      63       8
     47      64       8
     47      65       8
     47      66       8
     47      79       8
     47      80       8
     47      81       8
     47      82       8
     47      95       8
     47      96       8
     47      97       8
     47      98       8
     47     111       8
     47     112       8
     47     113       8
     47     114       8
     48      15       8
     48      16       8
     48      17       8
     48      18       8
     48      31       8
     48      32       8
     48      33       8
     48      34       8
     48      47       8
     48      48       8
     48      49       8
     48      50       8
     48      63       8
     48      64       8
     48      65       8
     48      66       8
     48      79       8
     48      80       8
     48      81       8
     48      82       8
     48      95       8
     48      96       8
     48      97       8
     48      98       8
     48     111       8
     48     112       8
     48     113       8
     48     114       8
     49      15       8
     49      16       8
     49      17       8
     49      18       8
     49      31       8
     49      32       8
     49      33       8
     49      34       8
     49      47       8
     49      48       8
     49      49       8
     49      50       8
     49      63       8
     49      64       8
     49      65       8
     49      66       8
     49      79       8
     49      80       8
     49      81       8
     49      82       8
     49      95       8
     49      96       8
     49      97       8
     49      98       8
     49     111       8
     49     112       8
     49     113       8
     49     114       8
     50      15       8
     50      16       8
     50      17       8
     50      18       8
     50      31       8
     50      32       8
     50      33       8
     50      34       8
     50      47       8
     50      48       8
     50      49       8
     50      50       8
     50      63       8
     50      64       8
     50      65       8
     50      66       8
     50      79       8
     50      80       8
     50      81       8
     50      82       8
     50      95       8
     50      96       8
     50      97       8
     50      98       8
     50     111       8
     50     112       8
     50     113       8
     50     114       8
     63      15       8
     63      16       8
     63      17       8
     63      18       8
     63      31       8
     63      32       8
     63      33       8
     63      34       8
     63      47       8
     63      48       8
     63      49       8
     63      50       8
     63      63       8
     63      64       8
     63      65       8
     63      66       8
     63      79       8
     63      80       8
     63      81       8
     63      82       8
     63      95       8
     63      96       8
     63      97       8
     63      98       8
     63     111       8
     63     112       8
     63     113       8
     63     114       8
     64      15       8
     64      16       8
     64      17       8
     64      18       8
     64      31       8
     64      32       8
     64      33       8
     64      34       8
     64      47       8
     64      48       8
     64      49       8
     64      50       8
     64      63       8
     64      64       8
     64      65       8
     64      66       8
     64      79       8
     64      80       8
     64      81       8
     64      82       8
     64      95       8
     64      96       8
     64      97       8
     64      98       8
     64     111       8
     64     112       8
     64     113       8
     64     114       8
     65      15       8
     65      16       8
     65      17       8
     65      18       8
     65      31       8
     65      32       8
     65      33       8
     65      34       8
     65      47       8
     65      48       8
     65      49       8
     65      50       8
     65      63       8
     65      64       8
     65      65       8
     65      66       8
     65      79       8
     65      80       8
     65      81       8
     65      82       8
     65      95       8
     65      96       8
     65      97       8
     65      98       8
     65     111       8
     65     112       8
     65     113       8
     65     114       8
     66      15       8
     66      16       8
     66      17       8
     66      18       8
     66      31       8
     66      32       8
     66      33       8
     66      34       8
     66      47       8
     66      48       8
     66      49       8
     66      50       8
     66      63       8
     66      64       8
     66      65       8
     66      66       8
     66      79       8
     66      80       8
     66      81       8
     66      82       8
     66      95       8
     66      96       8
     66      97       8
     66      98       8
     66     111       8
     66     112       8
     66     113       8
     66     114       8
     79      15       8
     79      16       8
     79      17       8
     79      18       8
     79      31       8
     79      32       8
     79      33       8
     79      34       8
     79      47       8
     79      48       8
     79      49       8
     79      50       8
     79      63       8
     79      64       8
     79      65       8
     79      66       8
     79      79       8
     79      80       8
     79      81       8
     79      82       8
     79      95       8
     79      96       8
     79      97       8
     79      98       8
     79     111       8
     79     112       8
     79     113       8
     79     114       8
     80      15       8
     80      16       8
     80      17       8
     80      18       8
     80      31       8
     80      32       8
     80      33       8
     80      34       8
     80      47       8
     80      48       8
     80      49       8
     80      50       8
     80      63       8
     80      64       8
     80      65       8
     80      66       8
     80      79       8
     80      80       8
     80      81       8
     80      82       8
     80      95       8
     80      96       8
     80      97       8
     80      98       8
     80     111       8
     80     112       8
     80     113       8
     80     114       8
     81      15       8
     81      16       8
     81      17       8
     81      18       8
     81      31       8
     81      32       8
     81      33       8
     81      34       8
     81      47       8
     81      48       8
     81      49       8
     81      50       8
     81      63       8
     81      64       8
     81      65       8
     81      66       8
     81      79       8
     81      80       8
     81      81       8
     81      82       8
     81      95       8
     81      96       8
     81      97       8
     81      98       8
     81     111       8
     81     112       8
     81     113       8
     81     114       8
     82      15       8
     82      16       8
     82      17       8
     82      18       8
     82      31       8
     82      32       8
     82      33       8
     82      34       8
     82      47       8
     82      48       8
     82      49       8
     82      50       8
     82      63       8
     82      64       8
     82      65       8
     82      66       8
     82      79       8
     82      80       8
     82      81       8
     82      82       8
     82      95       8
     82      96       8
     82      97       8
     82      98       8
     82     111       8
     82     112       8
     82     113       8
     82     114       8
     95      15       8
     95      16       8
     95      17       8
     95      18       8
     95      31       8
     95      32       8
     95      33       8
     95      34       8
     95      47       8
     95      48       8
     95      49       8
     95      50       8
     95      63       8
     95      64       8
     95      65       8
     95      66       8
     95      79       8
     95      80       8
     95      81       8
     95      82       8
     95      95       8
     95      96       8
     95      97       8
     95      98       8
     95     111       8
     95     112       8
     95     113       8
     95     114       8
     96      15       8
     96      16       8
     96      17       8
     96      18       8
     96      31       8
     96      32       8
     96      33       8
     96      34       8
     96      47       8
     96      48       8
     96      49       8
     96      50       8
     96      63       8
     96      64       8
     96      65       8
     96      66       8
     96      79       8
     96      80       8
     96      81       8
     96      82       8
     96      95       8
     96      96       8
     96      97       8
     96      98       8
     96     111       8
     96     112       8
     96     113       8
     96     114       8
     97      15       8
     97      16       8
     97      17       8
     97      18       8
     97      31       8
     97      32       8
     97      33       8
     97      34       8
     97      47       8
     97      48       8
     97      49       8
     97      50       8
     97      63       8
     97      64       8
     97      65       8
     97      66       8
     97      79       8
     97      80       8
     97      81       8
     97      82       8
     97      95       8
     97      96       8
     97      97       8
     97      98       8
     97     111       8
     97     112       8
     97     113       8
     97     114       8
     98      15       8
     98      16       8
     98      17       8
     98      18       8
     98      31       8
     98      32       8
     98      33       8
     98      34       8
     98      47       8
     98      48       8
     98      49       8
     98      50       8
     98      63       8
     98      64       8
     98      65       8
     98      66       8
     98      79       8
     98      80       8
     98      81       8
     98      82       8
     98      95       8
     98      96       8
     98      97       8
     98      98       8
     98     111       8
     98     112       8
     98     113       8
     98     114       8
    111      15       8
    111      16       8
    111      17       8
    111      18       8
    111      31       8
    111      32       8
    111      33       8
    111      34       8
    111      47       8
    111      48       8
    111      49       8
    111      50       8
    111      63       8
    111      64       8
    111      65       8
    111      66       8
    111      79       8
    111      80       8
    111      81       8
    111      82       8
    111      95       8
    111      96       8
    111      97       8
    111      98       8
    111     111       8
    111     112       8
    111     113       8
    111     114       8
    112      15       8
    112      16       8
    112      17       8
    112      18       8
    112      31       8
    112      32       8
    112      33       8
    112      34       8
    112      47       8
    112      48       8
    112      49       8
    112      50       8
    112      63       8
    112      64       8
    112      65       8
    112      66       8
    112      79       8
    112      80       8
    112      81       8
    112      82       8
    112      95       8
    112      96       8
    112      97       8
    112      98       8
    112     111       8
    112     112       8
    112     113       8
    112     114       8
    113      15       8
    113      16       8
    113      17       8
    113      18       8
    113      31       8
    113      32       8
    113      33       8
    113      34       8
    113      47       8
    113      48       8
    113      49       8
    113      50       8
    113      63       8
    113      64       8
    113      65       8
    113      66       8
    113      79       8
    113      80       8
    113      81       8
    113      82       8
    113      95       8
    113      96       8
    113      97       8
    113      98       8
    113     111       8
    113     112       8
    113     113       8
    113     114       8
    114      15       8
    114      16       8
    114      17       8
    114      18       8
    114      31       8
    114      32       8
    114      33       8
    114      34       8
    114      47       8
    114      48       8
    114      49       8
    114      50       8
    114      63       8
    114      64       8
    114      65       8
    114      66       8
    114      79       8
    114      80       8
    114      81       8
    114      82       8
    114      95       8
    114      96       8
    114      97       8
    114      98       8
    114     111       8
    114     112       8
    114     113       8
    114     114       8
     13      15       9
     13      16       9
     13      17       9
     13      18       9
     13      31       9
     13      32       9
     13      33       9
     13      34       9
     13      47       9
     13      48       9
     13      49       9
     13      50       9
     13      63       9
     13      64       9
     13      65       9
     13      66       9
     13      79       9
     13      80       9
     13      81       9
     13      82       9
     13      95       9
     13      96       9
     13      97       9
     13      98       9
     13     111       9
     13     112       9
     13     113       9
     13     114       9
     14      15       9
     14      16       9
     14      17       9
     14      18       9
     14      31       9
     14      32       9
     14      33       9
     14      34       9
     14      47       9
     14      48       9
     14      49       9
     14      50       9
     14      63       9
     14      64       9
     14      65       9
     14      66       9
     14      79       9
     14      80       9
     14      81       9
     14      82       9
     14      95       9
     14      96       9
     14      97       9
     14      98       9
     14     111       9
     14     112       9
     14     113       9
     14     114       9
     15      13       9
     15      14       9
     15      15       9
     15      16       9
     15      17       9
     15      18       9
     15      19       9
     15      20       9
     15      29       9
     15      30       9
     15      31       9
     15      32       9
     15      33       9
     15      34       9
     15      35       9
     15      36       9
     15      45       9
     15      46       9
     15      47       9
     15      48       9
     15      49       9
     15      50       9
     15      51       9
     15      52       9
     15      61       9
     15      62       9
     15      63       9
     15      64       9
     15      65       9
     15      66       9
     15      67       9
     15      68       9
     15      77       9
     15      78       9
     15      79       9
     15      80       9
     15      81       9
     15      82       9
     15      83       9
     15      84       9
     15      93       9
     15      94       9
     15      95       9
     15      96       9
     15      97       9
     15      98       9
     15      99       9
     15     100       9
     15     109       9
     15     110       9
     15     111       9
     15     112       9
     15     113       9
     15     114       9
     15     115       9
     15     116       9
     16      13       9
     16      14       9
     16      15       9
     16      16       9
     16      17       9
     16      18       9
     16      19       9
     16      20       9
     16      29       9
     16      30       9
     16      31       9
     16      32       9
     16      33       9
     16      34       9
     16      35       9
     16      36       9
     16      45       9
     16      46       9
     16      47       9
     16      48       9
     16      49       9
     16      50       9
     16      51       9
     16      52       9
     16      61       9
     16      62       9
     16      63       9
     16      64       9
     16      65       9
     16      66       9
     16      67       9
     16      68       9
     16      77       9
     16      78       9
     16      79       9
     16      80       9
     16      81       9
     16      82       9
     16      83       9
     16      84       9
     16      93       9
     16      94       9
     16      95       9
     16      96       9
     16      97       9
     16      98       9
     16      99       9
     16     100       9
     16     109       9
     16     110       9
     16     111       9
     16     112       9
     16     113       9
     16     114       9
     16     115       9
     16     116       9
     17      13       9
     17      14       9
     17      15       9
     17      16       9
     17      17       9
     17      18       9
     17      19       9
     17      20       9
     17      29       9
     17      30       9
     17      31       9
     17      32       9
     17      33       9
     17      34       9
     17      35       9
     17      36       9
     17      45       9
     17      46       9
     17      47       9
     17      48       9
     17      49       9
     17      50       9
     17      51       9
     17      52       9
     17      61       9
     17      62       9
     17      63       9
     17      64       9
     17      65       9
     17      66       9
     17      67       9
     17      68       9
     17      77       9
     17      78       9
     17      79       9
     17      80       9
     17      81       9
     17      82       9
     17      83       9
     17      84       9
     17      93       9
     17      94       9
     17      95       9
     17      96       9
     17      97       9
     17      98       9
     17      99       9
     17     100       9
     17     109       9
     17     110       9
     17     111       9
     17     112       9
     17     113       9
     17     114       9
     17     115       9
     17     116       9
     18      13       9
     18      14       9
     18      15       9
     18      16       9
     18      17       9
     18      18       9
     18      19       9
     18      20       9
     18      29       9
     18      30       9
     18      31       9
     18      32       9
     18      33       9
     18      34       9
     18      35       9
     18      36       9
     18      45       9
     18      46       9
     18      47       9
     18      48       9
     18      49       9
     18      50       9
     18      51       9
     18      52       9
     18      61       9
     18      62       9
     18      63       9
     18      64       9
     18      65       9
     18      66       9
     18      67       9
     18      68       9
     18      77       9
     18      78       9
     18      79       9
     18      80       9
     18      81       9
     18      82       9
     18      83       9
     18      84       9
     18      93       9
     18      94       9
     18      95       9
     18      96       9
     18      97       9
     18      98       9
     18      99       9
     18     100       9
     18     109       9
     18     110       9
     18     111       9
     18     112       9
     18     113       9
     18     114       9
     18     115       9
     18     116       9
     19      15       9
     19      16       9
     19      17       9
     19      18       9
     19      31       9
     19      32       9
     19      33       9
     19      34       9
     19      47       9
     19      48       9
     19      49       9
     19      50       9
     19      63       9
     19      64       9
     19      65       9
     19      66       9
     19      79       9
     19      80       9
     19      81       9
     19      82       9
     19      95       9
     19      96       9
     19      97       9
     19      98       9
     19     111       9
     19     112       9
     19     113       9
     19     114       9
     20      15       9
     20      16       9
     20      17       9
     20      18       9
     20      31       9
     20      32       9
     20      33       9
     20      34       9
     20      47       9
     20      48       9
     20      49       9
     20      50       9
     20      63       9
     20      64       9
     20      65       9
     20      66       9
     20      79       9
     20      80       9
     20      81       9
     20      82       9
     20      95       9
     20      96       9
     20      97       9
     20      98       9
     20     111       9
     20     112       9
     20     113       9
     20     114       9
     29      15       9
     29      16       9
     29      17       9
     29      18       9
     29      31       9
     29      32       9
     29      33       9
     29      34       9
     29      47       9
     29      48       9
     29      49       9
     29      50       9
     29      63       9
     29      64       9
     29      65       9
     29      66       9
     29      79       9
     29      80       9
     29      81       9
     29      82       9
     29      95       9
     29      96       9
     29      97       9
     29      98       9
     29     111       9
     29     112       9
     29     113       9
     29     114       9
     30      15       9
     30      16       9
     30      17       9
     30      18       9
     30      31       9
     30      32       9
     30      33       9
     30      34       9
     30      47       9
     30      48       9
     30      49       9
     30      50       9
     30      63       9
     30      64       9
     30      65       9
     30      66       9
     30      79       9
     30      80       9
     30      81       9
     30      82       9
     30      95       9
     30      96       9
     30      97       9
     30      98       9
     30     111       9
     30     112       9
     30     113       9
     30     114       9
     31      13       9
     31      14       9
     31      15       9
     31      16       9
     31      17       9
     31      18       9
     31      19       9
     31      20       9
     31      29       9
     31      30       9
     31      31       9
     31      32       9
     31      33       9
     31      34       9
     31      35       9
     31      36       9
     31      45       9
     31      46       9
     31      47       9
     31      48       9
     31      49       9
     31      50       9
     31      51       9
     31      52       9
     31      61       9
     31      62       9
     31      63       9
     31      64       9
     31      65       9
     31      66       9
     31      67       9
     31      68       9
     31      77       9
     31      78       9
     31      79       9
     31      80       9
     31      81       9
     31      82       9
     31      83       9
     31      84       9
     31      93       9
     31      94       9
     31      95       9
     31      96       9
     31      97       9
     31      98       9
     31      99       9
     31     100       9
     31     109       9
     31     110       9
     31     111       9
     31     112       9
     31     113       9
     31     114       9
     31     115       9
     31     116       9
     32      13       9
     32      14       9
     32      15       9
     32      16       9
     32      17       9
     32      18       9
     32      19       9
     32      20       9
     32      29       9
     32      30       9
     32      31       9
     32      32       9
     32      33       9
     32      34       9
     32      35       9
     32      36       9
     32      45       9
     32      46       9
     32      47       9
     32      48       9
     32      49       9
     32      50       9
     32      51       9
     32      52       9
     32      61       9
     32      62       9
     32      63       9
     32      64       9
     32      65       9
     32      66       9
     32      67       9
     32      68       9
     32      77       9
     32      78       9
     32      79       9
     32      80       9
     32      81       9
     32      82       9
     32      83       9
     32      84       9
     32      93       9
     32      94       9
     32      95       9
     32      96       9
     32      97       9
     32      98       9
     32      99       9
     32     100       9
     32     109       9
     32     110       9
     32     111       9
     32     112       9
     32     113       9
     32     114       9
     32     115       9
     32     116       9
     33      13       9
     33      14       9
     33      15       9
     33      16       9
     33      17       9
     33      18       9
     33      19       9
     33      20       9
     33      29       9
     33      30       9
     33      31       9
     33      32       9
     33      33       9
     33      34       9
     33      35       9
     33      36       9
     33      45       9
     33      46       9
     33      47       9
     33      48       9
     33      49       9
     33      50       9
     33      51       9
     33      52       9
     33      61       9
     33      62       9
     33      63       9
     33      64       9
     33      65       9
     33      66       9
     33      67       9
     33      68       9
     33      77       9
     33      78       9
     33      79       9
     33      80       9
     33      81       9
     33      82       9
     33      83       9
     33      84       9
     33      93       9
     33      94       9
     33      95       9
     33      96       9
     33      97       9
     33      98       9
     33      99       9
     33     100       9
     33     109       9
     33     110       9
     33     111       9
     33     112       9
     33     113       9
     33     114       9
     33     115       9
     33     116       9
     34      13       9
     34      14       9
     34      15       9
     34      16       9
     34      17       9
     34      18       9
     34      19       9
     34      20       9
     34      29       9
     34      30       9
     34      31       9
     34      32       9
     34      33       9
     34      34       9
     34      35       9
     34      36       9
     34      45       9
     34      46       9
     34      47       9
     34      48       9
     34      49       9
     34      50       9
     34      51       9
     34      52       9
     34      61       9
     34      62       9
     34      63       9
     34      64       9
     34      65       9
     34      66       9
     34      67       9
     34      68       9
     34      77       9
     34      78       9
     34      79       9
     34      80       9
     34      81       9
     34      82       9
     34      83       9
     34      84       9
     34      93       9
     34      94       9
     34      95       9
     34      96       9
     34      97       9
     34      98       9
     34      99       9
     34     100       9
     34     109       9
     34     110       9
     34     111       9
     34     112       9
     34     113       9
     34     114       9
     34     115       9
     34     116       9
     35      15       9
     35      16       9
     35      17       9
     35      18       9
     35      31       9
     35      32       9
     35      33       9
     35      34       9
     35      47       9
     35      48       9
     35      49       9
     35      50       9
     35      63       9
     35      64       9
     35      65       9
     35      66       9
     35      79       9
     35      80       9
     35      81       9
     35      82       9
     35      95       9
     35      96       9
     35      97       9
     35      98       9
     35     111       9
     35     112       9
     35     113       9
     35     114       9
     36      15       9
     36      16       9
     36      17       9
     36      18       9
     36      31       9
     36      32       9
     36      33       9
     36      34       9
     36      47       9
     36      48       9
     36      49       9
     36      50       9
     36      63       9
     36      64       9
     36      65       9
     36      66       9
     36      79       9
     36      80       9
     36      81       9
     36      82       9
     36      95       9
     36      96       9
     36      97       9
     36      98       9
     36     111       9
     36     112       9
     36     113       9
     36     114       9
     45      15       9
     45      16       9
     45      17       9
     45      18       9
     45      31       9
     45      32       9
     45      33       9
     45      34       9
     45      47       9
     45      48       9
     45      49       9
     45      50       9
     45      63       9
     45      64       9
     45      65       9
     45      66       9
     45      79       9
     45      80       9
     45      81       9
     45      82       9
     45      95       9
     45      96       9
     45      97       9
     45      98       9
     45     111       9
     45     112       9
     45     113       9
     45     114       9
     46      15       9
     46      16       9
     46      17       9
     46      18       9
     46      31       9
     46      32       9
     46      33       9
     46      34       9
     46      47       9
     46      48       9
     46      49       9
     46      50       9
     46      63       9
     46      64       9
     46      65       9
     46      66       9
     46      79       9
     46      80       9
     46      81       9
     46      82       9
     46      95       9
     46      96       9
     46      97       9
     46      98       9
     46     111       9
     46     112       9
     46     113       9
     46     114       9
     47      13       9
     47      14       9
     47      15       9
     47      16       9
     47      17       9
     47      18       9
     47      19       9
     47      20       9
     47      29       9
     47      30       9
     47      31       9
     47      32       9
     47      33       9
     47      34       9
     47      35       9
     47      36       9
     47      45       9
     47      46       9
     47      47       9
     47      48       9
     47      49       9
     47      50       9
     47      51       9
     47      52       9
     47      61       9
     47      62       9
     47      63       9
     47      64       9
     47      65       9
     47      66       9
     47      67       9
     47      68       9
     47      77       9
     47      78       9
     47      79       9
     47      80       9
     47      81       9
     47      82       9
     47      83       9
     47      84       9
     47      93       9
     47      94       9
     47      95       9
     47      96       9
     47      97       9
     47      98       9
     47      99       9
     47     100       9
     47     109       9
     47     110       9
     47     111       9
     47     112       9
     47     113       9
     47     114       9
     47     115       9
     47     116       9
     48      13       9
     48      14       9
     48      15       9
     48      16       9
     48      17       9
     48      18       9
     48      19       9
     48      20       9
     48      29       9
     48      30       9
     48      31       9
     48      32       9
     48      33       9
     48      34       9
     48      35       9
     48      36       9
     48      45       9
     48      46       9
     48      47       9
     48      48       9
     48      49       9
     48      50       9
     48      51       9
     48      52       9
     48      61       9
     48      62       9
     48      63       9
     48      64       9
     48      65       9
     48      66       9
     48      67       9
     48      68       9
     48      77       9
     48      78       9
     48      79       9
     48      80       9
     48      81       9
     48      82       9
     48      83       9
     48      84       9
     48      93       9
     48      94       9
     48      95       9
     48      96       9
     48      97       9
     48      98       9
     48      99       9
     48     100       9
     48     109       9
     48     110       9
     48     111       9
     48     112       9
     48     113       9
     48     114       9
     48     115       9
     48     116       9
     49      13       9
     49      14       9
     49      15       9
     49      16       9
     49      17       9
     49      18       9
     49      19       9
     49      20       9
     49      29       9
     49      30       9
     49      31       9
     49      32       9
     49      33       9
     49      34       9
     49      35       9
     49      36       9
     49      45       9
     49      46       9
     49      47       9
     49      48       9
     49      49       9
     49      50       9
     49      51       9
     49      52       9
     49      61       9
     49      62       9
     49      63       9
     49      64       9
     49      65       9
     49      66       9
     49      67       9
     49      68       9
     49      77       9
     49      78       9
     49      79       9
     49      80       9
     49      81       9
     49      82       9
     49      83       9
     49      84       9
     49      93       9
     49      94       9
     49      95       9
     49      96       9
     49      97       9
     49      98       9
     49      99       9
     49     100       9
     49     109       9
     49     110       9
     49     111       9
     49     112       9
     49     113       9
     49     114       9
     49     115       9
     49     116       9
     50      13       9
     50      14       9
     50      15       9
     50      16       9
     50      17       9
     50      18       9
     50      19       9
     50      20       9
     50      29       9
     50      30       9
     50      31       9
     50      32       9
     50      33       9
     50      34       9
     50      35       9
     50      36       9
     50      45       9
     50      46       9
     50      47       9
     50      48       9
     50      49       9
     50      50       9
     50      51       9
     50      52       9
     50      61       9
     50      62       9
     50      63       9
     50      64       9
     50      65       9
     50      66       9
     50      67       9
     50      68       9
     50      77       9
     50      78       9
     50      79       9
     50      80       9
     50      81       9
     50      82       9
     50      83       9
     50      84       9
     50      93       9
     50      94       9
     50      95       9
     50      96       9
     50      97       9
     50      98       9
     50      99       9
     50     100       9
     50     109       9
     50     110       9
     50     111       9
     50     112       9
     50     113       9
     50     114       9
     50     115       9
     50     116       9
     51      15       9
     51      16       9
     51      17       9
     51      18       9
     51      31       9
     51      32       9
     51      33       9
     51      34       9
     51      47       9
     51      48       9
     51      49       9
     51      50       9
     51      63       9
     51      64       9
     51      65       9
     51      66       9
     51      79       9
     51      80       9
     51      81       9
     51      82       9
     51      95       9
     51      96       9
     51      97       9
     51      98       9
     51     111       9
     51     112       9
     51     113       9
     51     114       9
     52      15       9
     52      16       9
     52      17       9
     52      18       9
     52      31       9
     52      32       9
     52      33       9
     52      34       9
     52      47       9
     52      48       9
     52      49       9
     52      50       9
     52      63       9
     52      64       9
     52      65       9
     52      66       9
     52      79       9
     52      80       9
     52      81       9
     52      82       9
     52      95       9
     52      96       9
     52      97       9
     52      98       9
     52     111       9
     52     112       9
     52     113       9
     52     114       9
     61      15       9
     61      16       9
     61      17       9
     61      18       9
     61      31       9
     61      32       9
     61      33       9
     61      34       9
     61      47       9
     61      48       9
     61      49       9
     61      50       9
     61      63       9
     61      64       9
     61      65       9
     61      66       9
     61      79       9
     61      80       9
     61      81       9
     61      82       9
     61      95       9
     61      96       9
     61      97       9
     61      98       9
     61     111       9
     61     112       9
     61     113       9
     61     114       9
     62      15       9
     62      16       9
     62      17       9
     62      18       9
     62      31       9
     62      32       9
     62      33       9
     62      34       9
     62      47       9
     62      48       9
     62      49       9
     62      50       9
     62      63       9
     62      64       9
     62      65       9
     62      66       9
     62      79       9
     62      80       9
     62      81       9
     62      82       9
     62      95       9
     62      96       9
     62      97       9
     62      98       9
     62     111       9
     62     112       9
     62     113       9
     62     114       9
     63      13       9
     63      14       9
     63      15       9
     63      16       9
     63      17       9
     63      18       9
     63      19       9
     63      20       9
     63      29       9
     63      30       9
     63      31       9
     63      32       9
     63      33       9
     63      34       9
     63      35       9
     63      36       9
     63      45       9
     63      46       9
     63      47       9
     63      48       9
     63      49       9
     63      50       9
     63      51       9
     63      52       9
     63      61       9
     63      62       9
     63      63       9
     63      64       9
     63      65       9
     63      66       9
     63      67       9
     63      68       9
     63      77       9
     63      78       9
     63      79       9
     63      80       9
     63      81       9
     63      82       9
     63      83       9
     63      84       9
     63      93       9
     63      94       9
     63      95       9
     63      96       9
     63      97       9
     63      98       9
     63      99       9
     63     100       9
     63     109       9
     63     110       9
     63     111       9
     63     112       9
     63     113       9
     63     114       9
     63     115       9
     63     116       9
     64      13       9
     64      14       9
     64      15       9
     64      16       9
     64      17       9
     64      18       9
     64      19       9
     64      20       9
     64      29       9
     64      30       9
     64      31       9
     64      32       9
     64      33       9
     64      34       9
     64      35       9
     64      36       9
     64      45       9
     64      46       9
     64      47       9
     64      48       9
     64      49       9
     64      50       9
     64      51       9
     64      52       9
     64      61       9
     64      62       9
     64      63       9
     64      64       9
     64      65       9
     64      66       9
     64      67       9
     64      68       9
     64      77       9
     64      78       9
     64      79       9
     64      80       9
     64      81       9
     64      82       9
     64      83       9
     64      84       9
     64      93       9
     64      94       9
     64      95       9
     64      96       9
     64      97       9
     64      98       9
     64      99       9
     64     100       9
     64     109       9
     64     110       9
     64     111       9
     64     112       9
     64     113       9
     64     114       9
     64     115       9
     64     116       9
     65      13       9
     65      14       9
     65      15       9
     65      16       9
     65      17       9
     65      18       9
     65      19       9
     65      20       9
     65      29       9
     65      30       9
     65      31       9
     65      32       9
     65      33       9
     65      34       9
     65      35       9
     65      36       9
     65      45       9
     65      46       9
     65      47       9
     65      48       9
     65      49       9
     65      50       9
     65      51       9
     65      52       9
     65      61       9
     65      62       9
     65      63       9
     65      64       9
     65      65       9
     65      66       9
     65      67       9
     65      68       9
     65      77       9
     65      78       9
     65      79       9
     65      80       9
     65      81       9
     65      82       9
     65      83       9
     65      84       9
     65      93       9
     65      94       9
     65      95       9
     65      96       9
     65      97       9
     65      98       9
     65      99       9
     65     100       9
     65     109       9
     65     110       9
     65     111       9
     65     112       9
     65     113       9
     65     114       9
     65     115       9
     65     116       9
     66      13       9
     66      14       9
     66      15       9
     66      16       9
     66      17       9
     66      18       9
     66      19       9
     66      20       9
     66      29       9
     66      30       9
     66      31       9
     66      32       9
     66      33       9
     66      34       9
     66      35       9
     66      36       9
     66      45       9
     66      46       9
     66      47       9
     66      48       9
     66      49       9
     66      50       9
     66      51       9
     66      52       9
     66      61       9
     66      62       9
     66      63       9
     66      64       9
     66      65       9
     66      66       9
     66      67       9
     66      68       9
     66      77       9
     66      78       9
     66      79       9
     66      80       9
     66      81       9
     66      82       9
     66      83       9
     66      84       9
     66      93       9
     66      94       9
     66      95       9
     66      96       9
     66      97       9
     66      98       9
     66      99       9
     66     100       9
     66     109       9
     66     110       9
     66     111       9
     66     112       9
     66     113       9
     66     114       9
     66     115       9
     66     116       9
     67      15       9
     67      16       9
     67      17       9
     67      18       9
     67      31       9
     67      32       9
     67      33       9
     67      34       9
     67      47       9
     67      48       9
     67      49       9
     67      50       9
     67      63       9
     67      64       9
     67      65       9
     67      66       9
     67      79       9
     67      80       9
     67      81       9
     67      82       9
     67      95       9
     67      96       9
     67      97       9
     67      98       9
     67     111       9
     67     112       9
     67     113       9
     67     114       9
     68      15       9
     68      16       9
     68      17       9
     68      18       9
     68      31       9
     68      32       9
     68      33       9
     68      34       9
     68      47       9
     68      48       9
     68      49       9
     68      50       9
     68      63       9
     68      64       9
     68      65       9
     68      66       9
     68      79       9
     68      80       9
     68      81       9
     68      82       9
     68      95       9
     68      96       9
     68      97       9
     68      98       9
     68     111       9
     68     112       9
     68     113       9
     68     114       9
     77      15       9
     77      16       9
     77      17       9
     77      18       9
     77      31       9
     77      32       9
     77      33       9
     77      34       9
     77      47       9
     77      48       9
     77      49       9
     77      50       9
     77      63       9
     77      64       9
     77      65       9
     77      66       9
     77      79       9
     77      80       9
     77      81       9
     77      82       9
     77      95       9
     77      96       9
     77      97       9
     77      98       9
     77     111       9
     77     112       9
     77     113       9
     77     114       9
     78      15       9
     78      16       9
     78      17       9
     78      18       9
     78      31       9
     78      32       9
     78      33       9
     78      34       9
     78      47       9
     78      48       9
     78      49       9
     78      50       9
     78      63       9
     78      64       9
     78      65       9
     78      66       9
     78      79       9
     78      80       9
     78      81       9
     78      82       9
     78      95       9
     78      96       9
     78      97       9
     78      98       9
     78     111       9
     78     112       9
     78     113       9
     78     114       9
     79      13       9
     79      14       9
     79      15       9
     79      16       9
     79      17       9
     79      18       9
     79      19       9
     79      20       9
     79      29       9
     79      30       9
     79      31       9
     79      32       9
     79      33       9
     79      34       9
     79      35       9
     79      36       9
     79      45       9
     79      46       9
     79      47       9
     79      48       9
     79      49       9
     79      50       9
     79      51       9
     79      52       9
     79      61       9
     79      62       9
     79      63       9
     79      64       9
     79      65       9
     79      66       9
     79      67       9
     79      68       9
     79      77       9
     79      78       9
     79      79       9
     79      80       9
     79      81       9
     79      82       9
     79      83       9
     79      84       9
     79      93       9
     79      94       9
     79      95       9
     79      96       9
     79      97       9
     79      98       9
     79      99       9
     79     100       9
     79     109       9
     79     110       9
     79     111       9
     79     112       9
     79     113       9
     79     114       9
     79     115       9
     79     116       9
     80      13       9
     80      14       9
     80      15       9
     80      16       9
     80      17       9
     80      18       9
     80      19       9
     80      20       9
     80      29       9
     80      30       9
     80      31       9
     80      32       9
     80      33       9
     80      34       9
     80      35       9
     80      36       9
     80      45       9
     80      46       9
     80      47       9
     80      48       9
     80      49       9
     80      50       9
     80      51       9
     80      52       9
     80      61       9
     80      62       9
     80      63       9
     80      64       9
     80      65       9
     80      66       9
     80      67       9
     80      68       9
     80      77       9
     80      78       9
     80      79       9
     80      80       9
     80      81       9
     80      82       9
     80      83       9
     80      84       9
     80      93       9
     80      94       9
     80      95       9
     80      96       9
     80      97       9
     80      98       9
     80      99       9
     80     100       9
     80     109       9
     80     110       9
     80     111       9
     80     112       9
     80     113       9
     80     114       9
     80     115       9
     80     116       9
     81      13       9
     81      14       9
     81      15       9
     81      16       9
     81      17       9
     81      18       9
     81      19       9
     81      20       9
     81      29       9
     81      30       9
     81      31       9
     81      32       9
     81      33       9
     81      34       9
     81      35       9
     81      36       9
     81      45       9
     81      46       9
     81      47       9
     81      48       9
     81      49       9
     81      50       9
     81      51       9
     81      52       9
     81      61       9
     81      62       9
     81      63       9
     81      64       9
     81      65       9
     81      66       9
     81      67       9
     81      68       9
     81      77       9
     81      78       9
     81      79       9
     81      80       9
     81      81       9
     81      82       9
     81      83       9
     81      84       9
     81      93       9
     81      94       9
     81      95       9
     81      96       9
     81      97       9
     81      98       9
     81      99       9
     81     100       9
     81     109       9
     81     110       9
     81     111       9
     81     112       9
     81     113       9
     81     114       9
     81     115       9
     81     116       9
     82      13       9
     82      14       9
     82      15       9
     82      16       9
     82      17       9
     82      18       9
     82      19       9
     82      20       9
     82      29       9
     82      30       9
     82      31       9
     82      32       9
     82      33       9
     82      34       9
     82      35       9
     82      36       9
     82      45       9
     82      46       9
     82      47       9
     82      48       9
     82      49       9
     82      50       9
     82      51       9
     82      52       9
     82      61       9
     82      62       9
     82      63       9
     82      64       9
     82      65       9
     82      66       9
     82      67       9
     82      68       9
     82      77       9
     82      78       9
     82      79       9
     82      80       9
     82      81       9
     82      82       9
     82      83       9
     82      84       9
     82      93       9
     82      94       9
     82      95       9
     82      96       9
     82      97       9
     82      98       9
     82      99       9
     82     100       9
     82     109       9
     82     110       9
     82     111       9
     82     112       9
     82     113       9
     82     114       9
     82     115       9
     82     116       9
     83      15       9
     83      16       9
     83      17       9
     83      18       9
     83      31       9
     83      32       9
     83      33       9
     83      34       9
     83      47       9
     83      48       9
     83      49       9
     83      50       9
     83      63       9
     83      64       9
     83      65       9
     83      66       9
     83      79       9
     83      80       9
     83      81       9
     83      82       9
     83      95       9
     83      96       9
     83      97       9
     83      98       9
     83     111       9
     83     112       9
     83     113       9
     83     114       9
     84      15       9
     84      16       9
     84      17       9
     84      18       9
     84      31       9
     84      32       9
     84      33       9
     84      34       9
     84      47       9
     84      48       9
     84      49       9
     84      50       9
     84      63       9
     84      64       9
     84      65       9
     84      66       9
     84      79       9
     84      80       9
     84      81       9
     84      82       9
     84      95       9
     84      96       9
     84      97       9
     84      98       9
     84     111       9
     84     112       9
     84     113       9
     84     114       9
     93      15       9
     93      16       9
     93      17       9
     93      18       9
     93      31       9
     93      32       9
     93      33       9
     93      34       9
     93      47       9
     93      48       9
     93      49       9
     93      50       9
     93      63       9
     93      64       9
     93      65       9
     93      66       9
     93      79       9
     93      80       9
     93      81       9
     93      82       9
     93      95       9
     93      96       9
     93      97       9
     93      98       9
     93     111       9
     93     112       9
     93     113       9
     93     114       9
     94      15       9
     94      16       9
     94      17       9
     94      18       9
     94      31       9
     94      32       9
     94      33       9
     94      34       9
     94      47       9
     94      48       9
     94      49       9
     94      50       9
     94      63       9
     94      64       9
     94      65       9
     94      66       9
     94      79       9
     94      80       9
     94      81       9
     94      82       9
     94      95       9
     94      96       9
     94      97       9
     94      98       9
     94     111       9
     94     112       9
     94     113       9
     94     114       9
     95      13       9
     95      14       9
     95      15       9
     95      16       9
     95      17       9
     95      18       9
     95      19       9
     95      20       9
     95      29       9
     95      30       9
     95      31       9
     95      32       9
     95      33       9
     95      34       9
     95      35       9
     95      36       9
     95      45       9
     95      46       9
     95      47       9
     95      48       9
     95      49       9
     95      50       9
     95      51       9
     95      52       9
     95      61       9
     95      62       9
     95      63       9
     95      64       9
     95      65       9
     95      66       9
     95      67       9
     95      68       9
     95      77       9
     95      78       9
     95      79       9
     95      80       9
     95      81       9
     95      82       9
     95      83       9
     95      84       9
     95      93       9
     95      94       9
     95      95       9
     95      96       9
     95      97       9
     95      98       9
     95      99       9
     95     100       9
     95     109       9
     95     110       9
     95     111       9
     95     112       9
     95     113       9
     95     114       9
     95     115       9
     95     116       9
     96      13       9
     96      14       9
     96      15       9
     96      16       9
     96      17       9
     96      18       9
     96      19       9
     96      20       9
     96      29       9
     96      30       9
     96      31       9
     96      32       9
     96      33       9
     96      34       9
     96      35       9
     96      36       9
     96      45       9
     96      46       9
     96      47       9
     96      48       9
     96      49       9
     96      50       9
     96      51       9
     96      52       9
     96      61       9
     96      62       9
     96      63       9
     96      64       9
     96      65       9
     96      66       9
     96      67       9
     96      68       9
     96      77       9
     96      78       9
     96      79       9
     96      80       9
     96      81       9
     96      82       9
     96      83       9
     96      84       9
     96      93       9
     96      94       9
     96      95       9
     96      96       9
     96      97       9
     96      98       9
     96      99       9
     96     100       9
     96     109       9
     96     110       9
     96     111       9
     96     112       9
     96     113       9
     96     114       9
     96     115       9
     96     116       9
     97      13       9
     97      14       9
     97      15       9
     97      16       9
     97      17       9
     97      18       9
     97      19       9
     97      20       9
     97      29       9
     97      30       9
     97      31       9
     97      32       9
     97      33       9
     97      34       9
     97      35       9
     97      36       9
     97      45       9
     97      46       9
     97      47       9
     97      48       9
     97      49       9
     97      50       9
     97      51       9
     97      52       9
     97      61       9
     97      62       9
     97      63       9
     97      64       9
     97      65       9
     97      66       9
     97      67       9
     97      68       9
     97      77       9
     97      78       9
     97      79       9
     97      80       9
     97      81       9
     97      82       9
     97      83       9
     97      84       9
     97      93       9
     97      94       9
     97      95       9
     97      96       9
     97      97       9
     97      98       9
     97      99       9
     97     100       9
     97     109       9
     97     110       9
     97     111       9
     97     112       9
     97     113       9
     97     114       9
     97     115       9
     97     116       9
     98      13       9
     98      14       9
     98      15       9
     98      16       9
     98      17       9
     98      18       9
     98      19       9
     98      20       9
     98      29       9
     98      30       9
     98      31       9
     98      32       9
     98      33       9
     98      34       9
     98      35       9
     98      36       9
     98      45       9
     98      46       9
     98      47       9
     98      48       9
     98      49       9
     98      50       9
     98      51       9
     98      52       9
     98      61       9
     98      62       9
     98      63       9
     98      64       9
     98      65       9
     98      66       9
     98      67       9
     98      68       9
     98      77       9
     98      78       9
     98      79       9
     98      80       9
     98      81       9
     98      82       9
     98      83       9
     98      84       9
     98      93       9
     98      94       9
     98      95       9
     98      96       9
     98      97       9
     98      98       9
     98      99       9
     98     100       9
     98     109       9
     98     110       9
     98     111       9
     98     112       9
     98     113       9
     98     114       9
     98     115       9
     98     116       9
     99      15       9
     99      16       9
     99      17       9
     99      18       9
     99      31       9
     99      32       9
     99      33       9
     99      34       9
     99      47       9
     99      48       9
     99      49       9
     99      50       9
     99      63       9
     99      64       9
     99      65       9
     99      66       9
     99      79       9
     99      80       9
     99      81       9
     99      82       9
     99      95       9
     99      96       9
     99      97       9
     99      98       9
     99     111       9
     99     112       9
     99     113       9
     99     114       9
    100      15       9
    100      16       9
    100      17       9
    100      18       9
    100      31       9
    100      32       9
    100      33       9
    100      34       9
    100      47       9
    100      48       9
    100      49       9
    100      50       9
    100      63       9
    100      64       9
    100      65       9
    100      66       9
    100      79       9
    100      80       9
    100      81       9
    100      82       9
    100      95       9
    100      96       9
    100      97       9
    100      98       9
    100     111       9
    100     112       9
    100     113       9
    100     114       9
    109      15       9
    109      16       9
    109      17       9
    109      18       9
    109      31       9
    109      32       9
    109      33       9
    109      34       9
    109      47       9
    109      48       9
    109      49       9
    109      50       9
    109      63       9
    109      64       9
    109      65       9
    109      66       9
    109      79       9
    109      80       9
    109      81       9
    109      82       9
    109      95       9
    109      96       9
    109      97       9
    109      98       9
    109     111       9
    109     112       9
    109     113       9
    109     114       9
    110      15       9
    110      16       9
    110      17       9
    110      18       9
    110      31       9
    110      32       9
    110      33       9
    110      34       9
    110      47       9
    110      48       9
    110      49       9
    110      50       9
    110      63       9
    110      64       9
    110      65       9
    110      66       9
    110      79       9
    110      80       9
    110      81       9
    110      82       9
    110      95       9
    110      96       9
    110      97       9
    110      98       9
    110     111       9
    110     112       9
    110     113       9
    110     114       9
    111      13       9
    111      14       9
    111      15       9
    111      16       9
    111      17       9
    111      18       9
    111      19       9
    111      20       9
    111      29       9
    111      30       9
    111      31       9
    111      32       9
    111      33       9
    111      34       9
    111      35       9
    111      36       9
    111      45       9
    111      46       9
    111      47       9
    111      48       9
    111      49       9
    111      50       9
    111      51       9
    111      52       9
    111      61       9
    111      62       9
    111      63       9
    111      64       9
    111      65       9
    111      66       9
    111      67       9
    111      68       9
    111      77       9
    111      78       9
    111      79       9
    111      80       9
    111      81       9
    111      82       9
    111      83       9
    111      84       9
    111      93       9
    111      94       9
    111      95       9
    111      96       9
    111      97       9
    111      98       9
    111      99       9
    111     100       9
    111     109       9
    111     110       9
    111     111       9
    111     112       9
    111     113       9
    111     114       9
    111     115       9
    111     116       9
    112      13       9
    112      14       9
    112      15       9
    112      16       9
    112      17       9
    112      18       9
    112      19       9
    112      20       9
    112      29       9
    112      30       9
    112      31       9
    112      32       9
    112      33       9
    112      34       9
    112      35       9
    112      36       9
    112      45       9
    112      46       9
    112      47       9
    112      48       9
    112      49       9
    112      50       9
    112      51       9
    112      52       9
    112      61       9
    112      62       9
    112      63       9
    112      64       9
    112      65       9
    112      66       9
    112      67       9
    112      68       9
    112      77       9
    112      78       9
    112      79       9
    112      80       9
    112      81       9
    112      82       9
    112      83       9
    112      84       9
    112      93       9
    112      94       9
    112      95       9
    112      96       9
    112      97       9
    112      98       9
    112      99       9
    112     100       9
    112     109       9
    112     110       9
    112     111       9
    112     112       9
    112     113       9
    112     114       9
    112     115       9
    112     116       9
    113      13       9
    113      14       9
    113      15       9
    113      16       9
    113      17       9
    113      18       9
    113      19       9
    113      20       9
    113      29       9
    113      30       9
    113      31       9
    113      32       9
    113      33       9
    113      34       9
    113      35       9
    113      36       9
    113      45       9
    113      46       9
    113      47       9
    113      48       9
    113      49       9
    113      50       9
    113      51       9
    113      52       9
    113      61       9
    113      62       9
    113      63       9
    113      64       9
    113      65       9
    113      66       9
    113      67       9
    113      68       9
    113      77       9
    113      78       9
    113      79       9
    113      80       9
    113      81       9
    113      82       9
    113      83       9
    113      84       9
    113      93       9
    113      94       9
    113      95       9
    113      96       9
    113      97       9
    113      98       9
    113      99       9
    113     100       9
    113     109       9
    113     110       9
    113     111       9
    113     112       9
    113     113       9
    113     114       9
    113     115       9
    113     116       9
    114      13       9
    114      14       9
    114      15       9
    114      16       9
    114      17       9
    114      18       9
    114      19       9
    114      20       9
    114      29       9
    114      30       9
    114      31       9
    114      32       9
    114      33       9
    114      34       9
    114      35       9
    114      36       9
    114      45       9
    114      46       9
    114      47       9
    114      48       9
    114      49       9
    114      50       9
    114      51       9
    114      52       9
    114      61       9
    114      62       9
    114      63       9
    114      64       9
    114      65       9
    114      66       9
    114      67       9
    114      68       9
    114      77       9
    114      78       9
    114      79       9
    114      80       9
    114      81       9
    114      82       9
    114      83       9
    114      84       9
    114      93       9
    114      94       9
    114      95       9
    114      96       9
    114      97       9
    114      98       9
    114      99       9
    114     100       9
    114     109       9
    114     110       9
    114     111       9
    114     112       9
    114     113       9
    114     114       9
    114     115       9
    114     116       9
    115      15       9
    115      16       9
    115      17       9
    115      18       9
    115      31       9
    115      32       9
    115      33       9
    115      34       9
    115      47       9
    115      48       9
    115      49       9
    115      50       9
    115      63       9
    115      64       9
    115      65       9
    115      66       9
    115      79       9
    115      80       9
    115      81       9
    115      82       9
    115      95       9
    115      96       9
    115      97       9
    115      98       9
    115     111       9
    115     112       9
    115     113       9
    115     114       9
    116      15       9
    116      16       9
    116      17       9
    116      18       9
    116      31       9
    116      32       9
    116      33       9
    116      34       9
    116      47       9
    116      48       9
    116      49       9
    116      50       9
    116      63       9
    116      64       9
    116      65       9
    116      66       9
    116      79       9
    116      80       9
    116      81       9
    116      82       9
    116      95       9
    116      96       9
    116      97       9
    116      98       9
    116     111       9
    116     112       9
    116     113       9
    116     114       9
     13      15      10
     13      16      10
     13      17      10
     13      18      10
     13      31      10
     13      32      10
     13      33      10
     13      34      10
     13      47      10
     13      48      10
     13      49      10
     13      50      10
     13      63      10
     13      64      10
     13      65      10
     13      66      10
     13      79      10
     13      80      10
     13      81      10
     13      82      10
     13      95      10
     13      96      10
     13      97      10
     13      98      10
     13     111      10
     13     112      10
     13     113      10
     13     114      10
     14      15      10
     14      16      10
     14      17      10
     14      18      10
     14      31      10
     14      32      10
     14      33      10
     14      34      10
     14      47      10
     14      48      10
     14      49      10
     14      50      10
     14      63      10
     14      64      10
     14      65      10
     14      66      10
     14      79      10
     14      80      10
     14      81      10
     14      82      10
     14      95      10
     14      96      10
     14      97      10
     14      98      10
     14     111      10
     14     112      10
     14     113      10
     14     114      10
     15      13      10
     15      14      10
     15      15      10
     15      16      10
     15      17      10
     15      18      10
     15      19      10
     15      20      10
     15      29      10
     15      30      10
     15      31      10
     15      32      10
     15      33      10
     15      34      10
     15      35      10
     15      36      10
     15      45      10
     15      46      10
     15      47      10
     15      48      10
     15      49      10
     15      50      10
     15      51      10
     15      52      10
     15      61      10
     15      62      10
     15      63      10
     15      64      10
     15      65      10
     15      66      10
     15      67      10
     15      68      10
     15      77      10
     15      78      10
     15      79      10
     15      80      10
     15      81      10
     15      82      10
     15      83      10
     15      84      10
     15      93      10
     15      94      10
     15      95      10
     15      96      10
     15      97      10
     15      98      10
     15      99      10
     15     100      10
     15     109      10
     15     110      10
     15     111      10
     15     112      10
     15     113      10
     15     114      10
     15     115      10
     15     116      10
     16      13      10
     16      14      10
     16      15      10
     16      16      10
     16      17      10
     16      18      10
     16      19      10
     16      20      10
     16      29      10
     16      30      10
     16      31      10
     16      32      10
     16      33      10
     16      34      10
     16      35      10
     16      36      10
     16      45      10
     16      46      10
     16      47      10
     16      48      10
     16      49      10
     16      50      10
     16      51      10
     16      52      10
     16      61      10
     16      62      10
     16      63      10
     16      64      10
     16      65      10
     16      66      10
     16      67      10
     16      68      10
     16      77      10
     16      78      10
     16      79      10
     16      80      10
     16      81      10
     16      82      10
     16      83      10
     16      84      10
     16      93      10
     16      94      10
     16      95      10
     16      96      10
     16      97      10
     16      98      10
     16      99      10
     16     100      10
     16     109      10
     16     110      10
     16     111      10
     16     112      10
     16     113      10
     16     114      10
     16     115      10
     16     116      10
     17      13      10
     17      14      10
     17      15      10
     17      16      10
     17      17      10
     17      18      10
     17      19      10
     17      20      10
     17      29      10
     17      30      10
     17      31      10
     17      32      10
     17      33      10
     17      34      10
     17      35      10
     17      36      10
     17      45      10
     17      46      10
     17      47      10
     17      48      10
     17      49      10
     17      50      10
     17      51      10
     17      52      10
     17      61      10
     17      62      10
     17      63      10
     17      64      10
     17      65      10
     17      66      10
     17      67      10
     17      68      10
     17      77      10
     17      78      10
     17      79      10
     17      80      10
     17      81      10
     17      82      10
     17      83      10
     17      84      10
     17      93      10
     17      94      10
     17      95      10
     17      96      10
     17      97      10
     17      98      10
     17      99      10
     17     100      10
     17     109      10
     17     110      10
     17     111      10
     17     112      10
     17     113      10
     17     114      10
     17     115      10
     17     116      10
     18      13      10
     18      14      10
     18      15      10
     18      16      10
     18      17      10
     18      18      10
     18      19      10
     18      20      10
     18      29      10
     18      30      10
     18      31      10
     18      32      10
     18      33      10
     18      34      10
     18      35      10
     18      36      10
     18      45      10
     18      46      10
     18      47      10
     18      48      10
     18      49      10
     18      50      10
     18      51      10
     18      52      10
     18      61      10
     18      62      10
     18      63      10
     18      64      10
     18      65      10
     18      66      10
     18      67      10
     18      68      10
     18      77      10
     18      78      10
     18      79      10
     18      80      10
     18      81      10
     18      82      10
     18      83      10
     18      84      10
     18      93      10
     18      94      10
     18      95      10
     18      96      10
     18      97      10
     18      98      10
     18      99      10
     18     100      10
     18     109      10
     18     110      10
     18     111      10
     18     112      10
     18     113      10
     18     114      10
     18     115      10
     18     116      10
     19      15      10
     19      16      10
     19      17      10
     19      18      10
     19      31      10
     19      32      10
     19      33      10
     19      34      10
     19      47      10
     19      48      10
     19      49      10
     19      50      10
     19      63      10
     19      64      10
     19      65      10
     19      66      10
     19      79      10
     19      80      10
     19      81      10
     19      82      10
     19      95      10
     19      96      10
     19      97      10
     19      98      10
     19     111      10
     19     112      10
     19     113      10
     19     114      10
     20      15      10
     20      16      10
     20      17      10
     20      18      10
     20      31      10
     20      32      10
     20      33      10
     20      34      10
     20      47      10
     20      48      10
     20      49      10
     20      50      10
     20      63      10
     20      64      10
     20      65      10
     20      66      10
     20      79      10
     20      80      10
     20      81      10
     20      82      10
     20      95      10
     20      96      10
     20      97      10
     20      98      10
     20     111      10
     20     112      10
     20     113      10
     20     114      10
     29      15      10
     29      16      10
     29      17      10
     29      18      10
     29      31      10
     29      32      10
     29      33      10
     29      34      10
     29      47      10
     29      48      10
     29      49      10
     29      50      10
     29      63      10
     29      64      10
     29      65      10
     29      66      10
     29      79      10
     29      80      10
     29      81      10
     29      82      10
     29      95      10
     29      96      10
     29      97      10
     29      98      10
     29     111      10
     29     112      10
     29     113      10
     29     114      10
     30      15      10
     30      16      10
     30      17      10
     30      18      10
     30      31      10
     30      32      10
     30      33      10
     30      34      10
     30      47      10
     30      48      10
     30      49      10
     30      50      10
     30      63      10
     30      64      10
     30      65      10
     30      66      10
     30      79      10
     30      80      10
     30      81      10
     30      82      10
     30      95      10
     30      96      10
     30      97      10
     30      98      10
     30     111      10
     30     112      10
     30     113      10
     30     114      10
     31      13      10
     31      14      10
     31      15      10
     31      16      10
     31      17      10
     31      18      10
     31      19      10
     31      20      10
     31      29      10
     31      30      10
     31      31      10
     31      32      10
     31      33      10
     31      34      10
     31      35      10
     31      36      10
     31      45      10
     31      46      10
     31      47      10
     31      48      10
     31      49      10
     31      50      10
     31      51      10
     31      52      10
     31      61      10
     31      62      10
     31      63      10
     31      64      10
     31      65      10
     31      66      10
     31      67      10
     31      68      10
     31      77      10
     31      78      10
     31      79      10
     31      80      10
     31      81      10
     31      82      10
     31      83      10
     31      84      10
     31      93      10
     31      94      10
     31      95      10
     31      96      10
     31      97      10
     31      98      10
     31      99      10
     31     100      10
     31     109      10
     31     110      10
     31     111      10
     31     112      10
     31     113      10
     31     114      10
     31     115      10
     31     116      10
     32      13      10
     32      14      10
     32      15      10
     32      16      10
     32      17      10
     32      18      10
     32      19      10
     32      20      10
     32      29      10
     32      30      10
     32      31      10
     32      32      10
     32      33      10
     32      34      10
     32      35      10
     32      36      10
     32      45      10
     32      46      10
     32      47      10
     32      48      10
     32      49      10
     32      50      10
     32      51      10
     32      52      10
     32      61      10
     32      62      10
     32      63      10
     32      64      10
     32      65      10
     32      66      10
     32      67      10
     32      68      10
     32      77      10
     32      78      10
     32      79      10
     32      80      10
     32      81      10
     32      82      10
     32      83      10
     32      84      10
     32      93      10
     32      94      10
     32      95      10
     32      96      10
     32      97      10
     32      98      10
     32      99      10
     32     100      10
     32     109      10
     32     110      10
     32     111      10
     32     112      10
     32     113      10
     32     114      10
     32     115      10
     32     116      10
     33      13      10
     33      14      10
     33      15      10
     33      16      10
     33      17      10
     33      18      10
     33      19      10
     33      20      10
     33      29      10
     33      30      10
     33      31      10
     33      32      10
     33      33      10
     33      34      10
     33      35      10
     33      36      10
     33      45      10
     33      46      10
     33      47      10
     33      48      10
     33      49      10
     33      50      10
     33      51      10
     33      52      10
     33      61      10
     33      62      10
     33      63      10
     33      64      10
     33      65      10
     33      66      10
     33      67      10
     33      68      10
     33      77      10
     33      78      10
     33      79      10
     33      80      10
     33      81      10
     33      82      10
     33      83      10
     33      84      10
     33      93      10
     33      94      10
     33      95      10
     33      96      10
     33      97      10
     33      98      10
     33      99      10
     33     100      10
     33     109      10
     33     110      10
     33     111      10
     33     112      10
     33     113      10
     33     114      10
     33     115      10
     33     116      10
     34      13      10
     34      14      10
     34      15      10
     34      16      10
     34      17      10
     34      18      10
     34      19      10
     34      20      10
     34      29      10
     34      30      10
     34      31      10
     34      32      10
     34      33      10
     34      34      10
     34      35      10
     34      36      10
     34      45      10
     34      46      10
     34      47      10
     34      48      10
     34      49      10
     34      50      10
     34      51      10
     34      52      10
     34      61      10
     34      62      10
     34      63      10
     34      64      10
     34      65      10
     34      66      10
     34      67      10
     34      68      10
     34      77      10
     34      78      10
     34      79      10
     34      80      10
     34      81      10
     34      82      10
     34      83      10
     34      84      10
     34      93      10
     34      94      10
     34      95      10
     34      96      10
     34      97      10
     34      98      10
     34      99      10
     34     100      10
     34     109      10
     34     110      10
     34     111      10
     34     112      10
     34     113      10
     34     114      10
     34     115      10
     34     116      10
     35      15      10
     35      16      10
     35      17      10
     35      18      10
     35      31      10
     35      32      10
     35      33      10
     35      34      10
     35      47      10
     35      48      10
     35      49      10
     35      50      10
     35      63      10
     35      64      10
     35      65      10
     35      66      10
     35      79      10
     35      80      10
     35      81      10
     35      82      10
     35      95      10
     35      96      10
     35      97      10
     35      98      10
     35     111      10
     35     112      10
     35     113      10
     35     114      10
     36      15      10
     36      16      10
     36      17      10
     36      18      10
     36      31      10
     36      32      10
     36      33      10
     36      34      10
     36      47      10
     36      48      10
     36      49      10
     36      50      10
     36      63      10
     36      64      10
     36      65      10
     36      66      10
     36      79      10
     36      80      10
     36      81      10
     36      82      10
     36      95      10
     36      96      10
     36      97      10
     36      98      10
     36     111      10
     36     112      10
     36     113      10
     36     114      10
     45      15      10
     45      16      10
     45      17      10
     45      18      10
     45      31      10
     45      32      10
     45      33      10
     45      34      10
     45      47      10
     45      48      10
     45      49      10
     45      50      10
     45      63      10
     45      64      10
     45      65      10
     45      66      10
     45      79      10
     45      80      10
     45      81      10
     45      82      10
     45      95      10
     45      96      10
     45      97      10
     45      98      10
     45     111      10
     45     112      10
     45     113      10
     45     114      10
     46      15      10
     46      16      10
     46      17      10
     46      18      10
     46      31      10
     46      32      10
     46      33      10
     46      34      10
     46      47      10
     46      48      10
     46      49      10
     46      50      10
     46      63      10
     46      64      10
     46      65      10
     46      66      10
     46      79      10
     46      80      10
     46      81      10
     46      82      10
     46      95      10
     46      96      10
     46      97      10
     46      98      10
     46     111      10
     46     112      10
     46     113      10
     46     114      10
     47      13      10
     47      14      10
     47      15      10
     47      16      10
     47      17      10
     47      18      10
     47      19      10
     47      20      10
     47      29      10
     47      30      10
     47      31      10
     47      32      10
     47      33      10
     47      34      10
     47      35      10
     47      36      10
     47      45      10
     47      46      10
     47      47      10
     47      48      10
     47      49      10
     47      50      10
     47      51      10
     47      52      10
     47      61      10
     47      62      10
     47      63      10
     47      64      10
     47      65      10
     47      66      10
     47      67      10
     47      68      10
     47      77      10
     47      78      10
     47      79      10
     47      80      10
     47      81      10
     47      82      10
     47      83      10
     47      84      10
     47      93      10
     47      94      10
     47      95      10
     47      96      10
     47      97      10
     47      98      10
     47      99      10
     47     100      10
     47     109      10
     47     110      10
     47     111      10
     47     112      10
     47     113      10
     47     114      10
     47     115      10
     47     116      10
     48      13      10
     48      14      10
     48      15      10
     48      16      10
     48      17      10
     48      18      10
     48      19      10
     48      20      10
     48      29      10
     48      30      10
     48      31      10
     48      32      10
     48      33      10
     48      34      10
     48      35      10
     48      36      10
     48      45      10
     48      46      10
     48      47      10
     48      48      10
     48      49      10
     48      50      10
     48      51      10
     48      52      10
     48      61      10
     48      62      10
     48      63      10
     48      64      10
     48      65      10
     48      66      10
     48      67      10
     48      68      10
     48      77      10
     48      78      10
     48      79      10
     48      80      10
     48      81      10
     48      82      10
     48      83      10
     48      84      10
     48      93      10
     48      94      10
     48      95      10
     48      96      10
     48      97      10
     48      98      10
     48      99      10
     48     100      10
     48     109      10
     48     110      10
     48     111      10
     48     112      10
     48     113      10
     48     114      10
     48     115      10
     48     116      10
     49      13      10
     49      14      10
     49      15      10
     49      16      10
     49      17      10
     49      18      10
     49      19      10
     49      20      10
     49      29      10
     49      30      10
     49      31      10
     49      32      10
     49      33      10
     49      34      10
     49      35      10
     49      36      10
     49      45      10
     49      46      10
     49      47      10
     49      48      10
     49      49      10
     49      50      10
     49      51      10
     49      52      10
     49      61      10
     49      62      10
     49      63      10
     49      64      10
     49      65      10
     49      66      10
     49      67      10
     49      68      10
     49      77      10
     49      78      10
     49      79      10
     49      80      10
     49      81      10
     49      82      10
     49      83      10
     49      84      10
     49      93      10
     49      94      10
     49      95      10
     49      96      10
     49      97      10
     49      98      10
     49      99      10
     49     100      10
     49     109      10
     49     110      10
     49     111      10
     49     112      10
     49     113      10
     49     114      10
     49     115      10
     49     116      10
     50      13      10
     50      14      10
     50      15      10
     50      16      10
     50      17      10
     50      18      10
     50      19      10
     50      20      10
     50      29      10
     50      30      10
     50      31      10
     50      32      10
     50      33      10
     50      34      10
     50      35      10
     50      36      10
     50      45      10
     50      46      10
     50      47      10
     50      48      10
     50      49      10
     50      50      10
     50      51      10
     50      52      10
     50      61      10
     50      62      10
     50      63      10
     50      64      10
     50      65      10
     50      66      10
     50      67      10
     50      68      10
     50      77      10
     50      78      10
     50      79      10
     50      80      10
     50      81      10
     50      82      10
     50      83      10
     50      84      10
     50      93      10
     50      94      10
     50      95      10
     50      96      10
     50      97      10
     50      98      10
     50      99      10
     50     100      10
     50     109      10
     50     110      10
     50     111      10
     50     112      10
     50     113      10
     50     114      10
     50     115      10
     50     116      10
     51      15      10
     51      16      10
     51      17      10
     51      18      10
     51      31      10
     51      32      10
     51      33      10
     51      34      10
     51      47      10
     51      48      10
     51      49      10
     51      50      10
     51      63      10
     51      64      10
     51      65      10
     51      66      10
     51      79      10
     51      80      10
     51      81      10
     51      82      10
     51      95      10
     51      96      10
     51      97      10
     51      98      10
     51     111      10
     51     112      10
     51     113      10
     51     114      10
     52      15      10
     52      16      10
     52      17      10
     52      18      10
     52      31      10
     52      32      10
     52      33      10
     52      34      10
     52      47      10
     52      48      10
     52      49      10
     52      50      10
     52      63      10
     52      64      10
     52      65      10
     52      66      10
     52      79      10
     52      80      10
     52      81      10
     52      82      10
     52      95      10
     52      96      10
     52      97      10
     52      98      10
     52     111      10
     52     112      10
     52     113      10
     52     114      10
     61      15      10
     61      16      10
     61      17      10
     61      18      10
     61      31      10
     61      32      10
     61      33      10
     61      34      10
     61      47      10
     61      48      10
     61      49      10
     61      50      10
     61      63      10
     61      64      10
     61      65      10
     61      66      10
     61      79      10
     61      80      10
     61      81      10
     61      82      10
     61      95      10
     61      96      10
     61      97      10
     61      98      10
     61     111      10
     61     112      10
     61     113      10
     61     114      10
     62      15      10
     62      16      10
     62      17      10
     62      18      10
     62      31      10
     62      32      10
     62      33      10
     62      34      10
     62      47      10
     62      48      10
     62      49      10
     62      50      10
     62      63      10
     62      64      10
     62      65      10
     62      66      10
     62      79      10
     62      80      10
     62      81      10
     62      82      10
     62      95      10
     62      96      10
     62      97      10
     62      98      10
     62     111      10
     62     112      10
     62     113      10
     62     114      10
     63      13      10
     63      14      10
     63      15      10
     63      16      10
     63      17      10
     63      18      10
     63      19      10
     63      20      10
     63      29      10
     63      30      10
     63      31      10
     63      32      10
     63      33      10
     63      34      10
     63      35      10
     63      36      10
     63      45      10
     63      46      10
     63      47      10
     63      48      10
     63      49      10
     63      50      10
     63      51      10
     63      52      10
     63      61      10
     63      62      10
     63      63      10
     63      64      10
     63      65      10
     63      66      10
     63      67      10
     63      68      10
     63      77      10
     63      78      10
     63      79      10
     63      80      10
     63      81      10
     63      82      10
     63      83      10
     63      84      10
     63      93      10
     63      94      10
     63      95      10
     63      96      10
     63      97      10
     63      98      10
     63      99      10
     63     100      10
     63     109      10
     63     110      10
     63     111      10
     63     112      10
     63     113      10
     63     114      10
     63     115      10
     63     116      10
     64      13      10
     64      14      10
     64      15      10
     64      16      10
     64      17      10
     64      18      10
     64      19      10
     64      20      10
     64      29      10
     64      30      10
     64      31      10
     64      32      10
     64      33      10
     64      34      10
     64      35      10
     64      36      10
     64      45      10
     64      46      10
     64      47      10
     64      48      10
     64      49      10
     64      50      10
     64      51      10
     64      52      10
     64      61      10
     64      62      10
     64      63      10
     64      64      10
     64      65      10
     64      66      10
     64      67      10
     64      68      10
     64      77      10
     64      78      10
     64      79      10
     64      80      10
     64      81      10
     64      82      10
     64      83      10
     64      84      10
     64      93      10
     64      94      10
     64      95      10
     64      96      10
     64      97      10
     64      98      10
     64      99      10
     64     100      10
     64     109      10
     64     110      10
     64     111      10
     64     112      10
     64     113      10
     64     114      10
     64     115      10
     64     116      10
     65      13      10
     65      14      10
     65      15      10
     65      16      10
     65      17      10
     65      18      10
     65      19      10
     65      20      10
     65      29      10
     65      30      10
     65      31      10
     65      32      10
     65      33      10
     65      34      10
     65      35      10
     65      36      10
     65      45      10
     65      46      10
     65      47      10
     65      48      10
     65      49      10
     65      50      10
     65      51      10
     65      52      10
     65      61      10
     65      62      10
     65      63      10
     65      64      10
     65      65      10
     65      66      10
     65      67      10
     65      68      10
     65      77      10
     65      78      10
     65      79      10
     65      80      10
     65      81      10
     65      82      10
     65      83      10
     65      84      10
     65      93      10
     65      94      10
     65      95      10
     65      96      10
     65      97      10
     65      98      10
     65      99      10
     65     100      10
     65     109      10
     65     110      10
     65     111      10
     65     112      10
     65     113      10
     65     114      10
     65     115      10
     65     116      10
     66      13      10
     66      14      10
     66      15      10
     66      16      10
     66      17      10
     66      18      10
     66      19      10
     66      20      10
     66      29      10
     66      30      10
     66      31      10
     66      32      10
     66      33      10
     66      34      10
     66      35      10
     66      36      10
     66      45      10
     66      46      10
     66      47      10
     66      48      10
     66      49      10
     66      50      10
     66      51      10
     66      52      10
     66      61      10
     66      62      10
     66      63      10
     66      64      10
     66      65      10
     66      66      10
     66      67      10
     66      68      10
     66      77      10
     66      78      10
     66      79      10
     66      80      10
     66      81      10
     66      82      10
     66      83      10
     66      84      10
     66      93      10
     66      94      10
     66      95      10
     66      96      10
     66      97      10
     66      98      10
     66      99      10
     66     100      10
     66     109      10
     66     110      10
     66     111      10
     66     112      10
     66     113      10
     66     114      10
     66     115      10
     66     116      10
     67      15      10
     67      16      10
     67      17      10
     67      18      10
     67      31      10
     67      32      10
     67      33      10
     67      34      10
     67      47      10
     67      48      10
     67      49      10
     67      50      10
     67      63      10
     67      64      10
     67      65      10
     67      66      10
     67      79      10
     67      80      10
     67      81      10
     67      82      10
     67      95      10
     67      96      10
     67      97      10
     67      98      10
     67     111      10
     67     112      10
     67     113      10
     67     114      10
     68      15      10
     68      16      10
     68      17      10
     68      18      10
     68      31      10
     68      32      10
     68      33      10
     68      34      10
     68      47      10
     68      48      10
     68      49      10
     68      50      10
     68      63      10
     68      64      10
     68      65      10
     68      66      10
     68      79      10
     68      80      10
     68      81      10
     68      82      10
     68      95      10
     68      96      10
     68      97      10
     68      98      10
     68     111      10
     68     112      10
     68     113      10
     68     114      10
     77      15      10
     77      16      10
     77      17      10
     77      18      10
     77      31      10
     77      32      10
     77      33      10
     77      34      10
     77      47      10
     77      48      10
     77      49      10
     77      50      10
     77      63      10
     77      64      10
     77      65      10
     77      66      10
     77      79      10
     77      80      10
     77      81      10
     77      82      10
     77      95      10
     77      96      10
     77      97      10
     77      98      10
     77     111      10
     77     112      10
     77     113      10
     77     114      10
     78      15      10
     78      16      10
     78      17      10
     78      18      10
     78      31      10
     78      32      10
     78      33      10
     78      34      10
     78      47      10
     78      48      10
     78      49      10
     78      50      10
     78      63      10
     78      64      10
     78      65      10
     78      66      10
     78      79      10
     78      80      10
     78      81      10
     78      82      10
     78      95      10
     78      96      10
     78      97      10
     78      98      10
     78     111      10
     78     112      10
     78     113      10
     78     114      10
     79      13      10
     79      14      10
     79      15      10
     79      16      10
     79      17      10
     79      18      10
     79      19      10
     79      20      10
     79      29      10
     79      30      10
     79      31      10
     79      32      10
     79      33      10
     79      34      10
     79      35      10
     79      36      10
     79      45      10
     79      46      10
     79      47      10
     79      48      10
     79      49      10
     79      50      10
     79      51      10
     79      52      10
     79      61      10
     79      62      10
     79      63      10
     79      64      10
     79      65      10
     79      66      10
     79      67      10
     79      68      10
     79      77      10
     79      78      10
     79      79      10
     79      80      10
     79      81      10
     79      82      10
     79      83      10
     79      84      10
     79      93      10
     79      94      10
     79      95      10
     79      96      10
     79      97      10
     79      98      10
     79      99      10
     79     100      10
     79     109      10
     79     110      10
     79     111      10
     79     112      10
     79     113      10
     79     114      10
     79     115      10
     79     116      10
     80      13      10
     80      14      10
     80      15      10
     80      16      10
     80      17      10
     80      18      10
     80      19      10
     80      20      10
     80      29      10
     80      30      10
     80      31      10
     80      32      10
     80      33      10
     80      34      10
     80      35      10
     80      36      10
     80      45      10
     80      46      10
     80      47      10
     80      48      10
     80      49      10
     80      50      10
     80      51      10
     80      52      10
     80      61      10
     80      62      10
     80      63      10
     80      64      10
     80      65      10
     80      66      10
     80      67      10
     80      68      10
     80      77      10
     80      78      10
     80      79      10
     80      80      10
     80      81      10
     80      82      10
     80      83      10
     80      84      10
     80      93      10
     80      94      10
     80      95      10
     80      96      10
     80      97      10
     80      98      10
     80      99      10
     80     100      10
     80     109      10
     80     110      10
     80     111      10
     80     112      10
     80     113      10
     80     114      10
     80     115      10
     80     116      10
     81      13      10
     81      14      10
     81      15      10
     81      16      10
     81      17      10
     81      18      10
     81      19      10
     81      20      10
     81      29      10
     81      30      10
     81      31      10
     81      32      10
     81      33      10
     81      34      10
     81      35      10
     81      36      10
     81      45      10
     81      46      10
     81      47      10
     81      48      10
     81      49      10
     81      50      10
     81      51      10
     81      52      10
     81      61      10
     81      62      10
     81      63      10
     81      64      10
     81      65      10
     81      66      10
     81      67      10
     81      68      10
     81      77      10
     81      78      10
     81      79      10
     81      80      10
     81      81      10
     81      82      10
     81      83      10
     81      84      10
     81      93      10
     81      94      10
     81      95      10
     81      96      10
     81      97      10
     81      98      10
     81      99      10
     81     100      10
     81     109      10
     81     110      10
     81     111      10
     81     112      10
     81     113      10
     81     114      10
     81     115      10
     81     116      10
     82      13      10
     82      14      10
     82      15      10
     82      16      10
     82      17      10
     82      18      10
     82      19      10
     82      20      10
     82      29      10
     82      30      10
     82      31      10
     82      32      10
     82      33      10
     82      34      10
     82      35      10
     82      36      10
     82      45      10
     82      46      10
     82      47      10
     82      48      10
     82      49      10
     82      50      10
     82      51      10
     82      52      10
     82      61      10
     82      62      10
     82      63      10
     82      64      10
     82      65      10
     82      66      10
     82      67      10
     82      68      10
     82      77      10
     82      78      10
     82      79      10
     82      80      10
     82      81      10
     82      82      10
     82      83      10
     82      84      10
     82      93      10
     82      94      10
     82      95      10
     82      96      10
     82      97      10
     82      98      10
     82      99      10
     82     100      10
     82     109      10
     82     110      10
     82     111      10
     82     112      10
     82     113      10
     82     114      10
     82     115      10
     82     116      10
     83      15      10
     83      16      10
     83      17      10
     83      18      10
     83      31      10
     83      32      10
     83      33      10
     83      34      10
     83      47      10
     83      48      10
     83      49      10
     83      50      10
     83      63      10
     83      64      10
     83      65      10
     83      66      10
     83      79      10
     83      80      10
     83      81      10
     83      82      10
     83      95      10
     83      96      10
     83      97      10
     83      98      10
     83     111      10
     83     112      10
     83     113      10
     83     114      10
     84      15      10
     84      16      10
     84      17      10
     84      18      10
     84      31      10
     84      32      10
     84      33      10
     84      34      10
     84      47      10
     84      48      10
     84      49      10
     84      50      10
     84      63      10
     84      64      10
     84      65      10
     84      66      10
     84      79      10
     84      80      10
     84      81      10
     84      82      10
     84      95      10
     84      96      10
     84      97      10
     84      98      10
     84     111      10
     84     112      10
     84     113      10
     84     114      10
     93      15      10
     93      16      10
     93      17      10
     93      18      10
     93      31      10
     93      32      10
     93      33      10
     93      34      10
     93      47      10
     93      48      10
     93      49      10
     93      50      10
     93      63      10
     93      64      10
     93      65      10
     93      66      10
     93      79      10
     93      80      10
     93      81      10
     93      82      10
     93      95      10
     93      96      10
     93      97      10
     93      98      10
     93     111      10
     93     112      10
     93     113      10
     93     114      10
     94      15      10
     94      16      10
     94      17      10
     94      18      10
     94      31      10
     94      32      10
     94      33      10
     94      34      10
     94      47      10
     94      48      10
     94      49      10
     94      50      10
     94      63      10
     94      64      10
     94      65      10
     94      66      10
     94      79      10
     94      80      10
     94      81      10
     94      82      10
     94      95      10
     94      96      10
     94      97      10
     94      98      10
     94     111      10
     94     112      10
     94     113      10
     94     114      10
     95      13      10
     95      14      10
     95      15      10
     95      16      10
     95      17      10
     95      18      10
     95      19      10
     95      20      10
     95      29      10
     95      30      10
     95      31      10
     95      32      10
     95      33      10
     95      34      10
     95      35      10
     95      36      10
     95      45      10
     95      46      10
     95      47      10
     95      48      10
     95      49      10
     95      50      10
     95      51      10
     95      52      10
     95      61      10
     95      62      10
     95      63      10
     95      64      10
     95      65      10
     95      66      10
     95      67      10
     95      68      10
     95      77      10
     95      78      10
     95      79      10
     95      80      10
     95      81      10
     95      82      10
     95      83      10
     95      84      10
     95      93      10
     95      94      10
     95      95      10
     95      96      10
     95      97      10
     95      98      10
     95      99      10
     95     100      10
     95     109      10
     95     110      10
     95     111      10
     95     112      10
     95     113      10
     95     114      10
     95     115      10
     95     116      10
     96      13      10
     96      14      10
     96      15      10
     96      16      10
     96      17      10
     96      18      10
     96      19      10
     96      20      10
     96      29      10
     96      30      10
     96      31      10
     96      32      10
     96      33      10
     96      34      10
     96      35      10
     96      36      10
     96      45      10
     96      46      10
     96      47      10
     96      48      10
     96      49      10
     96      50      10
     96      51      10
     96      52      10
     96      61      10
     96      62      10
     96      63      10
     96      64      10
     96      65      10
     96      66      10
     96      67      10
     96      68      10
     96      77      10
     96      78      10
     96      79      10
     96      80      10
     96      81      10
     96      82      10
     96      83      10
     96      84      10
     96      93      10
     96      94      10
     96      95      10
     96      96      10
     96      97      10
     96      98      10
     96      99      10
     96     100      10
     96     109      10
     96     110      10
     96     111      10
     96     112      10
     96     113      10
     96     114      10
     96     115      10
     96     116      10
     97      13      10
     97      14      10
     97      15      10
     97      16      10
     97      17      10
     97      18      10
     97      19      10
     97      20      10
     97      29      10
     97      30      10
     97      31      10
     97      32      10
     97      33      10
     97      34      10
     97      35      10
     97      36      10
     97      45      10
     97      46      10
     97      47      10
     97      48      10
     97      49      10
     97      50      10
     97      51      10
     97      52      10
     97      61      10
     97      62      10
     97      63      10
     97      64      10
     97      65      10
     97      66      10
     97      67      10
     97      68      10
     97      77      10
     97      78      10
     97      79      10
     97      80      10
     97      81      10
     97      82      10
     97      83      10
     97      84      10
     97      93      10
     97      94      10
     97      95      10
     97      96      10
     97      97      10
     97      98      10
     97      99      10
     97     100      10
     97     109      10
     97     110      10
     97     111      10
     97     112      10
     97     113      10
     97     114      10
     97     115      10
     97     116      10
     98      13      10
     98      14      10
     98      15      10
     98      16      10
     98      17      10
     98      18      10
     98      19      10
     98      20      10
     98      29      10
     98      30      10
     98      31      10
     98      32      10
     98      33      10
     98      34      10
     98      35      10
     98      36      10
     98      45      10
     98      46      10
     98      47      10
     98      48      10
     98      49      10
     98      50      10
     98      51      10
     98      52      10
     98      61      10
     98      62      10
     98      63      10
     98      64      10
     98      65      10
     98      66      10
     98      67      10
     98      68      10
     98      77      10
     98      78      10
     98      79      10
     98      80      10
     98      81      10
     98      82      10
     98      83      10
     98      84      10
     98      93      10
     98      94      10
     98      95      10
     98      96      10
     98      97      10
     98      98      10
     98      99      10
     98     100      10
     98     109      10
     98     110      10
     98     111      10
     98     112      10
     98     113      10
     98     114      10
     98     115      10
     98     116      10
     99      15      10
     99      16      10
     99      17      10
     99      18      10
     99      31      10
     99      32      10
     99      33      10
     99      34      10
     99      47      10
     99      48      10
     99      49      10
     99      50      10
     99      63      10
     99      64      10
     99      65      10
     99      66      10
     99      79      10
     99      80      10
     99      81      10
     99      82      10
     99      95      10
     99      96      10
     99      97      10
     99      98      10
     99     111      10
     99     112      10
     99     113      10
     99     114      10
    100      15      10
    100      16      10
    100      17      10
    100      18      10
    100      31      10
    100      32      10
    100      33      10
    100      34      10
    100      47      10
    100      48      10
    100      49      10
    100      50      10
    100      63      10
    100      64      10
    100      65      10
    100      66      10
    100      79      10
    100      80      10
    100      81      10
    100      82      10
    100      95      10
    100      96      10
    100      97      10
    100      98      10
    100     111      10
    100     112      10
    100     113      10
    100     114      10
    109      15      10
    109      16      10
    109      17      10
    109      18      10
    109      31      10
    109      32      10
    109      33      10
    109      34      10
    109      47      10
    109      48      10
    109      49      10
    109      50      10
    109      63      10
    109      64      10
    109      65      10
    109      66      10
    109      79      10
    109      80      10
    109      81      10
    109      82      10
    109      95      10
    109      96      10
    109      97      10
    109      98      10
    109     111      10
    109     112      10
    109     113      10
    109     114      10
    110      15      10
    110      16      10
    110      17      10
    110      18      10
    110      31      10
    110      32      10
    110      33      10
    110      34      10
    110      47      10
    110      48      10
    110      49      10
    110      50      10
    110      63      10
    110      64      10
    110      65      10
    110      66      10
    110      79      10
    110      80      10
    110      81      10
    110      82      10
    110      95      10
    110      96      10
    110      97      10
    110      98      10
    110     111      10
    110     112      10
    110     113      10
    110     114      10
    111      13      10
    111      14      10
    111      15      10
    111      16      10
    111      17      10
    111      18      10
    111      19      10
    111      20      10
    111      29      10
    111      30      10
    111      31      10
    111      32      10
    111      33      10
    111      34      10
    111      35      10
    111      36      10
    111      45      10
    111      46      10
    111      47      10
    111      48      10
    111      49      10
    111      50      10
    111      51      10
    111      52      10
    111      61      10
    111      62      10
    111      63      10
    111      64      10
    111      65      10
    111      66      10
    111      67      10
    111      68      10
    111      77      10
    111      78      10
    111      79      10
    111      80      10
    111      81      10
    111      82      10
    111      83      10
    111      84      10
    111      93      10
    111      94      10
    111      95      10
    111      96      10
    111      97      10
    111      98      10
    111      99      10
    111     100      10
    111     109      10
    111     110      10
    111     111      10
    111     112      10
    111     113      10
    111     114      10
    111     115      10
    111     116      10
    112      13      10
    112      14      10
    112      15      10
    112      16      10
    112      17      10
    112      18      10
    112      19      10
    112      20      10
    112      29      10
    112      30      10
    112      31      10
    112      32      10
    112      33      10
    112      34      10
    112      35      10
    112      36      10
    112      45      10
    112      46      10
    112      47      10
    112      48      10
    112      49      10
    112      50      10
    112      51      10
    112      52      10
    112      61      10
    112      62      10
    112      63      10
    112      64      10
    112      65      10
    112      66      10
    112      67      10
    112      68      10
    112      77      10
    112      78      10
    112      79      10
    112      80      10
    112      81      10
    112      82      10
    112      83      10
    112      84      10
    112      93      10
    112      94      10
    112      95      10
    112      96      10
    112      97      10
    112      98      10
    112      99      10
    112     100      10
    112     109      10
    112     110      10
    112     111      10
    112     112      10
    112     113      10
    112     114      10
    112     115      10
    112     116      10
    113      13      10
    113      14      10
    113      15      10
    113      16      10
    113      17      10
    113      18      10
    113      19      10
    113      20      10
    113      29      10
    113      30      10
    113      31      10
    113      32      10
    113      33      10
    113      34      10
    113      35      10
    113      36      10
    113      45      10
    113      46      10
    113      47      10
    113      48      10
    113      49      10
    113      50      10
    113      51      10
    113      52      10
    113      61      10
    113      62      10
    113      63      10
    113      64      10
    113      65      10
    113      66      10
    113      67      10
    113      68      10
    113      77      10
    113      78      10
    113      79      10
    113      80      10
    113      81      10
    113      82      10
    113      83      10
    113      84      10
    113      93      10
    113      94      10
    113      95      10
    113      96      10
    113      97      10
    113      98      10
    113      99      10
    113     100      10
    113     109      10
    113     110      10
    113     111      10
    113     112      10
    113     113      10
    113     114      10
    113     115      10
    113     116      10
    114      13      10
    114      14      10
    114      15      10
    114      16      10
    114      17      10
    114      18      10
    114      19      10
    114      20      10
    114      29      10
    114      30      10
    114      31      10
    114      32      10
    114      33      10
    114      34      10
    114      35      10
    114      36      10
    114      45      10
    114      46      10
    114      47      10
    114      48      10
    114      49      10
    114      50      10
    114      51      10
    114      52      10
    114      61      10
    114      62      10
    114      63      10
    114      64      10
    114      65      10
    114      66      10
    114      67      10
    114      68      10
    114      77      10
    114      78      10
    114      79      10
    114      80      10
    114      81      10
    114      82      10
    114      83      10
    114      84      10
    114      93      10
    114      94      10
    114      95      10
    114      96      10
    114      97      10
    114      98      10
    114      99      10
    114     100      10
    114     109      10
    114     110      10
    114     111      10
    114     112      10
    114     113      10
    114     114      10
    114     115      10
    114     116      10
    115      15      10
    115      16      10
    115      17      10
    115      18      10
    115      31      10
    115      32      10
    115      33      10
    115      34      10
    115      47      10
    115      48      10
    115      49      10
    115      50      10
    115      63      10
    115      64      10
    115      65      10
    115      66      10
    115      79      10
    115      80      10
    115      81      10
    115      82      10
    115      95      10
    115      96      10
    115      97      10
    115      98      10
    115     111      10
    115     112      10
    115     113      10
    115     114      10
    116      15      10
    116      16      10
    116      17      10
    116      18      10
    116      31      10
    116      32      10
    116      33      10
    116      34      10
    116      47      10
    116      48      10
    116      49      10
    116      50      10
    116      63      10
    116      64      10
    116      65      10
    116      66      10
    116      79      10
    116      80      10
    116      81      10
    116      82      10
    116      95      10
    116      96      10
    116      97      10
    116      98      10
    116     111      10
    116     112      10
    116     113      10
    116     114      10
     13      15      11
     13      16      11
     13      17      11
     13      18      11
     13      31      11
     13      32      11
     13      33      11
     13      34      11
     13      47      11
     13      48      11
     13      49      11
     13      50      11
     13      63      11
     13      64      11
     13      65      11
     13      66      11
     13      79      11
     13      80      11
     13      81      11
     13      82      11
     13      95      11
     13      96      11
     13      97      11
     13      98      11
     13     111      11
     13     112      11
     13     113      11
     13     114      11
     14      15      11
     14      16      11
     14      17      11
     14      18      11
     14      31      11
     14      32      11
     14      33      11
     14      34      11
     14      47      11
     14      48      11
     14      49      11
     14      50      11
     14      63      11
     14      64      11
     14      65      11
     14      66      11
     14      79      11
     14      80      11
     14      81      11
     14      82      11
     14      95      11
     14      96      11
     14      97      11
     14      98      11
     14     111      11
     14     112      11
     14     113      11
     14     114      11
     15      13      11
     15      14      11
     15      15      11
     15      16      11
     15      17      11
     15      18      11
     15      19      11
     15      20      11
     15      29      11
     15      30      11
     15      31      11
     15      32      11
     15      33      11
     15      34      11
     15      35      11
     15      36      11
     15      45      11
     15      46      11
     15      47      11
     15      48      11
     15      49      11
     15      50      11
     15      51      11
     15      52      11
     15      61      11
     15      62      11
     15      63      11
     15      64      11
     15      65      11
     15      66      11
     15      67      11
     15      68      11
     15      77      11
     15      78      11
     15      79      11
     15      80      11
     15      81      11
     15      82      11
     15      83      11
     15      84      11
     15      93      11
     15      94      11
     15      95      11
     15      96      11
     15      97      11
     15      98      11
     15      99      11
     15     100      11
     15     109      11
     15     110      11
     15     111      11
     15     112      11
     15     113      11
     15     114      11
     15     115      11
     15     116      11
     16      13      11
     16      14      11
     16      15      11
     16      16      11
     16      17      11
     16      18      11
     16      19      11
     16      20      11
     16      29      11
     16      30      11
     16      31      11
     16      32      11
     16      33      11
     16      34      11
     16      35      11
     16      36      11
     16      45      11
     16      46      11
     16      47      11
     16      48      11
     16      49      11
     16      50      11
     16      51      11
     16      52      11
     16      61      11
     16      62      11
     16      63      11
     16      64      11
     16      65      11
     16      66      11
     16      67      11
     16      68      11
     16      77      11
     16      78      11
     16      79      11
     16      80      11
     16      81      11
     16      82      11
     16      83      11
     16      84      11
     16      93      11
     16      94      11
     16      95      11
     16      96      11
     16      97      11
     16      98      11
     16      99      11
     16     100      11
     16     109      11
     16     110      11
     16     111      11
     16     112      11
     16     113      11
     16     114      11
     16     115      11
     16     116      11
     17      13      11
     17      14      11
     17      15      11
     17      16      11
     17      17      11
     17      18      11
     17      19      11
     17      20      11
     17      29      11
     17      30      11
     17      31      11
     17      32      11
     17      33      11
     17      34      11
     17      35      11
     17      36      11
     17      45      11
     17      46      11
     17      47      11
     17      48      11
     17      49      11
     17      50      11
     17      51      11
     17      52      11
     17      61      11
     17      62      11
     17      63      11
     17      64      11
     17      65      11
     17      66      11
     17      67      11
     17      68      11
     17      77      11
     17      78      11
     17      79      11
     17      80      11
     17      81      11
     17      82      11
     17      83      11
     17      84      11
     17      93      11
     17      94      11
     17      95      11
     17      96      11
     17      97      11
     17      98      11
     17      99      11
     17     100      11
     17     109      11
     17     110      11
     17     111      11
     17     112      11
     17     113      11
     17     114      11
     17     115      11
     17     116      11
     18      13      11
     18      14      11
     18      15      11
     18      16      11
     18      17      11
     18      18      11
     18      19      11
     18      20      11
     18      29      11
     18      30      11
     18      31      11
     18      32      11
     18      33      11
     18      34      11
     18      35      11
     18      36      11
     18      45      11
     18      46      11
     18      47      11
     18      48      11
     18      49      11
     18      50      11
     18      51      11
     18      52      11
     18      61      11
     18      62      11
     18      63      11
     18      64      11
     18      65      11
     18      66      11
     18      67      11
     18      68      11
     18      77      11
     18      78      11
     18      79      11
     18      80      11
     18      81      11
     18      82      11
     18      83      11
     18      84      11
     18      93      11
     18      94      11
     18      95      11
     18      96      11
     18      97      11
     18      98      11
     18      99      11
     18     100      11
     18     109      11
     18     110      11
     18     111      11
     18     112      11
     18     113      11
     18     114      11
     18     115      11
     18     116      11
     19      15      11
     19      16      11
     19      17      11
     19      18      11
     19      31      11
     19      32      11
     19      33      11
     19      34      11
     19      47      11
     19      48      11
     19      49      11
     19      50      11
     19      63      11
     19      64      11
     19      65      11
     19      66      11
     19      79      11
     19      80      11
     19      81      11
     19      82      11
     19      95      11
     19      96      11
     19      97      11
     19      98      11
     19     111      11
     19     112      11
     19     113      11
     19     114      11
     20      15      11
     20      16      11
     20      17      11
     20      18      11
     20      31      11
     20      32      11
     20      33      11
     20      34      11
     20      47      11
     20      48      11
     20      49      11
     20      50      11
     20      63      11
     20      64      11
     20      65      11
     20      66      11
     20      79      11
     20      80      11
     20      81      11
     20      82      11
     20      95      11
     20      96      11
     20      97      11
     20      98      11
     20     111      11
     20     112      11
     20     113      11
     20     114      11
     29      15      11
     29      16      11
     29      17      11
     29      18      11
     29      31      11
     29      32      11
     29      33      11
     29      34      11
     29      47      11
     29      48      11
     29      49      11
     29      50      11
     29      63      11
     29      64      11
     29      65      11
     29      66      11
     29      79      11
     29      80      11
     29      81      11
     29      82      11
     29      95      11
     29      96      11
     29      97      11
     29      98      11
     29     111      11
     29     112      11
     29     113      11
     29     114      11
     30      15      11
     30      16      11
     30      17      11
     30      18      11
     30      31      11
     30      32      11
     30      33      11
     30      34      11
     30      47      11
     30      48      11
     30      49      11
     30      50      11
     30      63      11
     30      64      11
     30      65      11
     30      66      11
     30      79      11
     30      80      11
     30      81      11
     30      82      11
     30      95      11
     30      96      11
     30      97      11
     30      98      11
     30     111      11
     30     112      11
     30     113      11
     30     114      11
     31      13      11
     31      14      11
     31      15      11
     31      16      11
     31      17      11
     31      18      11
     31      19      11
     31      20      11
     31      29      11
     31      30      11
     31      31      11
     31      32      11
     31      33      11
     31      34      11
     31      35      11
     31      36      11
     31      45      11
     31      46      11
     31      47      11
     31      48      11
     31      49      11
     31      50      11
     31      51      11
     31      52      11
     31      61      11
     31      62      11
     31      63      11
     31      64      11
     31      65      11
     31      66      11
     31      67      11
     31      68      11
     31      77      11
     31      78      11
     31      79      11
     31      80      11
     31      81      11
     31      82      11
     31      83      11
     31      84      11
     31      93      11
     31      94      11
     31      95      11
     31      96      11
     31      97      11
     31      98      11
     31      99      11
     31     100      11
     31     109      11
     31     110      11
     31     111      11
     31     112      11
     31     113      11
     31     114      11
     31     115      11
     31     116      11
     32      13      11
     32      14      11
     32      15      11
     32      16      11
     32      17      11
     32      18      11
     32      19      11
     32      20      11
     32      29      11
     32      30      11
     32      31      11
     32      32      11
     32      33      11
     32      34      11
     32      35      11
     32      36      11
     32      45      11
     32      46      11
     32      47      11
     32      48      11
     32      49      11
     32      50      11
     32      51      11
     32      52      11
     32      61      11
     32      62      11
     32      63      11
     32      64      11
     32      65      11
     32      66      11
     32      67      11
     32      68      11
     32      77      11
     32      78      11
     32      79      11
     32      80      11
     32      81      11
     32      82      11
     32      83      11
     32      84      11
     32      93      11
     32      94      11
     32      95      11
     32      96      11
     32      97      11
     32      98      11
     32      99      11
     32     100      11
     32     109      11
     32     110      11
     32     111      11
     32     112      11
     32     113      11
     32     114      11
     32     115      11
     32     116      11
     33      13      11
     33      14      11
     33      15      11
     33      16      11
     33      17      11
     33      18      11
     33      19      11
     33      20      11
     33      29      11
     33      30      11
     33      31      11
     33      32      11
     33      33      11
     33      34      11
     33      35      11
     33      36      11
     33      45      11
     33      46      11
     33      47      11
     33      48      11
     33      49      11
     33      50      11
     33      51      11
     33      52      11
     33      61      11
     33      62      11
     33      63      11
     33      64      11
     33      65      11
     33      66      11
     33      67      11
     33      68      11
     33      77      11
     33      78      11
     33      79      11
     33      80      11
     33      81      11
     33      82      11
     33      83      11
     33      84      11
     33      93      11
     33      94      11
     33      95      11
     33      96      11
     33      97      11
     33      98      11
     33      99      11
     33     100      11
     33     109      11
     33     110      11
     33     111      11
     33     112      11
     33     113      11
     33     114      11
     33     115      11
     33     116      11
     34      13      11
     34      14      11
     34      15      11
     34      16      11
     34      17      11
     34      18      11
     34      19      11
     34      20      11
     34      29      11
     34      30      11
     34      31      11
     34      32      11
     34      33      11
     34      34      11
     34      35      11
     34      36      11
     34      45      11
     34      46      11
     34      47      11
     34      48      11
     34      49      11
     34      50      11
     34      51      11
     34      52      11
     34      61      11
     34      62      11
     34      63      11
     34      64      11
     34      65      11
     34      66      11
     34      67      11
     34      68      11
     34      77      11
     34      78      11
     34      79      11
     34      80      11
     34      81      11
     34      82      11
     34      83      11
     34      84      11
     34      93      11
     34      94      11
     34      95      11
     34      96      11
     34      97      11
     34      98      11
     34      99      11
     34     100      11
     34     109      11
     34     110      11
     34     111      11
     34     112      11
     34     113      11
     34     114      11
     34     115      11
     34     116      11
     35      15      11
     35      16      11
     35      17      11
     35      18      11
     35      31      11
     35      32      11
     35      33      11
     35      34      11
     35      47      11
     35      48      11
     35      49      11
     35      50      11
     35      63      11
     35      64      11
     35      65      11
     35      66      11
     35      79      11
     35      80      11
     35      81      11
     35      82      11
     35      95      11
     35      96      11
     35      97      11
     35      98      11
     35     111      11
     35     112      11
     35     113      11
     35     114      11
     36      15      11
     36      16      11
     36      17      11
     36      18      11
     36      31      11
     36      32      11
     36      33      11
     36      34      11
     36      47      11
     36      48      11
     36      49      11
     36      50      11
     36      63      11
     36      64      11
     36      65      11
     36      66      11
     36      79      11
     36      80      11
     36      81      11
     36      82      11
     36      95      11
     36      96      11
     36      97      11
     36      98      11
     36     111      11
     36     112      11
     36     113      11
     36     114      11
     45      15      11
     45      16      11
     45      17      11
     45      18      11
     45      31      11
     45      32      11
     45      33      11
     45      34      11
     45      47      11
     45      48      11
     45      49      11
     45      50      11
     45      63      11
     45      64      11
     45      65      11
     45      66      11
     45      79      11
     45      80      11
     45      81      11
     45      82      11
     45      95      11
     45      96      11
     45      97      11
     45      98      11
     45     111      11
     45     112      11
     45     113      11
     45     114      11
     46      15      11
     46      16      11
     46      17      11
     46      18      11
     46      31      11
     46      32      11
     46      33      11
     46      34      11
     46      47      11
     46      48      11
     46      49      11
     46      50      11
     46      63      11
     46      64      11
     46      65      11
     46      66      11
     46      79      11
     46      80      11
     46      81      11
     46      82      11
     46      95      11
     46      96      11
     46      97      11
     46      98      11
     46     111      11
     46     112      11
     46     113      11
     46     114      11
     47      13      11
     47      14      11
     47      15      11
     47      16      11
     47      17      11
     47      18      11
     47      19      11
     47      20      11
     47      29      11
     47      30      11
     47      31      11
     47      32      11
     47      33      11
     47      34      11
     47      35      11
     47      36      11
     47      45      11
     47      46      11
     47      47      11
     47      48      11
     47      49      11
     47      50      11
     47      51      11
     47      52      11
     47      61      11
     47      62      11
     47      63      11
     47      64      11
     47      65      11
     47      66      11
     47      67      11
     47      68      11
     47      77      11
     47      78      11
     47      79      11
     47      80      11
     47      81      11
     47      82      11
     47      83      11
     47      84      11
     47      93      11
     47      94      11
     47      95      11
     47      96      11
     47      97      11
     47      98      11
     47      99      11
     47     100      11
     47     109      11
     47     110      11
     47     111      11
     47     112      11
     47     113      11
     47     114      11
     47     115      11
     47     116      11
     48      13      11
     48      14      11
     48      15      11
     48      16      11
     48      17      11
     48      18      11
     48      19      11
     48      20      11
     48      29      11
     48      30      11
     48      31      11
     48      32      11
     48      33      11
     48      34      11
     48      35      11
     48      36      11
     48      45      11
     48      46      11
     48      47      11
     48      48      11
     48      49      11
     48      50      11
     48      51      11
     48      52      11
     48      61      11
     48      62      11
     48      63      11
     48      64      11
     48      65      11
     48      66      11
     48      67      11
     48      68      11
     48      77      11
     48      78      11
     48      79      11
     48      80      11
     48      81      11
     48      82      11
     48      83      11
     48      84      11
     48      93      11
     48      94      11
     48      95      11
     48      96      11
     48      97      11
     48      98      11
     48      99      11
     48     100      11
     48     109      11
     48     110      11
     48     111      11
     48     112      11
     48     113      11
     48     114      11
     48     115      11
     48     116      11
     49      13      11
     49      14      11
     49      15      11
     49      16      11
     49      17      11
     49      18      11
     49      19      11
     49      20      11
     49      29      11
     49      30      11
     49      31      11
     49      32      11
     49      33      11
     49      34      11
     49      35      11
     49      36      11
     49      45      11
     49      46      11
     49      47      11
     49      48      11
     49      49      11
     49      50      11
     49      51      11
     49      52      11
     49      61      11
     49      62      11
     49      63      11
     49      64      11
     49      65      11
     49      66      11
     49      67      11
     49      68      11
     49      77      11
     49      78      11
     49      79      11
     49      80      11
     49      81      11
     49      82      11
     49      83      11
     49      84      11
     49      93      11
     49      94      11
     49      95      11
     49      96      11
     49      97      11
     49      98      11
     49      99      11
     49     100      11
     49     109      11
     49     110      11
     49     111      11
     49     112      11
     49     113      11
     49     114      11
     49     115      11
     49     116      11
     50      13      11
     50      14      11
     50      15      11
     50      16      11
     50      17      11
     50      18      11
     50      19      11
     50      20      11
     50      29      11
     50      30      11
     50      31      11
     50      32      11
     50      33      11
     50      34      11
     50      35      11
     50      36      11
     50      45      11
     50      46      11
     50      47      11
     50      48      11
     50      49      11
     50      50      11
     50      51      11
     50      52      11
     50      61      11
     50      62      11
     50      63      11
     50      64      11
     50      65      11
     50      66      11
     50      67      11
     50      68      11
     50      77      11
     50      78      11
     50      79      11
     50      80      11
     50      81      11
     50      82      11
     50      83      11
     50      84      11
     50      93      11
     50      94      11
     50      95      11
     50      96      11
     50      97      11
     50      98      11
     50      99      11
     50     100      11
     50     109      11
     50     110      11
     50     111      11
     50     112      11
     50     113      11
     50     114      11
     50     115      11
     50     116      11
     51      15      11
     51      16      11
     51      17      11
     51      18      11
     51      31      11
     51      32      11
     51      33      11
     51      34      11
     51      47      11
     51      48      11
     51      49      11
     51      50      11
     51      63      11
     51      64      11
     51      65      11
     51      66      11
     51      79      11
     51      80      11
     51      81      11
     51      82      11
     51      95      11
     51      96      11
     51      97      11
     51      98      11
     51     111      11
     51     112      11
     51     113      11
     51     114      11
     52      15      11
     52      16      11
     52      17      11
     52      18      11
     52      31      11
     52      32      11
     52      33      11
     52      34      11
     52      47      11
     52      48      11
     52      49      11
     52      50      11
     52      63      11
     52      64      11
     52      65      11
     52      66      11
     52      79      11
     52      80      11
     52      81      11
     52      82      11
     52      95      11
     52      96      11
     52      97      11
     52      98      11
     52     111      11
     52     112      11
     52     113      11
     52     114      11
     61      15      11
     61      16      11
     61      17      11
     61      18      11
     61      31      11
     61      32      11
     61      33      11
     61      34      11
     61      47      11
     61      48      11
     61      49      11
     61      50      11
     61      63      11
     61      64      11
     61      65      11
     61      66      11
     61      79      11
     61      80      11
     61      81      11
     61      82      11
     61      95      11
     61      96      11
     61      97      11
     61      98      11
     61     111      11
     61     112      11
     61     113      11
     61     114      11
     62      15      11
     62      16      11
     62      17      11
     62      18      11
     62      31      11
     62      32      11
     62      33      11
     62      34      11
     62      47      11
     62      48      11
     62      49      11
     62      50      11
     62      63      11
     62      64      11
     62      65      11
     62      66      11
     62      79      11
     62      80      11
     62      81      11
     62      82      11
     62      95      11
     62      96      11
     62      97      11
     62      98      11
     62     111      11
     62     112      11
     62     113      11
     62     114      11
     63      13      11
     63      14      11
     63      15      11
     63      16      11
     63      17      11
     63      18      11
     63      19      11
     63      20      11
     63      29      11
     63      30      11
     63      31      11
     63      32      11
     63      33      11
     63      34      11
     63      35      11
     63      36      11
     63      45      11
     63      46      11
     63      47      11
     63      48      11
     63      49      11
     63      50      11
     63      51      11
     63      52      11
     63      61      11
     63      62      11
     63      63      11
     63      64      11
     63      65      11
     63      66      11
     63      67      11
     63      68      11
     63      77      11
     63      78      11
     63      79      11
     63      80      11
     63      81      11
     63      82      11
     63      83      11
     63      84      11
     63      93      11
     63      94      11
     63      95      11
     63      96      11
     63      97      11
     63      98      11
     63      99      11
     63     100      11
     63     109      11
     63     110      11
     63     111      11
     63     112      11
     63     113      11
     63     114      11
     63     115      11
     63     116      11
     64      13      11
     64      14      11
     64      15      11
     64      16      11
     64      17      11
     64      18      11
     64      19      11
     64      20      11
     64      29      11
     64      30      11
     64      31      11
     64      32      11
     64      33      11
     64      34      11
     64      35      11
     64      36      11
     64      45      11
     64      46      11
     64      47      11
     64      48      11
     64      49      11
     64      50      11
     64      51      11
     64      52      11
     64      61      11
     64      62      11
     64      63      11
     64      64      11
     64      65      11
     64      66      11
     64      67      11
     64      68      11
     64      77      11
     64      78      11
     64      79      11
     64      80      11
     64      81      11
     64      82      11
     64      83      11
     64      84      11
     64      93      11
     64      94      11
     64      95      11
     64      96      11
     64      97      11
     64      98      11
     64      99      11
     64     100      11
     64     109      11
     64     110      11
     64     111      11
     64     112      11
     64     113      11
     64     114      11
     64     115      11
     64     116      11
     65      13      11
     65      14      11
     65      15      11
     65      16      11
     65      17      11
     65      18      11
     65      19      11
     65      20      11
     65      29      11
     65      30      11
     65      31      11
     65      32      11
     65      33      11
     65      34      11
     65      35      11
     65      36      11
     65      45      11
     65      46      11
     65      47      11
     65      48      11
     65      49      11
     65      50      11
     65      51      11
     65      52      11
     65      61      11
     65      62      11
     65      63      11
     65      64      11
     65      65      11
     65      66      11
     65      67      11
     65      68      11
     65      77      11
     65      78      11
     65      79      11
     65      80      11
     65      81      11
     65      82      11
     65      83      11
     65      84      11
     65      93      11
     65      94      11
     65      95      11
     65      96      11
     65      97      11
     65      98      11
     65      99      11
     65     100      11
     65     109      11
     65     110      11
     65     111      11
     65     112      11
     65     113      11
     65     114      11
     65     115      11
     65     116      11
     66      13      11
     66      14      11
     66      15      11
     66      16      11
     66      17      11
     66      18      11
     66      19      11
     66      20      11
     66      29      11
     66      30      11
     66      31      11
     66      32      11
     66      33      11
     66      34      11
     66      35      11
     66      36      11
     66      45      11
     66      46      11
     66      47      11
     66      48      11
     66      49      11
     66      50      11
     66      51      11
     66      52      11
     66      61      11
     66      62      11
     66      63      11
     66      64      11
     66      65      11
     66      66      11
     66      67      11
     66      68      11
     66      77      11
     66      78      11
     66      79      11
     66      80      11
     66      81      11
     66      82      11
     66      83      11
     66      84      11
     66      93      11
     66      94      11
     66      95      11
     66      96      11
     66      97      11
     66      98      11
     66      99      11
     66     100      11
     66     109      11
     66     110      11
     66     111      11
     66     112      11
     66     113      11
     66     114      11
     66     115      11
     66     116      11
     67      15      11
     67      16      11
     67      17      11
     67      18      11
     67      31      11
     67      32      11
     67      33      11
     67      34      11
     67      47      11
     67      48      11
     67      49      11
     67      50      11
     67      63      11
     67      64      11
     67      65      11
     67      66      11
     67      79      11
     67      80      11
     67      81      11
     67      82      11
     67      95      11
     67      96      11
     67      97      11
     67      98      11
     67     111      11
     67     112      11
     67     113      11
     67     114      11
     68      15      11
     68      16      11
     68      17      11
     68      18      11
     68      31      11
     68      32      11
     68      33      11
     68      34      11
     68      47      11
     68      48      11
     68      49      11
     68      50      11
     68      63      11
     68      64      11
     68      65      11
     68      66      11
     68      79      11
     68      80      11
     68      81      11
     68      82      11
     68      95      11
     68      96      11
     68      97      11
     68      98      11
     68     111      11
     68     112      11
     68     113      11
     68     114      11
     77      15      11
     77      16      11
     77      17      11
     77      18      11
     77      31      11
     77      32      11
     77      33      11
     77      34      11
     77      47      11
     77      48      11
     77      49      11
     77      50      11
     77      63      11
     77      64      11
     77      65      11
     77      66      11
     77      79      11
     77      80      11
     77      81      11
     77      82      11
     77      95      11
     77      96      11
     77      97      11
     77      98      11
     77     111      11
     77     112      11
     77     113      11
     77     114      11
     78      15      11
     78      16      11
     78      17      11
     78      18      11
     78      31      11
     78      32      11
     78      33      11
     78      34      11
     78      47      11
     78      48      11
     78      49      11
     78      50      11
     78      63      11
     78      64      11
     78      65      11
     78      66      11
     78      79      11
     78      80      11
     78      81      11
     78      82      11
     78      95      11
     78      96      11
     78      97      11
     78      98      11
     78     111      11
     78     112      11
     78     113      11
     78     114      11
     79      13      11
     79      14      11
     79      15      11
     79      16      11
     79      17      11
     79      18      11
     79      19      11
     79      20      11
     79      29      11
     79      30      11
     79      31      11
     79      32      11
     79      33      11
     79      34      11
     79      35      11
     79      36      11
     79      45      11
     79      46      11
     79      47      11
     79      48      11
     79      49      11
     79      50      11
     79      51      11
     79      52      11
     79      61      11
     79      62      11
     79      63      11
     79      64      11
     79      65      11
     79      66      11
     79      67      11
     79      68      11
     79      77      11
     79      78      11
     79      79      11
     79      80      11
     79      81      11
     79      82      11
     79      83      11
     79      84      11
     79      93      11
     79      94      11
     79      95      11
     79      96      11
     79      97      11
     79      98      11
     79      99      11
     79     100      11
     79     109      11
     79     110      11
     79     111      11
     79     112      11
     79     113      11
     79     114      11
     79     115      11
     79     116      11
     80      13      11
     80      14      11
     80      15      11
     80      16      11
     80      17      11
     80      18      11
     80      19      11
     80      20      11
     80      29      11
     80      30      11
     80      31      11
     80      32      11
     80      33      11
     80      34      11
     80      35      11
     80      36      11
     80      45      11
     80      46      11
     80      47      11
     80      48      11
     80      49      11
     80      50      11
     80      51      11
     80      52      11
     80      61      11
     80      62      11
     80      63      11
     80      64      11
     80      65      11
     80      66      11
     80      67      11
     80      68      11
     80      77      11
     80      78      11
     80      79      11
     80      80      11
     80      81      11
     80      82      11
     80      83      11
     80      84      11
     80      93      11
     80      94      11
     80      95      11
     80      96      11
     80      97      11
     80      98      11
     80      99      11
     80     100      11
     80     109      11
     80     110      11
     80     111      11
     80     112      11
     80     113      11
     80     114      11
     80     115      11
     80     116      11
     81      13      11
     81      14      11
     81      15      11
     81      16      11
     81      17      11
     81      18      11
     81      19      11
     81      20      11
     81      29      11
     81      30      11
     81      31      11
     81      32      11
     81      33      11
     81      34      11
     81      35      11
     81      36      11
     81      45      11
     81      46      11
     81      47      11
     81      48      11
     81      49      11
     81      50      11
     81      51      11
     81      52      11
     81      61      11
     81      62      11
     81      63      11
     81      64      11
     81      65      11
     81      66      11
     81      67      11
     81      68      11
     81      77      11
     81      78      11
     81      79      11
     81      80      11
     81      81      11
     81      82      11
     81      83      11
     81      84      11
     81      93      11
     81      94      11
     81      95      11
     81      96      11
     81      97      11
     81      98      11
     81      99      11
     81     100      11
     81     109      11
     81     110      11
     81     111      11
     81     112      11
     81     113      11
     81     114      11
     81     115      11
     81     116      11
     82      13      11
     82      14      11
     82      15      11
     82      16      11
     82      17      11
     82      18      11
     82      19      11
     82      20      11
     82      29      11
     82      30      11
     82      31      11
     82      32      11
     82      33      11
     82      34      11
     82      35      11
     82      36      11
     82      45      11
     82      46      11
     82      47      11
     82      48      11
     82      49      11
     82      50      11
     82      51      11
     82      52      11
     82      61      11
     82      62      11
     82      63      11
     82      64      11
     82      65      11
     82      66      11
     82      67      11
     82      68      11
     82      77      11
     82      78      11
     82      79      11
     82      80      11
     82      81      11
     82      82      11
     82      83      11
     82      84      11
     82      93      11
     82      94      11
     82      95      11
     82      96      11
     82      97      11
     82      98      11
     82      99      11
     82     100      11
     82     109      11
     82     110      11
     82     111      11
     82     112      11
     82     113      11
     82     114      11
     82     115      11
     82     116      11
     83      15      11
     83      16      11
     83      17      11
     83      18      11
     83      31      11
     83      32      11
     83      33      11
     83      34      11
     83      47      11
     83      48      11
     83      49      11
     83      50      11
     83      63      11
     83      64      11
     83      65      11
     83      66      11
     83      79      11
     83      80      11
     83      81      11
     83      82      11
     83      95      11
     83      96      11
     83      97      11
     83      98      11
     83     111      11
     83     112      11
     83     113      11
     83     114      11
     84      15      11
     84      16      11
     84      17      11
     84      18      11
     84      31      11
     84      32      11
     84      33      11
     84      34      11
     84      47      11
     84      48      11
     84      49      11
     84      50      11
     84      63      11
     84      64      11
     84      65      11
     84      66      11
     84      79      11
     84      80      11
     84      81      11
     84      82      11
     84      95      11
     84      96      11
     84      97      11
     84      98      11
     84     111      11
     84     112      11
     84     113      11
     84     114      11
     93      15      11
     93      16      11
     93      17      11
     93      18      11
     93      31      11
     93      32      11
     93      33      11
     93      34      11
     93      47      11
     93      48      11
     93      49      11
     93      50      11
     93      63      11
     93      64      11
     93      65      11
     93      66      11
     93      79      11
     93      80      11
     93      81      11
     93      82      11
     93      95      11
     93      96      11
     93      97      11
     93      98      11
     93     111      11
     93     112      11
     93     113      11
     93     114      11
     94      15      11
     94      16      11
     94      17      11
     94      18      11
     94      31      11
     94      32      11
     94      33      11
     94      34      11
     94      47      11
     94      48      11
     94      49      11
     94      50      11
     94      63      11
     94      64      11
     94      65      11
     94      66      11
     94      79      11
     94      80      11
     94      81      11
     94      82      11
     94      95      11
     94      96      11
     94      97      11
     94      98      11
     94     111      11
     94     112      11
     94     113      11
     94     114      11
     95      13      11
     95      14      11
     95      15      11
     95      16      11
     95      17      11
     95      18      11
     95      19      11
     95      20      11
     95      29      11
     95      30      11
     95      31      11
     95      32      11
     95      33      11
     95      34      11
     95      35      11
     95      36      11
     95      45      11
     95      46      11
     95      47      11
     95      48      11
     95      49      11
     95      50      11
     95      51      11
     95      52      11
     95      61      11
     95      62      11
     95      63      11
     95      64      11
     95      65      11
     95      66      11
     95      67      11
     95      68      11
     95      77      11
     95      78      11
     95      79      11
     95      80      11
     95      81      11
     95      82      11
     95      83      11
     95      84      11
     95      93      11
     95      94      11
     95      95      11
     95      96      11
     95      97      11
     95      98      11
     95      99      11
     95     100      11
     95     109      11
     95     110      11
     95     111      11
     95     112      11
     95     113      11
     95     114      11
     95     115      11
     95     116      11
     96      13      11
     96      14      11
     96      15      11
     96      16      11
     96      17      11
     96      18      11
     96      19      11
     96      20      11
     96      29      11
     96      30      11
     96      31      11
     96      32      11
     96      33      11
     96      34      11
     96      35      11
     96      36      11
     96      45      11
     96      46      11
     96      47      11
     96      48      11
     96      49      11
     96      50      11
     96      51      11
     96      52      11
     96      61      11
     96      62      11
     96      63      11
     96      64      11
     96      65      11
     96      66      11
     96      67      11
     96      68      11
     96      77      11
     96      78      11
     96      79      11
     96      80      11
     96      81      11
     96      82      11
     96      83      11
     96      84      11
     96      93      11
     96      94      11
     96      95      11
     96      96      11
     96      97      11
     96      98      11
     96      99      11
     96     100      11
     96     109      11
     96     110      11
     96     111      11
     96     112      11
     96     113      11
     96     114      11
     96     115      11
     96     116      11
     97      13      11
     97      14      11
     97      15      11
     97      16      11
     97      17      11
     97      18      11
     97      19      11
     97      20      11
     97      29      11
     97      30      11
     97      31      11
     97      32      11
     97      33      11
     97      34      11
     97      35      11
     97      36      11
     97      45      11
     97      46      11
     97      47      11
     97      48      11
     97      49      11
     97      50      11
     97      51      11
     97      52      11
     97      61      11
     97      62      11
     97      63      11
     97      64      11
     97      65      11
     97      66      11
     97      67      11
     97      68      11
     97      77      11
     97      78      11
     97      79      11
     97      80      11
     97      81      11
     97      82      11
     97      83      11
     97      84      11
     97      93      11
     97      94      11
     97      95      11
     97      96      11
     97      97      11
     97      98      11
     97      99      11
     97     100      11
     97     109      11
     97     110      11
     97     111      11
     97     112      11
     97     113      11
     97     114      11
     97     115      11
     97     116      11
     98      13      11
     98      14      11
     98      15      11
     98      16      11
     98      17      11
     98      18      11
     98      19      11
     98      20      11
     98      29      11
     98      30      11
     98      31      11
     98      32      11
     98      33      11
     98      34      11
     98      35      11
     98      36      11
     98      45      11
     98      46      11
     98      47      11
     98      48      11
     98      49      11
     98      50      11
     98      51      11
     98      52      11
     98      61      11
     98      62      11
     98      63      11
     98      64      11
     98      65      11
     98      66      11
     98      67      11
     98      68      11
     98      77      11
     98      78      11
     98      79      11
     98      80      11
     98      81      11
     98      82      11
     98      83      11
     98      84      11
     98      93      11
     98      94      11
     98      95      11
     98      96      11
     98      97      11
     98      98      11
     98      99      11
     98     100      11
     98     109      11
     98     110      11
     98     111      11
     98     112      11
     98     113      11
     98     114      11
     98     115      11
     98     116      11
     99      15      11
     99      16      11
     99      17      11
     99      18      11
     99      31      11
     99      32      11
     99      33      11
     99      34      11
     99      47      11
     99      48      11
     99      49      11
     99      50      11
     99      63      11
     99      64      11
     99      65      11
     99      66      11
     99      79      11
     99      80      11
     99      81      11
     99      82      11
     99      95      11
     99      96      11
     99      97      11
     99      98      11
     99     111      11
     99     112      11
     99     113      11
     99     114      11
    100      15      11
    100      16      11
    100      17      11
    100      18      11
    100      31      11
    100      32      11
    100      33      11
    100      34      11
    100      47      11
    100      48      11
    100      49      11
    100      50      11
    100      63      11
    100      64      11
    100      65      11
    100      66      11
    100      79      11
    100      80      11
    100      81      11
    100      82      11
    100      95      11
    100      96      11
    100      97      11
    100      98      11
    100     111      11
    100     112      11
    100     113      11
    100     114      11
    109      15      11
    109      16      11
    109      17      11
    109      18      11
    109      31      11
    109      32      11
    109      33      11
    109      34      11
    109      47      11
    109      48      11
    109      49      11
    109      50      11
    109      63      11
    109      64      11
    109      65      11
    109      66      11
    109      79      11
    109      80      11
    109      81      11
    109      82      11
    109      95      11
    109      96      11
    109      97      11
    109      98      11
    109     111      11
    109     112      11
    109     113      11
    109     114      11
    110      15      11
    110      16      11
    110      17      11
    110      18      11
    110      31      11
    110      32      11
    110      33      11
    110      34      11
    110      47      11
    110      48      11
    110      49      11
    110      50      11
    110      63      11
    110      64      11
    110      65      11
    110      66      11
    110      79      11
    110      80      11
    110      81      11
    110      82      11
    110      95      11
    110      96      11
    110      97      11
    110      98      11
    110     111      11
    110     112      11
    110     113      11
    110     114      11
    111      13      11
    111      14      11
    111      15      11
    111      16      11
    111      17      11
    111      18      11
    111      19      11
    111      20      11
    111      29      11
    111      30      11
    111      31      11
    111      32      11
    111      33      11
    111      34      11
    111      35      11
    111      36      11
    111      45      11
    111      46      11
    111      47      11
    111      48      11
    111      49      11
    111      50      11
    111      51      11
    111      52      11
    111      61      11
    111      62      11
    111      63      11
    111      64      11
    111      65      11
    111      66      11
    111      67      11
    111      68      11
    111      77      11
    111      78      11
    111      79      11
    111      80      11
    111      81      11
    111      82      11
    111      83      11
    111      84      11
    111      93      11
    111      94      11
    111      95      11
    111      96      11
    111      97      11
    111      98      11
    111      99      11
    111     100      11
    111     109      11
    111     110      11
    111     111      11
    111     112      11
    111     113      11
    111     114      11
    111     115      11
    111     116      11
    112      13      11
    112      14      11
    112      15      11
    112      16      11
    112      17      11
    112      18      11
    112      19      11
    112      20      11
    112      29      11
    112      30      11
    112      31      11
    112      32      11
    112      33      11
    112      34      11
    112      35      11
    112      36      11
    112      45      11
    112      46      11
    112      47      11
    112      48      11
    112      49      11
    112      50      11
    112      51      11
    112      52      11
    112      61      11
    112      62      11
    112      63      11
    112      64      11
    112      65      11
    112      66      11
    112      67      11
    112      68      11
    112      77      11
    112      78      11
    112      79      11
    112      80      11
    112      81      11
    112      82      11
    112      83      11
    112      84      11
    112      93      11
    112      94      11
    112      95      11
    112      96      11
    112      97      11
    112      98      11
    112      99      11
    112     100      11
    112     109      11
    112     110      11
    112     111      11
    112     112      11
    112     113      11
    112     114      11
    112     115      11
    112     116      11
    113      13      11
    113      14      11
    113      15      11
    113      16      11
    113      17      11
    113      18      11
    113      19      11
    113      20      11
    113      29      11
    113      30      11
    113      31      11
    113      32      11
    113      33      11
    113      34      11
    113      35      11
    113      36      11
    113      45      11
    113      46      11
    113      47      11
    113      48      11
    113      49      11
    113      50      11
    113      51      11
    113      52      11
    113      61      11
    113      62      11
    113      63      11
    113      64      11
    113      65      11
    113      66      11
    113      67      11
    113      68      11
    113      77      11
    113      78      11
    113      79      11
    113      80      11
    113      81      11
    113      82      11
    113      83      11
    113      84      11
    113      93      11
    113      94      11
    113      95      11
    113      96      11
    113      97      11
    113      98      11
    113      99      11
    113     100      11
    113     109      11
    113     110      11
    113     111      11
    113     112      11
    113     113      11
    113     114      11
    113     115      11
    113     116      11
    114      13      11
    114      14      11
    114      15      11
    114      16      11
    114      17      11
    114      18      11
    114      19      11
    114      20      11
    114      29      11
    114      30      11
    114      31      11
    114      32      11
    114      33      11
    114      34      11
    114      35      11
    114      36      11
    114      45      11
    114      46      11
    114      47      11
    114      48      11
    114      49      11
    114      50      11
    114      51      11
    114      52      11
    114      61      11
    114      62      11
    114      63      11
    114      64      11
    114      65      11
    114      66      11
    114      67      11
    114      68      11
    114      77      11
    114      78      11
    114      79      11
    114      80      11
    114      81      11
    114      82      11
    114      83      11
    114      84      11
    114      93      11
    114      94      11
    114      95      11
    114      96      11
    114      97      11
    114      98      11
    114      99      11
    114     100      11
    114     109      11
    114     110      11
    114     111      11
    114     112      11
    114     113      11
    114     114      11
    114     115      11
    114     116      11
    115      15      11
    115      16      11
    115      17      11
    115      18      11
    115      31      11
    115      32      11
    115      33      11
    115      34      11
    115      47      11
    115      48      11
    115      49      11
    115      50      11
    115      63      11
    115      64      11
    115      65      11
    115      66      11
    115      79      11
    115      80      11
    115      81      11
    115      82      11
    115      95      11
    115      96      11
    115      97      11
    115      98      11
    115     111      11
    115     112      11
    115     113      11
    115     114      11
    116      15      11
    116      16      11
    116      17      11
    116      18      11
    116      31      11
    116      32      11
    116      33      11
    116      34      11
    116      47      11
    116      48      11
    116      49      11
    116      50      11
    116      63      11
    116      64      11
    116      65      11
    116      66      11
    116      79      11
    116      80      11
    116      81      11
    116      82      11
    116      95      11
    116      96      11
    116      97      11
    116      98      11
    116     111      11
    116     112      11
    116     113      11
    116     114      11
     13      15      12
     13      16      12
     13      17      12
     13      18      12
     13      31      12
     13      32      12
     13      33      12
     13      34      12
     13      47      12
     13      48      12
     13      49      12
     13      50      12
     13      63      12
     13      64      12
     13      65      12
     13      66      12
     13      79      12
     13      80      12
     13      81      12
     13      82      12
     13      95      12
     13      96      12
     13      97      12
     13      98      12
     13     111      12
     13     112      12
     13     113      12
     13     114      12
     14      15      12
     14      16      12
     14      17      12
     14      18      12
     14      31      12
     14      32      12
     14      33      12
     14      34      12
     14      47      12
     14      48      12
     14      49      12
     14      50      12
     14      63      12
     14      64      12
     14      65      12
     14      66      12
     14      79      12
     14      80      12
     14      81      12
     14      82      12
     14      95      12
     14      96      12
     14      97      12
     14      98      12
     14     111      12
     14     112      12
     14     113      12
     14     114      12
     15      13      12
     15      14      12
     15      15      12
     15      16      12
     15      17      12
     15      18      12
     15      19      12
     15      20      12
     15      29      12
     15      30      12
     15      31      12
     15      32      12
     15      33      12
     15      34      12
     15      35      12
     15      36      12
     15      45      12
     15      46      12
     15      47      12
     15      48      12
     15      49      12
     15      50      12
     15      51      12
     15      52      12
     15      61      12
     15      62      12
     15      63      12
     15      64      12
     15      65      12
     15      66      12
     15      67      12
     15      68      12
     15      77      12
     15      78      12
     15      79      12
     15      80      12
     15      81      12
     15      82      12
     15      83      12
     15      84      12
     15      93      12
     15      94      12
     15      95      12
     15      96      12
     15      97      12
     15      98      12
     15      99      12
     15     100      12
     15     109      12
     15     110      12
     15     111      12
     15     112      12
     15     113      12
     15     114      12
     15     115      12
     15     116      12
     16      13      12
     16      14      12
     16      15      12
     16      16      12
     16      17      12
     16      18      12
     16      19      12
     16      20      12
     16      29      12
     16      30      12
     16      31      12
     16      32      12
     16      33      12
     16      34      12
     16      35      12
     16      36      12
     16      45      12
     16      46      12
     16      47      12
     16      48      12
     16      49      12
     16      50      12
     16      51      12
     16      52      12
     16      61      12
     16      62      12
     16      63      12
     16      64      12
     16      65      12
     16      66      12
     16      67      12
     16      68      12
     16      77      12
     16      78      12
     16      79      12
     16      80      12
     16      81      12
     16      82      12
     16      83      12
     16      84      12
     16      93      12
     16      94      12
     16      95      12
     16      96      12
     16      97      12
     16      98      12
     16      99      12
     16     100      12
     16     109      12
     16     110      12
     16     111      12
     16     112      12
     16     113      12
     16     114      12
     16     115      12
     16     116      12
     17      13      12
     17      14      12
     17      15      12
     17      16      12
     17      17      12
     17      18      12
     17      19      12
     17      20      12
     17      29      12
     17      30      12
     17      31      12
     17      32      12
     17      33      12
     17      34      12
     17      35      12
     17      36      12
     17      45      12
     17      46      12
     17      47      12
     17      48      12
     17      49      12
     17      50      12
     17      51      12
     17      52      12
     17      61      12
     17      62      12
     17      63      12
     17      64      12
     17      65      12
     17      66      12
     17      67      12
     17      68      12
     17      77      12
     17      78      12
     17      79      12
     17      80      12
     17      81      12
     17      82      12
     17      83      12
     17      84      12
     17      93      12
     17      94      12
     17      95      12
     17      96      12
     17      97      12
     17      98      12
     17      99      12
     17     100      12
     17     109      12
     17     110      12
     17     111      12
     17     112      12
     17     113      12
     17     114      12
     17     115      12
     17     116      12
     18      13      12
     18      14      12
     18      15      12
     18      16      12
     18      17      12
     18      18      12
     18      19      12
     18      20      12
     18      29      12
     18      30      12
     18      31      12
     18      32      12
     18      33      12
     18      34      12
     18      35      12
     18      36      12
     18      45      12
     18      46      12
     18      47      12
     18      48      12
     18      49      12
     18      50      12
     18      51      12
     18      52      12
     18      61      12
     18      62      12
     18      63      12
     18      64      12
     18      65      12
     18      66      12
     18      67      12
     18      68      12
     18      77      12
     18      78      12
     18      79      12
     18      80      12
     18      81      12
     18      82      12
     18      83      12
     18      84      12
     18      93      12
     18      94      12
     18      95      12
     18      96      12
     18      97      12
     18      98      12
     18      99      12
     18     100      12
     18     109      12
     18     110      12
     18     111      12
     18     112      12
     18     113      12
     18     114      12
     18     115      12
     18     116      12
     19      15      12
     19      16      12
     19      17      12
     19      18      12
     19      31      12
     19      32      12
     19      33      12
     19      34      12
     19      47      12
     19      48      12
     19      49      12
     19      50      12
     19      63      12
     19      64      12
     19      65      12
     19      66      12
     19      79      12
     19      80      12
     19      81      12
     19      82      12
     19      95      12
     19      96      12
     19      97      12
     19      98      12
     19     111      12
     19     112      12
     19     113      12
     19     114      12
     20      15      12
     20      16      12
     20      17      12
     20      18      12
     20      31      12
     20      32      12
     20      33      12
     20      34      12
     20      47      12
     20      48      12
     20      49      12
     20      50      12
     20      63      12
     20      64      12
     20      65      12
     20      66      12
     20      79      12
     20      80      12
     20      81      12
     20      82      12
     20      95      12
     20      96      12
     20      97      12
     20      98      12
     20     111      12
     20     112      12
     20     113      12
     20     114      12
     29      15      12
     29      16      12
     29      17      12
     29      18      12
     29      31      12
     29      32      12
     29      33      12
     29      34      12
     29      47      12
     29      48      12
     29      49      12
     29      50      12
     29      63      12
     29      64      12
     29      65      12
     29      66      12
     29      79      12
     29      80      12
     29      81      12
     29      82      12
     29      95      12
     29      96      12
     29      97      12
     29      98      12
     29     111      12
     29     112      12
     29     113      12
     29     114      12
     30      15      12
     30      16      12
     30      17      12
     30      18      12
     30      31      12
     30      32      12
     30      33      12
     30      34      12
     30      47      12
     30      48      12
     30      49      12
     30      50      12
     30      63      12
     30      64      12
     30      65      12
     30      66      12
     30      79      12
     30      80      12
     30      81      12
     30      82      12
     30      95      12
     30      96      12
     30      97      12
     30      98      12
     30     111      12
     30     112      12
     30     113      12
     30     114      12
     31      13      12
     31      14      12
     31      15      12
     31      16      12
     31      17      12
     31      18      12
     31      19      12
     31      20      12
     31      29      12
     31      30      12
     31      31      12
     31      32      12
     31      33      12
     31      34      12
     31      35      12
     31      36      12
     31      45      12
     31      46      12
     31      47      12
     31      48      12
     31      49      12
     31      50      12
     31      51      12
     31      52      12
     31      61      12
     31      62      12
     31      63      12
     31      64      12
     31      65      12
     31      66      12
     31      67      12
     31      68      12
     31      77      12
     31      78      12
     31      79      12
     31      80      12
     31      81      12
     31      82      12
     31      83      12
     31      84      12
     31      93      12
     31      94      12
     31      95      12
     31      96      12
     31      97      12
     31      98      12
     31      99      12
     31     100      12
     31     109      12
     31     110      12
     31     111      12
     31     112      12
     31     113      12
     31     114      12
     31     115      12
     31     116      12
     32      13      12
     32      14      12
     32      15      12
     32      16      12
     32      17      12
     32      18      12
     32      19      12
     32      20      12
     32      29      12
     32      30      12
     32      31      12
     32      32      12
     32      33      12
     32      34      12
     32      35      12
     32      36      12
     32      45      12
     32      46      12
     32      47      12
     32      48      12
     32      49      12
     32      50      12
     32      51      12
     32      52      12
     32      61      12
     32      62      12
     32      63      12
     32      64      12
     32      65      12
     32      66      12
     32      67      12
     32      68      12
     32      77      12
     32      78      12
     32      79      12
     32      80      12
     32      81      12
     32      82      12
     32      83      12
     32      84      12
     32      93      12
     32      94      12
     32      95      12
     32      96      12
     32      97      12
     32      98      12
     32      99      12
     32     100      12
     32     109      12
     32     110      12
     32     111      12
     32     112      12
     32     113      12
     32     114      12
     32     115      12
     32     116      12
     33      13      12
     33      14      12
     33      15      12
     33      16      12
     33      17      12
     33      18      12
     33      19      12
     33      20      12
     33      29      12
     33      30      12
     33      31      12
     33      32      12
     33      33      12
     33      34      12
     33      35      12
     33      36      12
     33      45      12
     33      46      12
     33      47      12
     33      48      12
     33      49      12
     33      50      12
     33      51      12
     33      52      12
     33      61      12
     33      62      12
     33      63      12
     33      64      12
     33      65      12
     33      66      12
     33      67      12
     33      68      12
     33      77      12
     33      78      12
     33      79      12
     33      80      12
     33      81      12
     33      82      12
     33      83      12
     33      84      12
     33      93      12
     33      94      12
     33      95      12
     33      96      12
     33      97      12
     33      98      12
     33      99      12
     33     100      12
     33     109      12
     33     110      12
     33     111      12
     33     112      12
     33     113      12
     33     114      12
     33     115      12
     33     116      12
     34      13      12
     34      14      12
     34      15      12
     34      16      12
     34      17      12
     34      18      12
     34      19      12
     34      20      12
     34      29      12
     34      30      12
     34      31      12
     34      32      12
     34      33      12
     34      34      12
     34      35      12
     34      36      12
     34      45      12
     34      46      12
     34      47      12
     34      48      12
     34      49      12
     34      50      12
     34      51      12
     34      52      12
     34      61      12
     34      62      12
     34      63      12
     34      64      12
     34      65      12
     34      66      12
     34      67      12
     34      68      12
     34      77      12
     34      78      12
     34      79      12
     34      80      12
     34      81      12
     34      82      12
     34      83      12
     34      84      12
     34      93      12
     34      94      12
     34      95      12
     34      96      12
     34      97      12
     34      98      12
     34      99      12
     34     100      12
     34     109      12
     34     110      12
     34     111      12
     34     112      12
     34     113      12
     34     114      12
     34     115      12
     34     116      12
     35      15      12
     35      16      12
     35      17      12
     35      18      12
     35      31      12
     35      32      12
     35      33      12
     35      34      12
     35      47      12
     35      48      12
     35      49      12
     35      50      12
     35      63      12
     35      64      12
     35      65      12
     35      66      12
     35      79      12
     35      80      12
     35      81      12
     35      82      12
     35      95      12
     35      96      12
     35      97      12
     35      98      12
     35     111      12
     35     112      12
     35     113      12
     35     114      12
     36      15      12
     36      16      12
     36      17      12
     36      18      12
     36      31      12
     36      32      12
     36      33      12
     36      34      12
     36      47      12
     36      48      12
     36      49      12
     36      50      12
     36      63      12
     36      64      12
     36      65      12
     36      66      12
     36      79      12
     36      80      12
     36      81      12
     36      82      12
     36      95      12
     36      96      12
     36      97      12
     36      98      12
     36     111      12
     36     112      12
     36     113      12
     36     114      12
     45      15      12
     45      16      12
     45      17      12
     45      18      12
     45      31      12
     45      32      12
     45      33      12
     45      34      12
     45      47      12
     45      48      12
     45      49      12
     45      50      12
     45      63      12
     45      64      12
     45      65      12
     45      66      12
     45      79      12
     45      80      12
     45      81      12
     45      82      12
     45      95      12
     45      96      12
     45      97      12
     45      98      12
     45     111      12
     45     112      12
     45     113      12
     45     114      12
     46      15      12
     46      16      12
     46      17      12
     46      18      12
     46      31      12
     46      32      12
     46      33      12
     46      34      12
     46      47      12
     46      48      12
     46      49      12
     46      50      12
     46      63      12
     46      64      12
     46      65      12
     46      66      12
     46      79      12
     46      80      12
     46      81      12
     46      82      12
     46      95      12
     46      96      12
     46      97      12
     46      98      12
     46     111      12
     46     112      12
     46     113      12
     46     114      12
     47      13      12
     47      14      12
     47      15      12
     47      16      12
     47      17      12
     47      18      12
     47      19      12
     47      20      12
     47      29      12
     47      30      12
     47      31      12
     47      32      12
     47      33      12
     47      34      12
     47      35      12
     47      36      12
     47      45      12
     47      46      12
     47      47      12
     47      48      12
     47      49      12
     47      50      12
     47      51      12
     47      52      12
     47      61      12
     47      62      12
     47      63      12
     47      64      12
     47      65      12
     47      66      12
     47      67      12
     47      68      12
     47      77      12
     47      78      12
     47      79      12
     47      80      12
     47      81      12
     47      82      12
     47      83      12
     47      84      12
     47      93      12
     47      94      12
     47      95      12
     47      96      12
     47      97      12
     47      98      12
     47      99      12
     47     100      12
     47     109      12
     47     110      12
     47     111      12
     47     112      12
     47     113      12
     47     114      12
     47     115      12
     47     116      12
     48      13      12
     48      14      12
     48      15      12
     48      16      12
     48      17      12
     48      18      12
     48      19      12
     48      20      12
     48      29      12
     48      30      12
     48      31      12
     48      32      12
     48      33      12
     48      34      12
     48      35      12
     48      36      12
     48      45      12
     48      46      12
     48      47      12
     48      48      12
     48      49      12
     48      50      12
     48      51      12
     48      52      12
     48      61      12
     48      62      12
     48      63      12
     48      64      12
     48      65      12
     48      66      12
     48      67      12
     48      68      12
     48      77      12
     48      78      12
     48      79      12
     48      80      12
     48      81      12
     48      82      12
     48      83      12
     48      84      12
     48      93      12
     48      94      12
     48      95      12
     48      96      12
     48      97      12
     48      98      12
     48      99      12
     48     100      12
     48     109      12
     48     110      12
     48     111      12
     48     112      12
     48     113      12
     48     114      12
     48     115      12
     48     116      12
     49      13      12
     49      14      12
     49      15      12
     49      16      12
     49      17      12
     49      18      12
     49      19      12
     49      20      12
     49      29      12
     49      30      12
     49      31      12
     49      32      12
     49      33      12
     49      34      12
     49      35      12
     49      36      12
     49      45      12
     49      46      12
     49      47      12
     49      48      12
     49      49      12
     49      50      12
     49      51      12
     49      52      12
     49      61      12
     49      62      12
     49      63      12
     49      64      12
     49      65      12
     49      66      12
     49      67      12
     49      68      12
     49      77      12
     49      78      12
     49      79      12
     49      80      12
     49      81      12
     49      82      12
     49      83      12
     49      84      12
     49      93      12
     49      94      12
     49      95      12
     49      96      12
     49      97      12
     49      98      12
     49      99      12
     49     100      12
     49     109      12
     49     110      12
     49     111      12
     49     112      12
     49     113      12
     49     114      12
     49     115      12
     49     116      12
     50      13      12
     50      14      12
     50      15      12
     50      16      12
     50      17      12
     50      18      12
     50      19      12
     50      20      12
     50      29      12
     50      30      12
     50      31      12
     50      32      12
     50      33      12
     50      34      12
     50      35      12
     50      36      12
     50      45      12
     50      46      12
     50      47      12
     50      48      12
     50      49      12
     50      50      12
     50      51      12
     50      52      12
     50      61      12
     50      62      12
     50      63      12
     50      64      12
     50      65      12
     50      66      12
     50      67      12
     50      68      12
     50      77      12
     50      78      12
     50      79      12
     50      80      12
     50      81      12
     50      82      12
     50      83      12
     50      84      12
     50      93      12
     50      94      12
     50      95      12
     50      96      12
     50      97      12
     50      98      12
     50      99      12
     50     100      12
     50     109      12
     50     110      12
     50     111      12
     50     112      12
     50     113      12
     50     114      12
     50     115      12
     50     116      12
     51      15      12
     51      16      12
     51      17      12
     51      18      12
     51      31      12
     51      32      12
     51      33      12
     51      34      12
     51      47      12
     51      48      12
     51      49      12
     51      50      12
     51      63      12
     51      64      12
     51      65      12
     51      66      12
     51      79      12
     51      80      12
     51      81      12
     51      82      12
     51      95      12
     51      96      12
     51      97      12
     51      98      12
     51     111      12
     51     112      12
     51     113      12
     51     114      12
     52      15      12
     52      16      12
     52      17      12
     52      18      12
     52      31      12
     52      32      12
     52      33      12
     52      34      12
     52      47      12
     52      48      12
     52      49      12
     52      50      12
     52      63      12
     52      64      12
     52      65      12
     52      66      12
     52      79      12
     52      80      12
     52      81      12
     52      82      12
     52      95      12
     52      96      12
     52      97      12
     52      98      12
     52     111      12
     52     112      12
     52     113      12
     52     114      12
     61      15      12
     61      16      12
     61      17      12
     61      18      12
     61      31      12
     61      32      12
     61      33      12
     61      34      12
     61      47      12
     61      48      12
     61      49      12
     61      50      12
     61      63      12
     61      64      12
     61      65      12
     61      66      12
     61      79      12
     61      80      12
     61      81      12
     61      82      12
     61      95      12
     61      96      12
     61      97      12
     61      98      12
     61     111      12
     61     112      12
     61     113      12
     61     114      12
     62      15      12
     62      16      12
     62      17      12
     62      18      12
     62      31      12
     62      32      12
     62      33      12
     62      34      12
     62      47      12
     62      48      12
     62      49      12
     62      50      12
     62      63      12
     62      64      12
     62      65      12
     62      66      12
     62      79      12
     62      80      12
     62      81      12
     62      82      12
     62      95      12
     62      96      12
     62      97      12
     62      98      12
     62     111      12
     62     112      12
     62     113      12
     62     114      12
     63      13      12
     63      14      12
     63      15      12
     63      16      12
     63      17      12
     63      18      12
     63      19      12
     63      20      12
     63      29      12
     63      30      12
     63      31      12
     63      32      12
     63      33      12
     63      34      12
     63      35      12
     63      36      12
     63      45      12
     63      46      12
     63      47      12
     63      48      12
     63      49      12
     63      50      12
     63      51      12
     63      52      12
     63      61      12
     63      62      12
     63      63      12
     63      64      12
     63      65      12
     63      66      12
     63      67      12
     63      68      12
     63      77      12
     63      78      12
     63      79      12
     63      80      12
     63      81      12
     63      82      12
     63      83      12
     63      84      12
     63      93      12
     63      94      12
     63      95      12
     63      96      12
     63      97      12
     63      98      12
     63      99      12
     63     100      12
     63     109      12
     63     110      12
     63     111      12
     63     112      12
     63     113      12
     63     114      12
     63     115      12
     63     116      12
     64      13      12
     64      14      12
     64      15      12
     64      16      12
     64      17      12
     64      18      12
     64      19      12
     64      20      12
     64      29      12
     64      30      12
     64      31      12
     64      32      12
     64      33      12
     64      34      12
     64      35      12
     64      36      12
     64      45      12
     64      46      12
     64      47      12
     64      48      12
     64      49      12
     64      50      12
     64      51      12
     64      52      12
     64      61      12
     64      62      12
     64      63      12
     64      64      12
     64      65      12
     64      66      12
     64      67      12
     64      68      12
     64      77      12
     64      78      12
     64      79      12
     64      80      12
     64      81      12
     64      82      12
     64      83      12
     64      84      12
     64      93      12
     64      94      12
     64      95      12
     64      96      12
     64      97      12
     64      98      12
     64      99      12
     64     100      12
     64     109      12
     64     110      12
     64     111      12
     64     112      12
     64     113      12
     64     114      12
     64     115      12
     64     116      12
     65      13      12
     65      14      12
     65      15      12
     65      16      12
     65      17      12
     65      18      12
     65      19      12
     65      20      12
     65      29      12
     65      30      12
     65      31      12
     65      32      12
     65      33      12
     65      34      12
     65      35      12
     65      36      12
     65      45      12
     65      46      12
     65      47      12
     65      48      12
     65      49      12
     65      50      12
     65      51      12
     65      52      12
     65      61      12
     65      62      12
     65      63      12
     65      64      12
     65      65      12
     65      66      12
     65      67      12
     65      68      12
     65      77      12
     65      78      12
     65      79      12
     65      80      12
     65      81      12
     65      82      12
     65      83      12
     65      84      12
     65      93      12
     65      94      12
     65      95      12
     65      96      12
     65      97      12
     65      98      12
     65      99      12
     65     100      12
     65     109      12
     65     110      12
     65     111      12
     65     112      12
     65     113      12
     65     114      12
     65     115      12
     65     116      12
     66      13      12
     66      14      12
     66      15      12
     66      16      12
     66      17      12
     66      18      12
     66      19      12
     66      20      12
     66      29      12
     66      30      12
     66      31      12
     66      32      12
     66      33      12
     66      34      12
     66      35      12
     66      36      12
     66      45      12
     66      46      12
     66      47      12
     66      48      12
     66      49      12
     66      50      12
     66      51      12
     66      52      12
     66      61      12
     66      62      12
     66      63      12
     66      64      12
     66      65      12
     66      66      12
     66      67      12
     66      68      12
     66      77      12
     66      78      12
     66      79      12
     66      80      12
     66      81      12
     66      82      12
     66      83      12
     66      84      12
     66      93      12
     66      94      12
     66      95      12
     66      96      12
     66      97      12
     66      98      12
     66      99      12
     66     100      12
     66     109      12
     66     110      12
     66     111      12
     66     112      12
     66     113      12
     66     114      12
     66     115      12
     66     116      12
     67      15      12
     67      16      12
     67      17      12
     67      18      12
     67      31      12
     67      32      12
     67      33      12
     67      34      12
     67      47      12
     67      48      12
     67      49      12
     67      50      12
     67      63      12
     67      64      12
     67      65      12
     67      66      12
     67      79      12
     67      80      12
     67      81      12
     67      82      12
     67      95      12
     67      96      12
     67      97      12
     67      98      12
     67     111      12
     67     112      12
     67     113      12
     67     114      12
     68      15      12
     68      16      12
     68      17      12
     68      18      12
     68      31      12
     68      32      12
     68      33      12
     68      34      12
     68      47      12
     68      48      12
     68      49      12
     68      50      12
     68      63      12
     68      64      12
     68      65      12
     68      66      12
     68      79      12
     68      80      12
     68      81      12
     68      82      12
     68      95      12
     68      96      12
     68      97      12
     68      98      12
     68     111      12
     68     112      12
     68     113      12
     68     114      12
     77      15      12
     77      16      12
     77      17      12
     77      18      12
     77      31      12
     77      32      12
     77      33      12
     77      34      12
     77      47      12
     77      48      12
     77      49      12
     77      50      12
     77      63      12
     77      64      12
     77      65      12
     77      66      12
     77      79      12
     77      80      12
     77      81      12
     77      82      12
     77      95      12
     77      96      12
     77      97      12
     77      98      12
     77     111      12
     77     112      12
     77     113      12
     77     114      12
     78      15      12
     78      16      12
     78      17      12
     78      18      12
     78      31      12
     78      32      12
     78      33      12
     78      34      12
     78      47      12
     78      48      12
     78      49      12
     78      50      12
     78      63      12
     78      64      12
     78      65      12
     78      66      12
     78      79      12
     78      80      12
     78      81      12
     78      82      12
     78      95      12
     78      96      12
     78      97      12
     78      98      12
     78     111      12
     78     112      12
     78     113      12
     78     114      12
     79      13      12
     79      14      12
     79      15      12
     79      16      12
     79      17      12
     79      18      12
     79      19      12
     79      20      12
     79      29      12
     79      30      12
     79      31      12
     79      32      12
     79      33      12
     79      34      12
     79      35      12
     79      36      12
     79      45      12
     79      46      12
     79      47      12
     79      48      12
     79      49      12
     79      50      12
     79      51      12
     79      52      12
     79      61      12
     79      62      12
     79      63      12
     79      64      12
     79      65      12
     79      66      12
     79      67      12
     79      68      12
     79      77      12
     79      78      12
     79      79      12
     79      80      12
     79      81      12
     79      82      12
     79      83      12
     79      84      12
     79      93      12
     79      94      12
     79      95      12
     79      96      12
     79      97      12
     79      98      12
     79      99      12
     79     100      12
     79     109      12
     79     110      12
     79     111      12
     79     112      12
     79     113      12
     79     114      12
     79     115      12
     79     116      12
     80      13      12
     80      14      12
     80      15      12
     80      16      12
     80      17      12
     80      18      12
     80      19      12
     80      20      12
     80      29      12
     80      30      12
     80      31      12
     80      32      12
     80      33      12
     80      34      12
     80      35      12
     80      36      12
     80      45      12
     80      46      12
     80      47      12
     80      48      12
     80      49      12
     80      50      12
     80      51      12
     80      52      12
     80      61      12
     80      62      12
     80      63      12
     80      64      12
     80      65      12
     80      66      12
     80      67      12
     80      68      12
     80      77      12
     80      78      12
     80      79      12
     80      80      12
     80      81      12
     80      82      12
     80      83      12
     80      84      12
     80      93      12
     80      94      12
     80      95      12
     80      96      12
     80      97      12
     80      98      12
     80      99      12
     80     100      12
     80     109      12
     80     110      12
     80     111      12
     80     112      12
     80     113      12
     80     114      12
     80     115      12
     80     116      12
     81      13      12
     81      14      12
     81      15      12
     81      16      12
     81      17      12
     81      18      12
     81      19      12
     81      20      12
     81      29      12
     81      30      12
     81      31      12
     81      32      12
     81      33      12
     81      34      12
     81      35      12
     81      36      12
     81      45      12
     81      46      12
     81      47      12
     81      48      12
     81      49      12
     81      50      12
     81      51      12
     81      52      12
     81      61      12
     81      62      12
     81      63      12
     81      64      12
     81      65      12
     81      66      12
     81      67      12
     81      68      12
     81      77      12
     81      78      12
     81      79      12
     81      80      12
     81      81      12
     81      82      12
     81      83      12
     81      84      12
     81      93      12
     81      94      12
     81      95      12
     81      96      12
     81      97      12
     81      98      12
     81      99      12
     81     100      12
     81     109      12
     81     110      12
     81     111      12
     81     112      12
     81     113      12
     81     114      12
     81     115      12
     81     116      12
     82      13      12
     82      14      12
     82      15      12
     82      16      12
     82      17      12
     82      18      12
     82      19      12
     82      20      12
     82      29      12
     82      30      12
     82      31      12
     82      32      12
     82      33      12
     82      34      12
     82      35      12
     82      36      12
     82      45      12
     82      46      12
     82      47      12
     82      48      12
     82      49      12
     82      50      12
     82      51      12
     82      52      12
     82      61      12
     82      62      12
     82      63      12
     82      64      12
     82      65      12
     82      66      12
     82      67      12
     82      68      12
     82      77      12
     82      78      12
     82      79      12
     82      80      12
     82      81      12
     82      82      12
     82      83      12
     82      84      12
     82      93      12
     82      94      12
     82      95      12
     82      96      12
     82      97      12
     82      98      12
     82      99      12
     82     100      12
     82     109      12
     82     110      12
     82     111      12
     82     112      12
     82     113      12
     82     114      12
     82     115      12
     82     116      12
     83      15      12
     83      16      12
     83      17      12
     83      18      12
     83      31      12
     83      32      12
     83      33      12
     83      34      12
     83      47      12
     83      48      12
     83      49      12
     83      50      12
     83      63      12
     83      64      12
     83      65      12
     83      66      12
     83      79      12
     83      80      12
     83      81      12
     83      82      12
     83      95      12
     83      96      12
     83      97      12
     83      98      12
     83     111      12
     83     112      12
     83     113      12
     83     114      12
     84      15      12
     84      16      12
     84      17      12
     84      18      12
     84      31      12
     84      32      12
     84      33      12
     84      34      12
     84      47      12
     84      48      12
     84      49      12
     84      50      12
     84      63      12
     84      64      12
     84      65      12
     84      66      12
     84      79      12
     84      80      12
     84      81      12
     84      82      12
     84      95      12
     84      96      12
     84      97      12
     84      98      12
     84     111      12
     84     112      12
     84     113      12
     84     114      12
     93      15      12
     93      16      12
     93      17      12
     93      18      12
     93      31      12
     93      32      12
     93      33      12
     93      34      12
     93      47      12
     93      48      12
     93      49      12
     93      50      12
     93      63      12
     93      64      12
     93      65      12
     93      66      12
     93      79      12
     93      80      12
     93      81      12
     93      82      12
     93      95      12
     93      96      12
     93      97      12
     93      98      12
     93     111      12
     93     112      12
     93     113      12
     93     114      12
     94      15      12
     94      16      12
     94      17      12
     94      18      12
     94      31      12
     94      32      12
     94      33      12
     94      34      12
     94      47      12
     94      48      12
     94      49      12
     94      50      12
     94      63      12
     94      64      12
     94      65      12
     94      66      12
     94      79      12
     94      80      12
     94      81      12
     94      82      12
     94      95      12
     94      96      12
     94      97      12
     94      98      12
     94     111      12
     94     112      12
     94     113      12
     94     114      12
     95      13      12
     95      14      12
     95      15      12
     95      16      12
     95      17      12
     95      18      12
     95      19      12
     95      20      12
     95      29      12
     95      30      12
     95      31      12
     95      32      12
     95      33      12
     95      34      12
     95      35      12
     95      36      12
     95      45      12
     95      46      12
     95      47      12
     95      48      12
     95      49      12
     95      50      12
     95      51      12
     95      52      12
     95      61      12
     95      62      12
     95      63      12
     95      64      12
     95      65      12
     95      66      12
     95      67      12
     95      68      12
     95      77      12
     95      78      12
     95      79      12
     95      80      12
     95      81      12
     95      82      12
     95      83      12
     95      84      12
     95      93      12
     95      94      12
     95      95      12
     95      96      12
     95      97      12
     95      98      12
     95      99      12
     95     100      12
     95     109      12
     95     110      12
     95     111      12
     95     112      12
     95     113      12
     95     114      12
     95     115      12
     95     116      12
     96      13      12
     96      14      12
     96      15      12
     96      16      12
     96      17      12
     96      18      12
     96      19      12
     96      20      12
     96      29      12
     96      30      12
     96      31      12
     96      32      12
     96      33      12
     96      34      12
     96      35      12
     96      36      12
     96      45      12
     96      46      12
     96      47      12
     96      48      12
     96      49      12
     96      50      12
     96      51      12
     96      52      12
     96      61      12
     96      62      12
     96      63      12
     96      64      12
     96      65      12
     96      66      12
     96      67      12
     96      68      12
     96      77      12
     96      78      12
     96      79      12
     96      80      12
     96      81      12
     96      82      12
     96      83      12
     96      84      12
     96      93      12
     96      94      12
     96      95      12
     96      96      12
     96      97      12
     96      98      12
     96      99      12
     96     100      12
     96     109      12
     96     110      12
     96     111      12
     96     112      12
     96     113      12
     96     114      12
     96     115      12
     96     116      12
     97      13      12
     97      14      12
     97      15      12
     97      16      12
     97      17      12
     97      18      12
     97      19      12
     97      20      12
     97      29      12
     97      30      12
     97      31      12
     97      32      12
     97      33      12
     97      34      12
     97      35      12
     97      36      12
     97      45      12
     97      46      12
     97      47      12
     97      48      12
     97      49      12
     97      50      12
     97      51      12
     97      52      12
     97      61      12
     97      62      12
     97      63      12
     97      64      12
     97      65      12
     97      66      12
     97      67      12
     97      68      12
     97      77      12
     97      78      12
     97      79      12
     97      80      12
     97      81      12
     97      82      12
     97      83      12
     97      84      12
     97      93      12
     97      94      12
     97      95      12
     97      96      12
     97      97      12
     97      98      12
     97      99      12
     97     100      12
     97     109      12
     97     110      12
     97     111      12
     97     112      12
     97     113      12
     97     114      12
     97     115      12
     97     116      12
     98      13      12
     98      14      12
     98      15      12
     98      16      12
     98      17      12
     98      18      12
     98      19      12
     98      20      12
     98      29      12
     98      30      12
     98      31      12
     98      32      12
     98      33      12
     98      34      12
     98      35      12
     98      36      12
     98      45      12
     98      46      12
     98      47      12
     98      48      12
     98      49      12
     98      50      12
     98      51      12
     98      52      12
     98      61      12
     98      62      12
     98      63      12
     98      64      12
     98      65      12
     98      66      12
     98      67      12
     98      68      12
     98      77      12
     98      78      12
     98      79      12
     98      80      12
     98      81      12
     98      82      12
     98      83      12
     98      84      12
     98      93      12
     98      94      12
     98      95      12
     98      96      12
     98      97      12
     98      98      12
     98      99      12
     98     100      12
     98     109      12
     98     110      12
     98     111      12
     98     112      12
     98     113      12
     98     114      12
     98     115      12
     98     116      12
     99      15      12
     99      16      12
     99      17      12
     99      18      12
     99      31      12
     99      32      12
     99      33      12
     99      34      12
     99      47      12
     99      48      12
     99      49      12
     99      50      12
     99      63      12
     99      64      12
     99      65      12
     99      66      12
     99      79      12
     99      80      12
     99      81      12
     99      82      12
     99      95      12
     99      96      12
     99      97      12
     99      98      12
     99     111      12
     99     112      12
     99     113      12
     99     114      12
    100      15      12
    100      16      12
    100      17      12
    100      18      12
    100      31      12
    100      32      12
    100      33      12
    100      34      12
    100      47      12
    100      48      12
    100      49      12
    100      50      12
    100      63      12
    100      64      12
    100      65      12
    100      66      12
    100      79      12
    100      80      12
    100      81      12
    100      82      12
    100      95      12
    100      96      12
    100      97      12
    100      98      12
    100     111      12
    100     112      12
    100     113      12
    100     114      12
    109      15      12
    109      16      12
    109      17      12
    109      18      12
    109      31      12
    109      32      12
    109      33      12
    109      34      12
    109      47      12
    109      48      12
    109      49      12
    109      50      12
    109      63      12
    109      64      12
    109      65      12
    109      66      12
    109      79      12
    109      80      12
    109      81      12
    109      82      12
    109      95      12
    109      96      12
    109      97      12
    109      98      12
    109     111      12
    109     112      12
    109     113      12
    109     114      12
    110      15      12
    110      16      12
    110      17      12
    110      18      12
    110      31      12
    110      32      12
    110      33      12
    110      34      12
    110      47      12
    110      48      12
    110      49      12
    110      50      12
    110      63      12
    110      64      12
    110      65      12
    110      66      12
    110      79      12
    110      80      12
    110      81      12
    110      82      12
    110      95      12
    110      96      12
    110      97      12
    110      98      12
    110     111      12
    110     112      12
    110     113      12
    110     114      12
    111      13      12
    111      14      12
    111      15      12
    111      16      12
    111      17      12
    111      18      12
    111      19      12
    111      20      12
    111      29      12
    111      30      12
    111      31      12
    111      32      12
    111      33      12
    111      34      12
    111      35      12
    111      36      12
    111      45      12
    111      46      12
    111      47      12
    111      48      12
    111      49      12
    111      50      12
    111      51      12
    111      52      12
    111      61      12
    111      62      12
    111      63      12
    111      64      12
    111      65      12
    111      66      12
    111      67      12
    111      68      12
    111      77      12
    111      78      12
    111      79      12
    111      80      12
    111      81      12
    111      82      12
    111      83      12
    111      84      12
    111      93      12
    111      94      12
    111      95      12
    111      96      12
    111      97      12
    111      98      12
    111      99      12
    111     100      12
    111     109      12
    111     110      12
    111     111      12
    111     112      12
    111     113      12
    111     114      12
    111     115      12
    111     116      12
    112      13      12
    112      14      12
    112      15      12
    112      16      12
    112      17      12
    112      18      12
    112      19      12
    112      20      12
    112      29      12
    112      30      12
    112      31      12
    112      32      12
    112      33      12
    112      34      12
    112      35      12
    112      36      12
    112      45      12
    112      46      12
    112      47      12
    112      48      12
    112      49      12
    112      50      12
    112      51      12
    112      52      12
    112      61      12
    112      62      12
    112      63      12
    112      64      12
    112      65      12
    112      66      12
    112      67      12
    112      68      12
    112      77      12
    112      78      12
    112      79      12
    112      80      12
    112      81      12
    112      82      12
    112      83      12
    112      84      12
    112      93      12
    112      94      12
    112      95      12
    112      96      12
    112      97      12
    112      98      12
    112      99      12
    112     100      12
    112     109      12
    112     110      12
    112     111      12
    112     112      12
    112     113      12
    112     114      12
    112     115      12
    112     116      12
    113      13      12
    113      14      12
    113      15      12
    113      16      12
    113      17      12
    113      18      12
    113      19      12
    113      20      12
    113      29      12
    113      30      12
    113      31      12
    113      32      12
    113      33      12
    113      34      12
    113      35      12
    113      36      12
    113      45      12
    113      46      12
    113      47      12
    113      48      12
    113      49      12
    113      50      12
    113      51      12
    113      52      12
    113      61      12
    113      62      12
    113      63      12
    113      64      12
    113      65      12
    113      66      12
    113      67      12
    113      68      12
    113      77      12
    113      78      12
    113      79      12
    113      80      12
    113      81      12
    113      82      12
    113      83      12
    113      84      12
    113      93      12
    113      94      12
    113      95      12
    113      96      12
    113      97      12
    113      98      12
    113      99      12
    113     100      12
    113     109      12
    113     110      12
    113     111      12
    113     112      12
    113     113      12
    113     114      12
    113     115      12
    113     116      12
    114      13      12
    114      14      12
    114      15      12
    114      16      12
    114      17      12
    114      18      12
    114      19      12
    114      20      12
    114      29      12
    114      30      12
    114      31      12
    114      32      12
    114      33      12
    114      34      12
    114      35      12
    114      36      12
    114      45      12
    114      46      12
    114      47      12
    114      48      12
    114      49      12
    114      50      12
    114      51      12
    114      52      12
    114      61      12
    114      62      12
    114      63      12
    114      64      12
    114      65      12
    114      66      12
    114      67      12
    114      68      12
    114      77      12
    114      78      12
    114      79      12
    114      80      12
    114      81      12
    114      82      12
    114      83      12
    114      84      12
    114      93      12
    114      94      12
    114      95      12
    114      96      12
    114      97      12
    114      98      12
    114      99      12
    114     100      12
    114     109      12
    114     110      12
    114     111      12
    114     112      12
    114     113      12
    114     114      12
    114     115      12
    114     116      12
    115      15      12
    115      16      12
    115      17      12
    115      18      12
    115      31      12
    115      32      12
    115      33      12
    115      34      12
    115      47      12
    115      48      12
    115      49      12
    115      50      12
    115      63      12
    115      64      12
    115      65      12
    115      66      12
    115      79      12
    115      80      12
    115      81      12
    115      82      12
    115      95      12
    115      96      12
    115      97      12
    115      98      12
    115     111      12
    115     112      12
    115     113      12
    115     114      12
    116      15      12
    116      16      12
    116      17      12
    116      18      12
    116      31      12
    116      32      12
    116      33      12
    116      34      12
    116      47      12
    116      48      12
    116      49      12
    116      50      12
    116      63      12
    116      64      12
    116      65      12
    116      66      12
    116      79      12
    116      80      12
    116      81      12
    116      82      12
    116      95      12
    116      96      12
    116      97      12
    116      98      12
    116     111      12
    116     112      12
    116     113      12
    116     114      12
     15      15      13
     15      16      13
     15      17      13
     15      18      13
     15      31      13
     15      32      13
     15      33      13
     15      34      13
     15      47      13
     15      48      13
     15      49      13
     15      50      13
     15      63      13
     15      64      13
     15      65      13
     15      66      13
     15      79      13
     15      80      13
     15      81      13
     15      82      13
     15      95      13
     15      96      13
     15      97      13
     15      98      13
     15     111      13
     15     112      13
     15     113      13
     15     114      13
     16      15      13
     16      16      13
     16      17      13
     16      18      13
     16      31      13
     16      32      13
     16      33      13
     16      34      13
     16      47      13
     16      48      13
     16      49      13
     16      50      13
     16      63      13
     16      64      13
     16      65      13
     16      66      13
     16      79      13
     16      80      13
     16      81      13
     16      82      13
     16      95      13
     16      96      13
     16      97      13
     16      98      13
     16     111      13
     16     112      13
     16     113      13
     16     114      13
     17      15      13
     17      16      13
     17      17      13
     17      18      13
     17      31      13
     17      32      13
     17      33      13
     17      34      13
     17      47      13
     17      48      13
     17      49      13
     17      50      13
     17      63      13
     17      64      13
     17      65      13
     17      66      13
     17      79      13
     17      80      13
     17      81      13
     17      82      13
     17      95      13
     17      96      13
     17      97      13
     17      98      13
     17     111      13
     17     112      13
     17     113      13
     17     114      13
     18      15      13
     18      16      13
     18      17      13
     18      18      13
     18      31      13
     18      32      13
     18      33      13
     18      34      13
     18      47      13
     18      48      13
     18      49      13
     18      50      13
     18      63      13
     18      64      13
     18      65      13
     18      66      13
     18      79      13
     18      80      13
     18      81      13
     18      82      13
     18      95      13
     18      96      13
     18      97      13
     18      98      13
     18     111      13
     18     112      13
     18     113      13
     18     114      13
     31      15      13
     31      16      13
     31      17      13
     31      18      13
     31      31      13
     31      32      13
     31      33      13
     31      34      13
     31      47      13
     31      48      13
     31      49      13
     31      50      13
     31      63      13
     31      64      13
     31      65      13
     31      66      13
     31      79      13
     31      80      13
     31      81      13
     31      82      13
     31      95      13
     31      96      13
     31      97      13
     31      98      13
     31     111      13
     31     112      13
     31     113      13
     31     114      13
     32      15      13
     32      16      13
     32      17      13
     32      18      13
     32      31      13
     32      32      13
     32      33      13
     32      34      13
     32      47      13
     32      48      13
     32      49      13
     32      50      13
     32      63      13
     32      64      13
     32      65      13
     32      66      13
     32      79      13
     32      80      13
     32      81      13
     32      82      13
     32      95      13
     32      96      13
     32      97      13
     32      98      13
     32     111      13
     32     112      13
     32     113      13
     32     114      13
     33      15      13
     33      16      13
     33      17      13
     33      18      13
     33      31      13
     33      32      13
     33      33      13
     33      34      13
     33      47      13
     33      48      13
     33      49      13
     33      50      13
     33      63      13
     33      64      13
     33      65      13
     33      66      13
     33      79      13
     33      80      13
     33      81      13
     33      82      13
     33      95      13
     33      96      13
     33      97      13
     33      98      13
     33     111      13
     33     112      13
     33     113      13
     33     114      13
     34      15      13
     34      16      13
     34      17      13
     34      18      13
     34      31      13
     34      32      13
     34      33      13
     34      34      13
     34      47      13
     34      48      13
     34      49      13
     34      50      13
     34      63      13
     34      64      13
     34      65      13
     34      66      13
     34      79      13
     34      80      13
     34      81      13
     34      82      13
     34      95      13
     34      96      13
     34      97      13
     34      98      13
     34     111      13
     34     112      13
     34     113      13
     34     114      13
     47      15      13
     47      16      13
     47      17      13
     47      18      13
     47      31      13
     47      32      13
     47      33      13
     47      34      13
     47      47      13
     47      48      13
     47      49      13
     47      50      13
     47      63      13
     47      64      13
     47      65      13
     47      66      13
     47      79      13
     47      80      13
     47      81      13
     47      82      13
     47      95      13
     47      96      13
     47      97      13
     47      98      13
     47     111      13
     47     112      13
     47     113      13
     47     114      13
     48      15      13
     48      16      13
     48      17      13
     48      18      13
     48      31      13
     48      32      13
     48      33      13
     48      34      13
     48      47      13
     48      48      13
     48      49      13
     48      50      13
     48      63      13
     48      64      13
     48      65      13
     48      66      13
     48      79      13
     48      80      13
     48      81      13
     48      82      13
     48      95      13
     48      96      13
     48      97      13
     48      98      13
     48     111      13
     48     112      13
     48     113      13
     48     114      13
     49      15      13
     49      16      13
     49      17      13
     49      18      13
     49      31      13
     49      32      13
     49      33      13
     49      34      13
     49      47      13
     49      48      13
     49      49      13
     49      50      13
     49      63      13
     49      64      13
     49      65      13
     49      66      13
     49      79      13
     49      80      13
     49      81      13
     49      82      13
     49      95      13
     49      96      13
     49      97      13
     49      98      13
     49     111      13
     49     112      13
     49     113      13
     49     114      13
     50      15      13
     50      16      13
     50      17      13
     50      18      13
     50      31      13
     50      32      13
     50      33      13
     50      34      13
     50      47      13
     50      48      13
     50      49      13
     50      50      13
     50      63      13
     50      64      13
     50      65      13
     50      66      13
     50      79      13
     50      80      13
     50      81      13
     50      82      13
     50      95      13
     50      96      13
     50      97      13
     50      98      13
     50     111      13
     50     112      13
     50     113      13
     50     114      13
     63      15      13
     63      16      13
     63      17      13
     63      18      13
     63      31      13
     63      32      13
     63      33      13
     63      34      13
     63      47      13
     63      48      13
     63      49      13
     63      50      13
     63      63      13
     63      64      13
     63      65      13
     63      66      13
     63      79      13
     63      80      13
     63      81      13
     63      82      13
     63      95      13
     63      96      13
     63      97      13
     63      98      13
     63     111      13
     63     112      13
     63     113      13
     63     114      13
     64      15      13
     64      16      13
     64      17      13
     64      18      13
     64      31      13
     64      32      13
     64      33      13
     64      34      13
     64      47      13
     64      48      13
     64      49      13
     64      50      13
     64      63      13
     64      64      13
     64      65      13
     64      66      13
     64      79      13
     64      80      13
     64      81      13
     64      82      13
     64      95      13
     64      96      13
     64      97      13
     64      98      13
     64     111      13
     64     112      13
     64     113      13
     64     114      13
     65      15      13
     65      16      13
     65      17      13
     65      18      13
     65      31      13
     65      32      13
     65      33      13
     65      34      13
     65      47      13
     65      48      13
     65      49      13
     65      50      13
     65      63      13
     65      64      13
     65      65      13
     65      66      13
     65      79      13
     65      80      13
     65      81      13
     65      82      13
     65      95      13
     65      96      13
     65      97      13
     65      98      13
     65     111      13
     65     112      13
     65     113      13
     65     114      13
     66      15      13
     66      16      13
     66      17      13
     66      18      13
     66      31      13
     66      32      13
     66      33      13
     66      34      13
     66      47      13
     66      48      13
     66      49      13
     66      50      13
     66      63      13
     66      64      13
     66      65      13
     66      66      13
     66      79      13
     66      80      13
     66      81      13
     66      82      13
     66      95      13
     66      96      13
     66      97      13
     66      98      13
     66     111      13
     66     112      13
     66     113      13
     66     114      13
     79      15      13
     79      16      13
     79      17      13
     79      18      13
     79      31      13
     79      32      13
     79      33      13
     79      34      13
     79      47      13
     79      48      13
     79      49      13
     79      50      13
     79      63      13
     79      64      13
     79      65      13
     79      66      13
     79      79      13
     79      80      13
     79      81      13
     79      82      13
     79      95      13
     79      96      13
     79      97      13
     79      98      13
     79     111      13
     79     112      13
     79     113      13
     79     114      13
     80      15      13
     80      16      13
     80      17      13
     80      18      13
     80      31      13
     80      32      13
     80      33      13
     80      34      13
     80      47      13
     80      48      13
     80      49      13
     80      50      13
     80      63      13
     80      64      13
     80      65      13
     80      66      13
     80      79      13
     80      80      13
     80      81      13
     80      82      13
     80      95      13
     80      96      13
     80      97      13
     80      98      13
     80     111      13
     80     112      13
     80     113      13
     80     114      13
     81      15      13
     81      16      13
     81      17      13
     81      18      13
     81      31      13
     81      32      13
     81      33      13
     81      34      13
     81      47      13
     81      48      13
     81      49      13
     81      50      13
     81      63      13
     81      64      13
     81      65      13
     81      66      13
     81      79      13
     81      80      13
     81      81      13
     81      82      13
     81      95      13
     81      96      13
     81      97      13
     81      98      13
     81     111      13
     81     112      13
     81     113      13
     81     114      13
     82      15      13
     82      16      13
     82      17      13
     82      18      13
     82      31      13
     82      32      13
     82      33      13
     82      34      13
     82      47      13
     82      48      13
     82      49      13
     82      50      13
     82      63      13
     82      64      13
     82      65      13
     82      66      13
     82      79      13
     82      80      13
     82      81      13
     82      82      13
     82      95      13
     82      96      13
     82      97      13
     82      98      13
     82     111      13
     82     112      13
     82     113      13
     82     114      13
     95      15      13
     95      16      13
     95      17      13
     95      18      13
     95      31      13
     95      32      13
     95      33      13
     95      34      13
     95      47      13
     95      48      13
     95      49      13
     95      50      13
     95      63      13
     95      64      13
     95      65      13
     95      66      13
     95      79      13
     95      80      13
     95      81      13
     95      82      13
     95      95      13
     95      96      13
     95      97      13
     95      98      13
     95     111      13
     95     112      13
     95     113      13
     95     114      13
     96      15      13
     96      16      13
     96      17      13
     96      18      13
     96      31      13
     96      32      13
     96      33      13
     96      34      13
     96      47      13
     96      48      13
     96      49      13
     96      50      13
     96      63      13
     96      64      13
     96      65      13
     96      66      13
     96      79      13
     96      80      13
     96      81      13
     96      82      13
     96      95      13
     96      96      13
     96      97      13
     96      98      13
     96     111      13
     96     112      13
     96     113      13
     96     114      13
     97      15      13
     97      16      13
     97      17      13
     97      18      13
     97      31      13
     97      32      13
     97      33      13
     97      34      13
     97      47      13
     97      48      13
     97      49      13
     97      50      13
     97      63      13
     97      64      13
     97      65      13
     97      66      13
     97      79      13
     97      80      13
     97      81      13
     97      82      13
     97      95      13
     97      96      13
     97      97      13
     97      98      13
     97     111      13
     97     112      13
     97     113      13
     97     114      13
     98      15      13
     98      16      13
     98      17      13
     98      18      13
     98      31      13
     98      32      13
     98      33      13
     98      34      13
     98      47      13
     98      48      13
     98      49      13
     98      50      13
     98      63      13
     98      64      13
     98      65      13
     98      66      13
     98      79      13
     98      80      13
     98      81      13
     98      82      13
     98      95      13
     98      96      13
     98      97      13
     98      98      13
     98     111      13
     98     112      13
     98     113      13
     98     114      13
    111      15      13
    111      16      13
    111      17      13
    111      18      13
    111      31      13
    111      32      13
    111      33      13
    111      34      13
    111      47      13
    111      48      13
    111      49      13
    111      50      13
    111      63      13
    111      64      13
    111      65      13
    111      66      13
    111      79      13
    111      80      13
    111      81      13
    111      82      13
    111      95      13
    111      96      13
    111      97      13
    111      98      13
    111     111      13
    111     112      13
    111     113      13
    111     114      13
    112      15      13
    112      16      13
    112      17      13
    112      18      13
    112      31      13
    112      32      13
    112      33      13
    112      34      13
    112      47      13
    112      48      13
    112      49      13
    112      50      13
    112      63      13
    112      64      13
    112      65      13
    112      66      13
    112      79      13
    112      80      13
    112      81      13
    112      82      13
    112      95      13
    112      96      13
    112      97      13
    112      98      13
    112     111      13
    112     112      13
    112     113      13
    112     114      13
    113      15      13
    113      16      13
    113      17      13
    113      18      13
    113      31      13
    113      32      13
    113      33      13
    113      34      13
    113      47      13
    113      48      13
    113      49      13
    113      50      13
    113      63      13
    113      64      13
    113      65      13
    113      66      13
    113      79      13
    113      80      13
    113      81      13
    113      82      13
    113      95      13
    113      96      13
    113      97      13
    113      98      13
    113     111      13
    113     112      13
    113     113      13
    113     114      13
    114      15      13
    114      16      13
    114      17      13
    114      18      13
    114      31      13
    114      32      13
    114      33      13
    114      34      13
    114      47      13
    114      48      13
    114      49      13
    114      50      13
    114      63      13
    114      64      13
    114      65      13
    114      66      13
    114      79      13
    114      80      13
    114      81      13
    114      82      13
    114      95      13
    114      96      13
    114      97      13
    114      98      13
    114     111      13
    114     112      13
    114     113      13
    114     114      13
     15      15      14
     15      16      14
     15      17      14
     15      18      14
     15      31      14
     15      32      14
     15      33      14
     15      34      14
     15      47      14
     15      48      14
     15      49      14
     15      50      14
     15      63      14
     15      64      14
     15      65      14
     15      66      14
     15      79      14
     15      80      14
     15      81      14
     15      82      14
     15      95      14
     15      96      14
     15      97      14
     15      98      14
     15     111      14
     15     112      14
     15     113      14
     15     114      14
     16      15      14
     16      16      14
     16      17      14
     16      18      14
     16      31      14
     16      32      14
     16      33      14
     16      34      14
     16      47      14
     16      48      14
     16      49      14
     16      50      14
     16      63      14
     16      64      14
     16      65      14
     16      66      14
     16      79      14
     16      80      14
     16      81      14
     16      82      14
     16      95      14
     16      96      14
     16      97      14
     16      98      14
     16     111      14
     16     112      14
     16     113      14
     16     114      14
     17      15      14
     17      16      14
     17      17      14
     17      18      14
     17      31      14
     17      32      14
     17      33      14
     17      34      14
     17      47      14
     17      48      14
     17      49      14
     17      50      14
     17      63      14
     17      64      14
     17      65      14
     17      66      14
     17      79      14
     17      80      14
     17      81      14
     17      82      14
     17      95      14
     17      96      14
     17      97      14
     17      98      14
     17     111      14
     17     112      14
     17     113      14
     17     114      14
     18      15      14
     18      16      14
     18      17      14
     18      18      14
     18      31      14
     18      32      14
     18      33      14
     18      34      14
     18      47      14
     18      48      14
     18      49      14
     18      50      14
     18      63      14
     18      64      14
     18      65      14
     18      66      14
     18      79      14
     18      80      14
     18      81      14
     18      82      14
     18      95      14
     18      96      14
     18      97      14
     18      98      14
     18     111      14
     18     112      14
     18     113      14
     18     114      14
     31      15      14
     31      16      14
     31      17      14
     31      18      14
     31      31      14
     31      32      14
     31      33      14
     31      34      14
     31      47      14
     31      48      14
     31      49      14
     31      50      14
     31      63      14
     31      64      14
     31      65      14
     31      66      14
     31      79      14
     31      80      14
     31      81      14
     31      82      14
     31      95      14
     31      96      14
     31      97      14
     31      98      14
     31     111      14
     31     112      14
     31     113      14
     31     114      14
     32      15      14
     32      16      14
     32      17      14
     32      18      14
     32      31      14
     32      32      14
     32      33      14
     32      34      14
     32      47      14
     32      48      14
     32      49      14
     32      50      14
     32      63      14
     32      64      14
     32      65      14
     32      66      14
     32      79      14
     32      80      14
     32      81      14
     32      82      14
     32      95      14
     32      96      14
     32      97      14
     32      98      14
     32     111      14
     32     112      14
     32     113      14
     32     114      14
     33      15      14
     33      16      14
     33      17      14
     33      18      14
     33      31      14
     33      32      14
     33      33      14
     33      34      14
     33      47      14
     33      48      14
     33      49      14
     33      50      14
     33      63      14
     33      64      14
     33      65      14
     33      66      14
     33      79      14
     33      80      14
     33      81      14
     33      82      14
     33      95      14
     33      96      14
     33      97      14
     33      98      14
     33     111      14
     33     112      14
     33     113      14
     33     114      14
     34      15      14
     34      16      14
     34      17      14
     34      18      14
     34      31      14
     34      32      14
     34      33      14
     34      34      14
     34      47      14
     34      48      14
     34      49      14
     34      50      14
     34      63      14
     34      64      14
     34      65      14
     34      66      14
     34      79      14
     34      80      14
     34      81      14
     34      82      14
     34      95      14
     34      96      14
     34      97      14
     34      98      14
     34     111      14
     34     112      14
     34     113      14
     34     114      14
     47      15      14
     47      16      14
     47      17      14
     47      18      14
     47      31      14
     47      32      14
     47      33      14
     47      34      14
     47      47      14
     47      48      14
     47      49      14
     47      50      14
     47      63      14
     47      64      14
     47      65      14
     47      66      14
     47      79      14
     47      80      14
     47      81      14
     47      82      14
     47      95      14
     47      96      14
     47      97      14
     47      98      14
     47     111      14
     47     112      14
     47     113      14
     47     114      14
     48      15      14
     48      16      14
     48      17      14
     48      18      14
     48      31      14
     48      32      14
     48      33      14
     48      34      14
     48      47      14
     48      48      14
     48      49      14
     48      50      14
     48      63      14
     48      64      14
     48      65      14
     48      66      14
     48      79      14
     48      80      14
     48      81      14
     48      82      14
     48      95      14
     48      96      14
     48      97      14
     48      98      14
     48     111      14
     48     112      14
     48     113      14
     48     114      14
     49      15      14
     49      16      14
     49      17      14
     49      18      14
     49      31      14
     49      32      14
     49      33      14
     49      34      14
     49      47      14
     49      48      14
     49      49      14
     49      50      14
     49      63      14
     49      64      14
     49      65      14
     49      66      14
     49      79      14
     49      80      14
     49      81      14
     49      82      14
     49      95      14
     49      96      14
     49      97      14
     49      98      14
     49     111      14
     49     112      14
     49     113      14
     49     114      14
     50      15      14
     50      16      14
     50      17      14
     50      18      14
     50      31      14
     50      32      14
     50      33      14
     50      34      14
     50      47      14
     50      48      14
     50      49      14
     50      50      14
     50      63      14
     50      64      14
     50      65      14
     50      66      14
     50      79      14
     50      80      14
     50      81      14
     50      82      14
     50      95      14
     50      96      14
     50      97      14
     50      98      14
     50     111      14
     50     112      14
     50     113      14
     50     114      14
     63      15      14
     63      16      14
     63      17      14
     63      18      14
     63      31      14
     63      32      14
     63      33      14
     63      34      14
     63      47      14
     63      48      14
     63      49      14
     63      50      14
     63      63      14
     63      64      14
     63      65      14
     63      66      14
     63      79      14
     63      80      14
     63      81      14
     63      82      14
     63      95      14
     63      96      14
     63      97      14
     63      98      14
     63     111      14
     63     112      14
     63     113      14
     63     114      14
     64      15      14
     64      16      14
     64      17      14
     64      18      14
     64      31      14
     64      32      14
     64      33      14
     64      34      14
     64      47      14
     64      48      14
     64      49      14
     64      50      14
     64      63      14
     64      64      14
     64      65      14
     64      66      14
     64      79      14
     64      80      14
     64      81      14
     64      82      14
     64      95      14
     64      96      14
     64      97      14
     64      98      14
     64     111      14
     64     112      14
     64     113      14
     64     114      14
     65      15      14
     65      16      14
     65      17      14
     65      18      14
     65      31      14
     65      32      14
     65      33      14
     65      34      14
     65      47      14
     65      48      14
     65      49      14
     65      50      14
     65      63      14
     65      64      14
     65      65      14
     65      66      14
     65      79      14
     65      80      14
     65      81      14
     65      82      14
     65      95      14
     65      96      14
     65      97      14
     65      98      14
     65     111      14
     65     112      14
     65     113      14
     65     114      14
     66      15      14
     66      16      14
     66      17      14
     66      18      14
     66      31      14
     66      32      14
     66      33      14
     66      34      14
     66      47      14
     66      48      14
     66      49      14
     66      50      14
     66      63      14
     66      64      14
     66      65      14
     66      66      14
     66      79      14
     66      80      14
     66      81      14
     66      82      14
     66      95      14
     66      96      14
     66      97      14
     66      98      14
     66     111      14
     66     112      14
     66     113      14
     66     114      14
     79      15      14
     79      16      14
     79      17      14
     79      18      14
     79      31      14
     79      32      14
     79      33      14
     79      34      14
     79      47      14
     79      48      14
     79      49      14
     79      50      14
     79      63      14
     79      64      14
     79      65      14
     79      66      14
     79      79      14
     79      80      14
     79      81      14
     79      82      14
     79      95      14
     79      96      14
     79      97      14
     79      98      14
     79     111      14
     79     112      14
     79     113      14
     79     114      14
     80      15      14
     80      16      14
     80      17      14
     80      18      14
     80      31      14
     80      32      14
     80      33      14
     80      34      14
     80      47      14
     80      48      14
     80      49      14
     80      50      14
     80      63      14
     80      64      14
     80      65      14
     80      66      14
     80      79      14
     80      80      14
     80      81      14
     80      82      14
     80      95      14
     80      96      14
     80      97      14
     80      98      14
     80     111      14
     80     112      14
     80     113      14
     80     114      14
     81      15      14
     81      16      14
     81      17      14
     81      18      14
     81      31      14
     81      32      14
     81      33      14
     81      34      14
     81      47      14
     81      48      14
     81      49      14
     81      50      14
     81      63      14
     81      64      14
     81      65      14
     81      66      14
     81      79      14
     81      80      14
     81      81      14
     81      82      14
     81      95      14
     81      96      14
     81      97      14
     81      98      14
     81     111      14
     81     112      14
     81     113      14
     81     114      14
     82      15      14
     82      16      14
     82      17      14
     82      18      14
     82      31      14
     82      32      14
     82      33      14
     82      34      14
     82      47      14
     82      48      14
     82      49      14
     82      50      14
     82      63      14
     82      64      14
     82      65      14
     82      66      14
     82      79      14
     82      80      14
     82      81      14
     82      82      14
     82      95      14
     82      96      14
     82      97      14
     82      98      14
     82     111      14
     82     112      14
     82     113      14
     82     114      14
     95      15      14
     95      16      14
     95      17      14
     95      18      14
     95      31      14
     95      32      14
     95      33      14
     95      34      14
     95      47      14
     95      48      14
     95      49      14
     95      50      14
     95      63      14
     95      64      14
     95      65      14
     95      66      14
     95      79      14
     95      80      14
     95      81      14
     95      82      14
     95      95      14
     95      96      14
     95      97      14
     95      98      14
     95     111      14
     95     112      14
     95     113      14
     95     114      14
     96      15      14
     96      16      14
     96      17      14
     96      18      14
     96      31      14
     96      32      14
     96      33      14
     96      34      14
     96      47      14
     96      48      14
     96      49      14
     96      50      14
     96      63      14
     96      64      14
     96      65      14
     96      66      14
     96      79      14
     96      80      14
     96      81      14
     96      82      14
     96      95      14
     96      96      14
     96      97      14
     96      98      14
     96     111      14
     96     112      14
     96     113      14
     96     114      14
     97      15      14
     97      16      14
     97      17      14
     97      18      14
     97      31      14
     97      32      14
     97      33      14
     97      34      14
     97      47      14
     97      48      14
     97      49      14
     97      50      14
     97      63      14
     97      64      14
     97      65      14
     97      66      14
     97      79      14
     97      80      14
     97      81      14
     97      82      14
     97      95      14
     97      96      14
     97      97      14
     97      98      14
     97     111      14
     97     112      14
     97     113      14
     97     114      14
     98      15      14
     98      16      14
     98      17      14
     98      18      14
     98      31      14
     98      32      14
     98      33      14
     98      34      14
     98      47      14
     98      48      14
     98      49      14
     98      50      14
     98      63      14
     98      64      14
     98      65      14
     98      66      14
     98      79      14
     98      80      14
     98      81      14
     98      82      14
     98      95      14
     98      96      14
     98      97      14
     98      98      14
     98     111      14
     98     112      14
     98     113      14
     98     114      14
    111      15      14
    111      16      14
    111      17      14
    111      18      14
    111      31      14
    111      32      14
    111      33      14
    111      34      14
    111      47      14
    111      48      14
    111      49      14
    111      50      14
    111      63      14
    111      64      14
    111      65      14
    111      66      14
    111      79      14
    111      80      14
    111      81      14
    111      82      14
    111      95      14
    111      96      14
    111      97      14
    111      98      14
    111     111      14
    111     112      14
    111     113      14
    111     114      14
    112      15      14
    112      16      14
    112      17      14
    112      18      14
    112      31      14
    112      32      14
    112      33      14
    112      34      14
    112      47      14
    112      48      14
    112      49      14
    112      50      14
    112      63      14
    112      64      14
    112      65      14
    112      66      14
    112      79      14
    112      80      14
    112      81      14
    112      82      14
    112      95      14
    112      96      14
    112      97      14
    112      98      14
    112     111      14
    112     112      14
    112     113      14
    112     114      14
    113      15      14
    113      16      14
    113      17      14
    113      18      14
    113      31      14
    113      32      14
    113      33      14
    113      34      14
    113      47      14
    113      48      14
    113      49      14
    113      50      14
    113      63      14
    113      64      14
    113      65      14
    113      66      14
    113      79      14
    113      80      14
    113      81      14
    113      82      14
    113      95      14
    113      96      14
    113      97      14
    113      98      14
    113     111      14
    113     112      14
    113     113      14
    113     114      14
    114      15      14
    114      16      14
    114      17      14
    114      18      14
    114      31      14
    114      32      14
    114      33      14
    114      34      14
    114      47      14
    114      48      14
    114      49      14
    114      50      14
    114      63      14
    114      64      14
    114      65      14
    114      66      14
    114      79      14
    114      80      14
    114      81      14
    114      82      14
    114      95      14
    114      96      14
    114      97      14
    114      98      14
    114     111      14
    114     112      14
    114     113      14
    114     114      14
